# word	ipa	meaning	source
#
# Two sources, and the fourth column says which is which.
#
# source=freetalk: the FreeTalk Dictionary V1, Copyright 2024-present
#   FreeTalk.fun, CC BY-NC 4.0 — NON-COMMERCIAL. A product that makes
#   money needs a licence from them. See FREETALK_LICENSE beside this
#   file. https://github.com/freetalk-fun/freetalk-dictionary-v1
#   Changed: the first short, non-circular sense of each word was
#   taken, and nothing else was kept.
#
# source=shadowline: the contractions and possessives, written for this
#   project in tools/contractions.py and under its licence, because the
#   dictionary has no entry containing an apostrophe.
#
# Rebuild with tools/build_seed_glosses.py.
the	ðə	Denoting one or more people or things already mentioned or assumed to be common knowledge	freetalk
to	ˈtu	Expressing motion in the direction of a particular location	freetalk
and	ənd	Used to connect words or phrases in a sentence	freetalk
of	ˈʌv	Expressing the relationship between a part and a whole	freetalk
in	ɪn	Expressing the situation of something that is or appears to be enclosed or surrounded by something else	freetalk
is	ˈɪz	Third person singular present of be	freetalk
for	ˈfɔɹ	Used to indicate the recipient or beneficiary of an action	freetalk
that	ˈðæt	Used to introduce a clause or sentence expressing a statement or hypothesis	freetalk
you	ˈju	Used to refer to the person or people that the speaker is addressing	freetalk
it	ˈɪt	Used to refer to a thing previously mentioned or easily identified	freetalk
on	ˈɑn	Physically in contact with and supported by a surface	freetalk
with	ˈwɪð	Accompanied by	freetalk
this	ˈðɪs	Used to introduce a topic or subject	freetalk
was	ˈwɑz	past tense of 'be'	freetalk
be	ˈbi	exist	freetalk
as	ˈæz	In the same way or manner	freetalk
are	ˈɑɹ	Present tense of the verb 'be', used with plural subjects	freetalk
have	ˈhæv	Possess	freetalk
at	ˈæt	Expressing location or position in a particular place	freetalk
he	ˈhi	Used to refer to a male person or animal previously mentioned or easily identified	freetalk
not	ˈnɑt	Used to express negation or denial	freetalk
by	ˈbaɪ	Indicating the agent performing an action	freetalk
but	ˈbʌt	Used to introduce a phrase or clause contrasting with what has already been mentioned	freetalk
from	ˈfɹʌm	Used to indicate the point in time at which an action or event takes place	freetalk
my	ˈmaɪ	Belonging to or associated with the speaker	freetalk
or	ˈɔɹ	Used to present alternatives	freetalk
we	ˈwi	Used by a speaker to refer to himself or herself and one or more other people as the object of a verb or preposition	freetalk
your	ˈjɔɹ	Belonging to or associated with the person or people that the speaker is addressing	freetalk
all	ˈɔl	The whole quantity or extent of something	freetalk
so	ˈsoʊ	To such a great extent	freetalk
his	ˈhɪz	Belonging to or associated with a male person or animal	freetalk
they	ˈðeɪ	Used to refer to two or more people or things previously mentioned or easily identified	freetalk
me	ˈmi	Used to refer to oneself as the object of a verb or preposition	freetalk
if	ˈɪf	In the event that	freetalk
one	ˈwʌn	Being a single unit or individual	freetalk
can	ˈkæn	To be able to	freetalk
will	ˈwɪl	Expressing future tense or intention	freetalk
just	ˈdʒʌst	Based on or behaving according to what is morally right and fair	freetalk
like	ˈlaɪk	Having similar characteristics or qualities to something else	freetalk
about	əˈbaʊt	On the subject of; concerning	freetalk
up	ˈʌp	Toward a higher place or position	freetalk
out	ˈaʊt	Away from the inside or center	freetalk
what	ˈwʌt	Asking for information or specifying something	freetalk
has	ˈhæz	Possess (third person singular present)	freetalk
when	ˈwɛn	At what time	freetalk
more	ˈmɔɹ	Greater in amount, number, or degree	freetalk
do	ˈdu	Perform an action	freetalk
no	ˈnoʊ	Used to give a negative response or refusal	freetalk
were	ˈwɝ	Past tense of 'be'	freetalk
who	ˈhu	Used to ask about a person's identity or character	freetalk
had	ˈhæd	past tense of have	freetalk
it's	ˈɪts	Short for 'it is' or 'it has'	shadowline
their	ˈðɛɹ	Belonging to or associated with a group of people previously mentioned or easily identified	freetalk
there	ˈðɛɹ	In or at that place	freetalk
her	ˈhɝ	Belonging to or associated with a female person or animal	freetalk
which	ˈwɪtʃ	Used to introduce a nonrestrictive clause or phrase	freetalk
time	ˈtaɪm	The indefinite continued progress of existence and events in the past, present, and future	freetalk
get	ˈɡɛt	To receive or acquire	freetalk
been	ˈbɪn	past participle of 'be'	freetalk
would	ˈwʊd	Expressing a conditional or future action or state	freetalk
she	ˈʃi	Used to refer to a female person or animal previously mentioned or easily identified	freetalk
new	ˈnu	Not existing before; made, introduced, or discovered recently or now for the first time	freetalk
people	ˈpipəl	Human beings in general or considered collectively	freetalk
how	ˈhaʊ	In what way or manner	freetalk
don't	ˈdoʊnt	Short for 'do not'	shadowline
also	ˈɔlsoʊ	In addition; too	freetalk
them	ˈðɛm	Used to refer to two or more people or things previously mentioned or easily identified	freetalk
now	ˈnaʊ	At the present time	freetalk
other	ˈʌðɝ	Used to refer to someone or something different or distinct from the one already mentioned	freetalk
i'm	ˈaɪm	Short for 'I am'	shadowline
its	ˈɪts	Belonging to or associated with a thing previously mentioned or easily identified	freetalk
our	ˈaʊɝ	Belonging to us	freetalk
than	ˈðæn	Used to introduce the second element in a comparison	freetalk
good	ˈɡʊd	Morally excellent or virtuous	freetalk
only	ˈoʊnli	Alone in a category or class; sole	freetalk
after	ˈæftɝ	Following in time; later	freetalk
first	ˈfɝst	Coming before all others in time or order	freetalk
him	ˈhɪm	Used as the objective case of he	freetalk
into	ˈɪntu	Expressing movement or action with the result of being enclosed or surrounded by something	freetalk
know	ˈnoʊ	Be aware of the truth or fact of something	freetalk
see	ˈsi	Perceive with the eyes; discern visually	freetalk
two	ˈtu	Equivalent to the sum of one and one	freetalk
make	ˈmeɪk	To create or produce something	freetalk
over	ˈoʊvɝ	Above or higher than	freetalk
think	ˈθɪŋk	Have a particular opinion, belief, or idea about someone or something	freetalk
any	ˈɛni	One or some of a thing or things, no matter how much or many	freetalk
then	ˈðɛn	At that time	freetalk
could	ˈkʊd	Used to indicate past ability or permission	freetalk
back	ˈbæk	The rear surface of the human body from the shoulders to the hips	freetalk
these	ˈðiz	Used to indicate a specific person or thing close at hand or being indicated or experienced	freetalk
want	ˈwɑnt	Have a desire to possess or do something	freetalk
because	bɪˈkɔz	For the reason that	freetalk
go	ˈɡoʊ	Move from one place to another	freetalk
well	ˈwɛl	In good health or satisfactory condition	freetalk
said	ˈsɛd	To express in words	freetalk
way	ˈweɪ	A method, style, or manner of doing something	freetalk
most	ˈmoʊst	Greatest in amount, quantity, or degree	freetalk
much	ˈmʌtʃ	A large amount or quantity	freetalk
very	ˈvɛɹi	In a high degree; extremely	freetalk
where	ˈwɛɹ	In or at what place	freetalk
even	ˈivɪn	Equal in degree, extent, or amount	freetalk
should	ˈʃʊd	Used to indicate obligation or duty	freetalk
may	ˈmeɪ	Expressing possibility or permission	freetalk
here	ˈhiɹ	In or at this place	freetalk
need	ˈnid	Require something because it is essential or very important	freetalk
really	ˈɹɪli	In actual fact; truly	freetalk
did	ˈdɪd	performed an action	freetalk
right	ˈɹaɪt	Morally good or just	freetalk
work	ˈwɝk	Activity involving mental or physical effort done in order to achieve a purpose or result	freetalk
year	ˈjɪɹ	A period of 365 days or 12 months	freetalk
years	ˈjɪɹz	A period of 365 days or 12 months	freetalk
being	ˈbiɪŋ	Existence	freetalk
day	ˈdeɪ	The time between sunrise and sunset	freetalk
too	ˈtu	In addition	freetalk
going	ˈɡoʊɪŋ	Moving or traveling from one place to another	freetalk
before	bɪˈfɔɹ	In front of; ahead of in place or time	freetalk
off	ˈɔf	Away from a place or position	freetalk
why	ˈwaɪ	For what reason or purpose	freetalk
made	ˈmeɪd	past tense and past participle of make	freetalk
still	ˈstɪl	Not moving or making a sound	freetalk
take	ˈteɪk	To grasp or hold with the hands	freetalk
got	ˈɡɑt	To receive or acquire	freetalk
many	ˈmɛni	A large number of people or things	freetalk
never	ˈnɛvɝ	Not ever; at no time	freetalk
those	ˈðoʊz	Used to refer to people or things that are physically distant from the speaker and the listener	freetalk
life	ˈlaɪf	The condition that distinguishes animals and plants from inorganic matter, including the capacity for growth, reproduction, functional activity, and continual change preceding death	freetalk
say	ˈseɪ	To utter words	freetalk
world	ˈwɝld	The earth, together with all of its countries, peoples, and natural features	freetalk
down	ˈdaʊn	Toward or in a lower place or position	freetalk
great	ˈɡɹeɪt	Of an extent, amount, or intensity considerably above the normal or average	freetalk
through	ˈθɹu	Moving in one side and out of the other side of (an opening, channel, or location)	freetalk
you're	ˈjʊɹ	Short for 'you are'	shadowline
last	ˈlæst	Most recent in time	freetalk
that's	ˈðæts	Short for 'that is' or 'that has'	shadowline
while	ˈwaɪl	A period of time during which something takes place	freetalk
best	ˈbɛst	Surpassing all others in excellence, achievement, or quality	freetalk
such	ˈsʌtʃ	Of the type previously mentioned	freetalk
love	ˈlʌv	A strong feeling of affection and concern toward another person	freetalk
man	ˈmæn	An adult human male	freetalk
home	ˈhoʊm	The place where one lives permanently, especially as a member of a family or household	freetalk
long	ˈlɔŋ	Extending for a considerable distance	freetalk
look	ˈlʊk	To direct one's gaze in a specified direction	freetalk
something	ˈsʌmθɪŋ	A thing that is not known or specified	freetalk
use	ˈjus	To employ for some purpose	freetalk
can't	ˈkænt	Short for 'cannot'	shadowline
same	ˈseɪm	Identical in kind or quality	freetalk
used	ˈjuzd	Previously owned or utilized	freetalk
both	ˈboʊθ	The one as well as the other	freetalk
every	ˈɛvɝi	Used to refer to all the individual items in a group without exception	freetalk
am	ˈæm	First person singular present of 'be'	freetalk
come	ˈkʌm	Move or travel toward or into a place	freetalk
part	ˈpɑɹt	A piece or segment of something	freetalk
state	ˈsteɪt	A nation or territory considered as an organized political community under one government	freetalk
three	ˈθɹi	The cardinal number that is the sum of two and one	freetalk
around	ɝˈaʊnd	In a circular or surrounding route or direction	freetalk
between	bɪˈtwin	In or through the space separating two objects or regions	freetalk
always	ˈɔlˌweɪz	At all times; on all occasions	freetalk
better	ˈbɛtɝ	More desirable or suitable	freetalk
find	ˈfaɪnd	Discover or perceive by chance or unexpectedly	freetalk
help	ˈhɛlp	Make it easier or possible for (someone) to do something by offering one's services or resources	freetalk
high	ˈhaɪ	Extending far upward	freetalk
little	ˈlɪtəl	Small in size	freetalk
old	ˈoʊld	Having lived for a long time; no longer young	freetalk
since	ˈsɪns	In the time following a particular event or date	freetalk
another	əˈnʌðɝ	One more; an additional	freetalk
does	ˈdʌz	Performs or executes an action	freetalk
own	ˈoʊn	To acknowledge or admit something as true or valid	freetalk
things	ˈθɪŋz	Objects or articles	freetalk
under	ˈʌndɝ	Below or beneath something else	freetalk
during	ˈdʊɹɪŋ	Throughout the course of	freetalk
game	ˈɡeɪm	An activity engaged in for amusement or fun	freetalk
i've	ˈaɪv	Short for 'I have'	shadowline
thing	ˈθɪŋ	An object that one need not, cannot, or does not wish to give a specific name to	freetalk
give	ˈɡɪv	To freely transfer the possession of something to someone else	freetalk
house	ˈhaʊs	A building for human habitation	freetalk
place	ˈpleɪs	A particular position or point in space	freetalk
school	ˈskul	An institution for educating children	freetalk
again	əˈɡɛn	Once more; another time	freetalk
next	ˈnɛkst	Immediately following in order or importance	freetalk
each	ˈitʃ	Every one of two or more people or things considered separately	freetalk
without	wɪˈθaʊt	Not having or holding something	freetalk
against	əˈɡɛnst	In opposition to	freetalk
didn't	ˈdɪdənt	Short for 'did not'	shadowline
end	ˈɛnd	The final part of something	freetalk
found	ˈfaʊnd	establish or originate	freetalk
must	ˈmʌst	Be obliged to; have to	freetalk
show	ˈʃoʊ	Display or exhibit	freetalk
big	ˈbɪɡ	Of considerable size or extent	freetalk
feel	ˈfil	To perceive through touch or physical sensation	freetalk
sure	ˈʃʊɹ	Confident in what one thinks or knows	freetalk
team	ˈtim	A group of people working together to achieve a common goal	freetalk
ever	ˈɛvɝ	At any time	freetalk
family	ˈfæməli	A group consisting of parents and children living together in a household	freetalk
keep	ˈkip	To have or retain possession of	freetalk
might	ˈmaɪt	Used to indicate possibility or probability	freetalk
please	ˈpliz	Used to make a polite request or to express courtesy	freetalk
put	ˈpʊt	To place in a particular position	freetalk
money	ˈmʌni	A medium of exchange in the form of coins and banknotes	freetalk
free	ˈfɹi	Not under the control or in the power of another; able to act or be done as one wishes	freetalk
second	ˈsɛkənd	A unit of time equal to 1/60th of a minute	freetalk
someone	ˈsʌmˌwʌn	An unspecified person	freetalk
away	əˈweɪ	At a distance from a particular place or person	freetalk
left	ˈlɛft	Remaining after the departure, removal, or destruction of others	freetalk
number	ˈnʌmbɝ	A mathematical value or figure	freetalk
city	ˈsɪti	A large town	freetalk
days	ˈdeɪz	A period of 24 hours, especially as a unit of time	freetalk
lot	ˈlɑt	A large extent, amount, or number	freetalk
name	ˈneɪm	A word or set of words by which a person, animal, place, or thing is known, addressed, or referred to	freetalk
night	ˈnaɪt	The period of darkness in each twenty-four hours; the time from sunset to sunrise	freetalk
play	ˈpleɪ	Engage in activity for enjoyment and recreation	freetalk
until	ənˈtɪl	Up to the point in time that	freetalk
company	ˈkʌmpəˌni	A commercial business	freetalk
doing	ˈduɪŋ	The act of performing or executing a task or action	freetalk
few	ˈfju	A small number of something	freetalk
he's	ˈhiz	Short for 'he is' or 'he has'	shadowline
let	ˈlɛt	To allow or permit	freetalk
real	ˈɹil	Actually existing or occurring	freetalk
called	ˈkɔld	To give a name to	freetalk
different	ˈdɪfɝənt	Not the same as something else	freetalk
having	ˈhævɪŋ	Possessing something	freetalk
set	ˈsɛt	To put or place in a particular position or arrangement	freetalk
thought	ˈθɔt	The act or process of thinking	freetalk
done	ˈdʌn	Finished or completed	freetalk
however	ˌhaʊˈɛvɝ	Nevertheless; yet	freetalk
getting	ˈɡɛtɪŋ	To come into possession of; acquire	freetalk
god	ˈɡɑd	A being believed to have power over nature and human fortunes	freetalk
government	ˈɡʌvɝmənt	The group of people with the authority to govern a country or state	freetalk
group	ˈɡɹup	A number of people or things that are located close together or are considered or classed together	freetalk
looking	ˈlʊkɪŋ	The act of directing one's gaze in a particular direction	freetalk
public	ˈpʌblɪk	Of, relating to, or affecting all or most of the people in a community	freetalk
top	ˈtɑp	The highest or uppermost part of something	freetalk
women	ˈwɪmən	An adult human female	freetalk
business	ˈbɪznəs	A person's regular occupation, profession, or trade	freetalk
care	ˈkɛɹ	The provision of what is necessary for the health, welfare, maintenance, and protection of someone or something	freetalk
start	ˈstɑɹt	To begin or set out on a journey or course	freetalk
system	ˈsɪstəm	A set of connected things or parts forming a complex whole	freetalk
times	ˈtaɪmz	Multiply	freetalk
week	ˈwik	A period of seven days	freetalk
already	ɔlˈɹɛdi	By this or that time; previously	freetalk
anything	ˈɛniˌθɪŋ	A thing of any kind	freetalk
case	ˈkeɪs	An instance of a particular situation or scenario	freetalk
nothing	ˈnʌθɪŋ	Not anything; no single thing	freetalk
person	ˈpɝsən	A human being regarded as an individual	freetalk
today	təˈdeɪ	On or in the course of this present day	freetalk
change	ˈtʃeɪndʒ	To make or become different	freetalk
enough	ɪˈnʌf	Sufficient to meet a need or satisfy a desire	freetalk
everything	ˈɛvɹiˌθɪŋ	All things; all possible things	freetalk
full	ˈfʊl	Containing or holding as much or as many as possible; having no empty space	freetalk
live	ˈlaɪv	To be alive; exist	freetalk
making	ˈmeɪkɪŋ	The act of creating or producing something	freetalk
point	ˈpɔɪnt	A sharp or tapered end	freetalk
read	ˈɹɛd	To look at and comprehend the meaning of written or printed matter by interpreting the characters or symbols of which it is composed	freetalk
there's	ˈðɛɹz	Short for 'there is' or 'there has'	shadowline
told	ˈtoʊld	Past tense of tell	freetalk
yet	ˈjɛt	Up to the present time; until now	freetalk
bad	ˈbæd	Not good in any manner or degree	freetalk
doesn't	ˈdʌzənt	Short for 'does not'	shadowline
four	ˈfɔɹ	The number equivalent to the sum of two and two	freetalk
hard	ˈhɑɹd	Not easily penetrated or cut	freetalk
mean	ˈmin	Intend to convey or refer to (something)	freetalk
once	ˈwʌns	At one time in the past	freetalk
support	səˈpɔɹt	To bear or hold up	freetalk
tell	ˈtɛl	To communicate information or facts to someone	freetalk
including	ˌɪnˈkludɪŋ	Used to introduce examples or additional information	freetalk
music	ˈmjuzɪk	Vocal or instrumental sounds combined in such a way as to produce beauty of form, harmony, and expression of emotion	freetalk
power	ˈpaʊɝ	The ability to do something or act in a particular way	freetalk
seen	ˈsin	Perceived with the eyes	freetalk
states	ˈsteɪts	A nation or territory considered as an organized political community under one government	freetalk
stop	ˈstɑp	To cease moving or proceeding	freetalk
water	ˈwɔtɝ	A colorless, transparent, odorless liquid that forms the seas, lakes, rivers, and rain and is the basis of the fluids of living organisms	freetalk
based	ˈbeɪst	Established as a foundation or starting point	freetalk
believe	bɪˈliv	Accept that (something) is true or exists	freetalk
call	ˈkɔl	To cry out in a loud voice; shout	freetalk
head	ˈhɛd	The upper part of the human body, containing the brain and the eyes, ears, nose, mouth, and jaws	freetalk
men	ˈmɛn	Plural of man	freetalk
national	ˈnæʃənəl	Of or relating to a nation	freetalk
small	ˈsmɔl	Of limited size or extent	freetalk
took	ˈtʊk	past tense of take	freetalk
white	ˈwaɪt	Reflecting nearly all the rays of sunlight or a similar light	freetalk
came	ˈkeɪm	past tense of come	freetalk
far	ˈfɑɹ	At or to a great distance	freetalk
job	ˈdʒɑb	A paid position of regular employment	freetalk
side	ˈsaɪd	A position or direction in which someone or something faces or moves	freetalk
though	ˈðoʊ	However; nevertheless	freetalk
try	ˈtɹaɪ	To attempt or make an effort	freetalk
went	ˈwɛnt	past tense of go	freetalk
yes	ˈjɛs	Used to give an affirmative response or agreement	freetalk
actually	ˈækˌtʃuəli	In reality; in fact	freetalk
later	ˈleɪtɝ	At some time in the future	freetalk
less	ˈlɛs	A smaller amount of something	freetalk
line	ˈlaɪn	A long, narrow mark or band	freetalk
order	ˈɔɹdɝ	A state in which everything is in its correct place or arrangement	freetalk
party	ˈpɑɹti	A social gathering of invited guests	freetalk
run	ˈɹʌn	Move at a speed faster than a walk	freetalk
says	ˈsɛz	To utter words with the mouth	freetalk
service	ˈsɝvəs	The action of helping or doing work for someone	freetalk
country	ˈkʌntɹi	A nation with its own government, occupying a particular territory	freetalk
open	ˈoʊpən	Allowing access, passage, or a view through an empty space or passage	freetalk
season	ˈsizən	A period of the year characterized by particular conditions of weather, temperature, etc	freetalk
shit	ˈʃɪt	Excrement	freetalk
thank	ˈθæŋk	Express gratitude or appreciation for something received or done	freetalk
children	ˈtʃɪldɹən	Plural of child	freetalk
everyone	ˈɛvɹiˌwʌn	Every person	freetalk
general	ˈdʒɛnɝəl	A commander of an army or military unit	freetalk
they're	ˈðɛɹ	Short for 'they are'	shadowline
trying	ˈtɹaɪɪŋ	Making an effort to do something	freetalk
united	juˈnaɪtɪd	Joined together as a single entity	freetalk
using	ˈjuzɪŋ	Employing something for a specific purpose	freetalk
area	ˈɛɹiə	A region or part of a town, a country, or the world	freetalk
black	ˈblæk	Of the darkest color due to the absence of or complete absorption of light	freetalk
following	ˈfɑloʊɪŋ	Coming after or as a result of	freetalk
law	ˈlɔ	A statement of fact, deduced from observation, to the effect that a particular natural or scientific phenomenon always occurs if certain conditions are present	freetalk
makes	ˈmeɪks	To cause to exist or happen; bring about	freetalk
together	təˈɡɛðɝ	In or into one gathering, group, mass, or place	freetalk
war	ˈwɔɹ	A state of armed conflict between different nations or states	freetalk
whole	ˈhoʊl	Entire; complete	freetalk
car	ˈkɑɹ	A vehicle with four wheels that is used for transportation	freetalk
face	ˈfeɪs	The front part of a person's head where the eyes, nose, and mouth are located	freetalk
five	ˈfaɪv	The number equivalent to the sum of two and three	freetalk
kind	ˈkaɪnd	Having a friendly or generous nature	freetalk
maybe	ˈmeɪbi	Perhaps; possibly	freetalk
per	ˈpɝ	For each	freetalk
president	ˈpɹɛzəˌdɛnt	The elected head of a republican state	freetalk
story	ˈstɔɹi	An account of imaginary or real people and events told for entertainment	freetalk
working	ˈwɝkɪŋ	Engaged in labor or employment	freetalk
course	ˈkɔɹs	A direction or route taken or to be taken	freetalk
games	ˈɡeɪmz	An activity engaged in for amusement or recreation	freetalk
health	ˈhɛlθ	The state of being free from illness or injury	freetalk
hope	ˈhoʊp	A feeling of expectation and desire for a certain thing to happen	freetalk
important	ˌɪmˈpɔɹtənt	Of great significance or value	freetalk
least	ˈlist	Smallest in size, amount, or degree	freetalk
means	ˈminz	A method or way of doing something	freetalk
news	ˈnuz	Information not previously known to someone	freetalk
within	wɪˈðɪn	Inside a particular area or space	freetalk
able	ˈeɪbəl	Having the power, skill, means, or opportunity to do something	freetalk
book	ˈbʊk	A written or printed work consisting of pages glued or sewn together along one side and bound in covers	freetalk
early	ˈɝli	Near the beginning of a period of time	freetalk
friends	ˈfɹɛndz	A person whom one knows and with whom one has a bond of mutual affection	freetalk
i'll	ˈaɪl	Short for 'I will'	shadowline
information	ˌɪnfɝˈmeɪʃən	Facts provided or learned about something or someone	freetalk
local	ˈloʊkəl	relating or restricted to a particular area or neighborhood	freetalk
oh	ˈoʊ	Used to express a range of emotions including surprise, disappointment, or realization	freetalk
post	ˈpoʊst	A long, sturdy piece of timber or metal set upright in the ground and used as a support or marker	freetalk
thanks	ˈθæŋks	A feeling of gratitude or appreciation	freetalk
video	ˈvɪdioʊ	The recording, reproducing, or broadcasting of moving visual images	freetalk
young	ˈjʌŋ	Having lived or existed for only a short time	freetalk
ago	əˈɡoʊ	In the past	freetalk
others	ˈʌðɝz	Those distinct from oneself	freetalk
social	ˈsoʊʃəl	Relating to society or its organization	freetalk
talk	ˈtɔk	Speak in order to give information or express ideas or feelings	freetalk
court	ˈkɔɹt	A place where legal matters are heard and decided	freetalk
fact	ˈfækt	A thing that is known or proved to be true	freetalk
given	ˈɡɪvən	Past participle of give	freetalk
guys	ˈɡaɪz	A group of people, especially males	freetalk
half	ˈhæf	One of two equal parts of something	freetalk
hand	ˈhænd	The terminal part of the human arm located below the forearm, used for grasping and holding	freetalk
isn't	ˈɪzənt	Short for 'is not'	shadowline
level	ˈlɛvəl	Having a flat and even surface	freetalk
mind	ˈmaɪnd	The element of a person that enables them to be aware of the world and their experiences	freetalk
often	ˈɔfən	Frequently; many times	freetalk
single	ˈsɪŋɡəl	Only one in number; not one of several	freetalk
become	bɪˈkʌm	Begin to be	freetalk
body	ˈbɑdi	The physical structure of a person or animal	freetalk
coming	ˈkʌmɪŋ	Approaching in time or space	freetalk
control	kənˈtɹoʊl	To have power over something or someone	freetalk
death	ˈdɛθ	The end of life; the permanent cessation of all vital functions	freetalk
food	ˈfud	Any nutritious substance that people or animals eat or drink to maintain life and growth	freetalk
guy	ˈɡaɪ	A man	freetalk
hours	ˈaʊɝz	A period of time equal to a twenty-fourth part of a day and night and divided into 60 minutes	freetalk
office	ˈɔfɪs	A room or building where people work at desks	freetalk
pay	ˈpeɪ	Give money to (someone) in return for goods or services	freetalk
problem	ˈpɹɑbləm	A matter or situation regarded as unwelcome or harmful and needing to be dealt with and overcome	freetalk
south	ˈsaʊθ	The direction opposite to that of the north	freetalk
true	ˈtɹu	In accordance with fact or reality	freetalk
we're	ˈwiɹ	Short for 'we are'	shadowline
almost	ˈɔlˌmoʊst	Very nearly; all but	freetalk
fuck	ˈfʌk	To have sexual intercourse with someone	freetalk
history	ˈhɪstɝi	The study of past events	freetalk
known	ˈnoʊn	Past participle of know	freetalk
large	ˈlɑɹdʒ	Of considerable or relatively great size	freetalk
lost	ˈlɔst	Unable to find one's way; not knowing one's whereabouts	freetalk
research	ɹiˈsɝtʃ	The systematic investigation into and study of materials and sources in order to establish facts and reach new conclusions	freetalk
room	ˈɹum	A space that can be occupied or where something can be done	freetalk
several	ˈsɛvɹəl	More than two but not many	freetalk
started	ˈstɑɹtɪd	To begin or commence an action or process	freetalk
taking	ˈteɪkɪŋ	The act of receiving or acquiring something	freetalk
university	ˌjunəˈvɝsəti	An institution of higher education offering degrees in various subjects	freetalk
win	ˈwɪn	To achieve victory in a competition or contest	freetalk
wrong	ˈɹɔŋ	Not correct or accurate	freetalk
along	əˈlɔŋ	In a line or direction parallel to	freetalk
anyone	ˈɛniˌwʌn	Any person at all	freetalk
else	ˈɛls	In addition; besides	freetalk
girl	ˈɡɝl	A female child	freetalk
john	ˈdʒɑn	A toilet	freetalk
matter	ˈmætɝ	Physical substance in general, as distinct from mind and spirit	freetalk
pretty	ˈpɹɪti	Attractive in a delicate way without being truly beautiful or handsome	freetalk
remember	ɹɪˈmɛmbɝ	Have in or be able to bring to one's mind an awareness of (someone or something from the past)	freetalk
air	ˈɛɹ	The invisible gaseous substance surrounding the earth, a mixture mainly of oxygen and nitrogen	freetalk
bit	ˈbɪt	A small piece or quantity of something	freetalk
friend	ˈfɹɛnd	A person whom one knows and with whom one has a bond of mutual affection	freetalk
hit	ˈhɪt	To strike or come into contact with forcefully	freetalk
needs	ˈnidz	Require something because it is essential or very important	freetalk
nice	ˈnaɪs	Pleasant; agreeable	freetalk
playing	ˈpleɪɪŋ	Engaging in recreational activities for enjoyment or amusement	freetalk
probably	ˈpɹɑbəˌbli	In all likelihood; very likely	freetalk
saying	ˈseɪɪŋ	A short, pithy expression that conveys a general truth or piece of advice	freetalk
understand	ˌʌndɝˈstænd	Perceive the meaning of something	freetalk
yeah	ˈjæ	Yes	freetalk
york	ˈjɔɹk	A type of pig	freetalk
class	ˈklæs	A group of students meeting regularly to study a subject	freetalk
close	ˈkloʊs	To shut something	freetalk
comes	ˈkʌmz	To move toward or arrive at a particular place	freetalk
i'd	ˈaɪd	Short for 'I would' or 'I had'	shadowline
idea	aɪˈdiə	A thought or suggestion	freetalk
international	ˌɪntɝˈnæʃənəl	Of, relating to, or involving two or more nations	freetalk
looks	ˈlʊks	The act of directing one's gaze in a particular direction	freetalk
past	ˈpæst	Gone by in time; earlier than the present	freetalk
possible	ˈpɑsəbəl	Able to be done, achieved, or happening	freetalk
wanted	ˈwɔntɪd	Desired or wished for	freetalk
cause	ˈkɑz	A person or thing that gives rise to an action, phenomenon, or condition	freetalk
due	ˈdu	Expected at a certain time or on a certain date	freetalk
happy	ˈhæpi	Feeling or showing pleasure or contentment	freetalk
human	ˈhjumən	A person, especially as distinguished from other animals	freetalk
members	ˈmɛmbɝz	A person belonging to a group or organization	freetalk
months	ˈmʌnθs	A period of time approximately equal to the period of the moon's revolution and amounting to about 30 days or 4 weeks	freetalk
move	ˈmuv	To go from one place to another	freetalk
question	ˈkwɛstʃən	A sentence worded or expressed so as to elicit information	freetalk
series	ˈsɪɹiz	A number of things or events arranged in order and connected by being alike in some way	freetalk
wait	ˈweɪt	Stay where one is or delay action until a particular time or event	freetalk
woman	ˈwʊmən	An adult human female	freetalk
ask	ˈæsk	To inquire about something by posing a question	freetalk
community	kəˈmjunəti	A group of people living in the same place or having a particular characteristic in common	freetalk
data	ˈdeɪtə	Facts and statistics collected together for reference or analysis	freetalk
late	ˈleɪt	After the expected, usual, or proper time	freetalk
leave	ˈliv	To go away from	freetalk
north	ˈnɔɹθ	The direction in which a compass needle normally points, toward the horizon on the left side of a person facing east	freetalk
saw	ˈsɔ	A tool with a toothed blade used for cutting wood or other materials	freetalk
special	ˈspɛʃəl	Better, greater, or otherwise different from what is usual	freetalk
watch	ˈwɑtʃ	To look at or observe attentively	freetalk
won't	ˈwoʊnt	Short for 'will not'	shadowline
either	ˈiðɝ	One or the other of two options	freetalk
fucking	ˈfʌkɪŋ	Used for emphasis or to express anger, annoyance, contempt, or surprise	freetalk
future	ˈfjutʃɝ	The time or period of time that is to come	freetalk
light	ˈlaɪt	The natural agent that stimulates sight and makes things visible	freetalk
low	ˈloʊ	situated not far above the ground	freetalk
million	ˈmɪljən	A cardinal number equal to 1,000,000	freetalk
morning	ˈmɔɹnɪŋ	The early part of the day from sunrise to noon	freetalk
police	pəˈlis	The civil force of a state, responsible for maintaining public order and enforcing the law	freetalk
short	ˈʃɔɹt	Not long in distance or time	freetalk
stay	ˈsteɪ	Remain in the same place	freetalk
taken	ˈteɪkən	Past participle of take	freetalk
age	ˈeɪdʒ	The length of time that a person has lived or a thing has existed	freetalk
buy	ˈbaɪ	Obtain in exchange for payment	freetalk
deal	ˈdil	An agreement or arrangement	freetalk
rather	ˈɹæðɝ	More willingly or preferably	freetalk
reason	ˈɹizən	The power of the mind to think, understand, and form judgments logically	freetalk
red	ˈɹɛd	Of a color at the end of the spectrum next to orange and opposite violet, as of blood, fire, or rubies	freetalk
report	ɹiˈpɔɹt	Give a spoken or written account of something observed, heard, done, or investigated	freetalk
soon	ˈsun	In the near future	freetalk
third	ˈθɝd	One of three equal parts of a whole	freetalk
turn	ˈtɝn	To move or rotate around a central point	freetalk
whether	ˈwɛðɝ	Expressing a doubt or choice between alternatives	freetalk
among	əˈmʌŋ	In the midst of	freetalk
check	ˈtʃɛk	To stop or slow down the progress of something	freetalk
development	dɪˈvɛləpmənt	The process of growth or advancement	freetalk
form	ˈfɔɹm	The visible shape or configuration of something	freetalk
further	ˈfɝðɝ	To a greater extent or degree	freetalk
heart	ˈhɑɹt	The organ in the chest that pumps blood through the body	freetalk
minutes	ˈmɪnəts	A unit of time equal to 60 seconds	freetalk
myself	ˌmaɪˈsɛlf	Used as the object of a verb or preposition to refer to the speaker as the object of an action or preposition	freetalk
services	ˈsɝvəsəz	The action of helping or doing work for someone	freetalk
yourself	jɝˈsɛlf	Used to refer to the person being addressed as the object of a verb or preposition	freetalk
act	ˈækt	A single performance of a play or show	freetalk
although	ˌɔlˈðoʊ	In spite of the fact that; even though	freetalk
asked	ˈæskt	To inquire about something by speaking or writing	freetalk
child	ˈtʃaɪld	A young human being below the age of puberty or below the legal age of majority	freetalk
fire	ˈfaɪɝ	Combustion or burning as a process producing heat and light	freetalk
fun	ˈfʌn	Enjoyment, amusement, or lighthearted pleasure	freetalk
living	ˈlɪvɪŋ	Alive	freetalk
major	ˈmeɪdʒɝ	Greater in size, extent, or importance than others	freetalk
media	ˈmidiə	The main means of mass communication, such as television, radio, newspapers, and the internet	freetalk
phone	ˈfoʊn	A device used for transmitting sound over long distances	freetalk
players	ˈpleɪɝz	A person who takes part in a game or sport	freetalk
art	ˈɑɹt	A skill at doing a specified thing, typically one acquired through practice	freetalk
behind	bɪˈhaɪnd	In or to the rear of; at the back of	freetalk
building	ˈbɪldɪŋ	A structure with a roof and walls, such as a house or factory	freetalk
easy	ˈizi	Not hard or difficult; requiring little effort	freetalk
gonna	ˈɡɑnə	Going to	freetalk
market	ˈmɑɹkət	A place where goods are bought and sold	freetalk
near	ˈnɪɹ	Close in distance	freetalk
non	ˈnɑn	Not	freetalk
plan	ˈplæn	A detailed proposal for doing or achieving something	freetalk
political	pəˈlɪtəkəl	Relating to the government or public affairs	freetalk
quite	ˈkwaɪt	Completely or entirely	freetalk
six	ˈsɪks	The number 6	freetalk
talking	ˈtɔkɪŋ	The act of communicating by speaking	freetalk
west	ˈwɛst	The direction towards which the sun sets, opposite of east	freetalk
works	ˈwɝks	The result of labor or effort	freetalk
according	əˈkɔɹdɪŋ	As stated or indicated by someone	freetalk
available	əˈveɪləbəl	Present and ready for use	freetalk
education	ˌɛdʒəˈkeɪʃən	The process of receiving or giving systematic instruction	freetalk
final	ˈfaɪnəl	Coming at the end of a series	freetalk
former	ˈfɔɹmɝ	Having previously held a particular position or status	freetalk
front	ˈfɹʌnt	The side or part of an object that faces forward or is most often seen	freetalk
kids	ˈkɪdz	Young goats	freetalk
list	ˈlɪst	A series of names or items written or printed together in a meaningful grouping	freetalk
ready	ˈɹɛdi	Prepared for use or action	freetalk
sometimes	səmˈtaɪmz	Occasionally	freetalk
son	ˈsʌn	A male child or offspring	freetalk
street	ˈstɹit	A public road in a city or town, typically with buildings on either side	freetalk
wasn't	ˈwɑzənt	Short for 'was not'	shadowline
bring	ˈbɹɪŋ	To carry or convey something to a place	freetalk
college	ˈkɑlɪdʒ	An institution of higher education offering courses at the undergraduate level	freetalk
current	ˈkɝənt	Belonging to the present time; happening or being used or done now	freetalk
example	ɪɡˈzæmpəl	A thing characteristic of its kind or illustrating a general rule	freetalk
experience	ɪkˈspɪɹiəns	Practical contact with and observation of facts or events	freetalk
heard	ˈhɝd	past tense of hear	freetalk
meet	ˈmit	Come into the presence or company of someone by chance or arrangement	freetalk
program	ˈpɹoʊˌɡɹæm	A planned series of future events or performances	freetalk
type	ˈtaɪp	A category of people or things having common characteristics	freetalk
baby	ˈbeɪbi	A very young child	freetalk
chance	ˈtʃæns	The possibility of something happening	freetalk
father	ˈfɑðɝ	A male parent	freetalk
march	ˈmɑɹtʃ	Walk with regular and measured tread, especially in a military context	freetalk
process	ˈpɹɑˌsɛs	A series of actions or steps taken in order to achieve a particular end	freetalk
she's	ˈʃiz	Short for 'she is' or 'she has'	shadowline
song	ˈsɔŋ	A short poem or other set of words set to music or meant to be sung	freetalk
study	ˈstʌdi	The act of learning or gaining knowledge through reading, research, or practice	freetalk
word	ˈwɝd	A single distinct meaningful element of speech or writing	freetalk
across	əˈkɹɔs	From one side to the other side of something	freetalk
action	ˈækʃən	The process of doing something, typically to achieve a goal	freetalk
clear	ˈklɪɹ	Easy to perceive, understand, or interpret	freetalk
gave	ˈɡeɪv	To present voluntarily and without expecting compensation	freetalk
gets	ˈɡɛts	To receive or acquire	freetalk
himself	hɪmˈsɛlf	Used to refer to a man, boy, or male animal previously mentioned or easily identified	freetalk
month	ˈmʌnθ	A period of time approximately equal to the period of the moon's revolution and amounting to about 30 days or 4 weeks	freetalk
outside	ˈaʊtˈsaɪd	The outer side, surface, or part; exterior	freetalk
self	ˈsɛlf	A person's essential being that distinguishes them from others	freetalk
students	ˈstudənts	A person who is studying at a school or college	freetalk
words	ˈwɝdz	Something that someone says or writes; a remark or piece of information	freetalk
board	ˈbɔɹd	A long, thin, flat piece of wood or other hard material used for floors or other building purposes	freetalk
cost	ˈkɑst	The amount that has to be paid or spent to buy or obtain something	freetalk
cut	ˈkʌt	To make an opening or incision in something with a sharp tool or object	freetalk
field	ˈfild	An area of open land, especially one used for a particular purpose such as farming or sports	freetalk
held	ˈhɛld	past tense of hold	freetalk
instead	ˌɪnˈstɛd	As a substitute or alternative	freetalk
main	ˈmeɪn	Chief in size or importance	freetalk
moment	ˈmoʊmənt	A very brief period of time	freetalk
mother	ˈmʌðɝ	A female parent	freetalk
road	ˈɹoʊd	A wide way leading from one place to another, especially one with a specially prepared surface that vehicles can use	freetalk
seems	ˈsimz	Give the impression of being something or having a particular quality	freetalk
thinking	ˈθɪŋkɪŋ	The process of using one's mind to consider or reason about something	freetalk
town	ˈtaʊn	An urban area that is larger than a village and smaller than a city	freetalk
wants	ˈwɑnts	Have a desire to possess or do something	freetalk
de	ˈdi	From	freetalk
department	dɪˈpɑɹtmənt	A distinct part of a larger organization or system	freetalk
energy	ˈɛnɝdʒi	The capacity for doing work or producing heat	freetalk
fight	ˈfaɪt	To engage in battle or physical combat	freetalk
fine	ˈfaɪn	Of high quality or purity	freetalk
force	ˈfɔɹs	Strength or energy as an attribute of physical action or movement	freetalk
hear	ˈhiɹ	perceive with the ear	freetalk
issue	ˈɪʃu	An important topic or problem for debate or discussion	freetalk
played	ˈpleɪd	Engaged in activity for enjoyment or recreation	freetalk
points	ˈpɔɪnts	A sharp or tapered end	freetalk
price	ˈpɹaɪs	The amount of money expected, required, or given in payment for something	freetalk
re	ˈɹeɪ	Again	freetalk
rest	ˈɹɛst	Cease work or movement in order to relax or recover strength	freetalk
results	ɹɪˈzʌlts	A consequence, effect, or outcome of something	freetalk
running	ˈɹʌnɪŋ	The action or movement of a person or animal at a fast pace	freetalk
shows	ˈʃoʊz	To display or exhibit	freetalk
space	ˈspeɪs	A continuous area or expanse that is free, available, or unoccupied	freetalk
summer	ˈsʌmɝ	The warmest season of the year, in the northern hemisphere from June to August and in the southern hemisphere from December to February	freetalk
term	ˈtɝm	A word or phrase used to describe or identify something	freetalk
wife	ˈwaɪf	A married woman considered in relation to her husband	freetalk
beautiful	ˈbjutəfəl	Pleasing the senses or mind aesthetically	freetalk
date	ˈdeɪt	a particular day or year when an event happened or will happen	freetalk
goes	ˈɡoʊz	Third person singular present of go	freetalk
killed	ˈkɪld	Cause the death of (a person, animal, or other living thing)	freetalk
land	ˈlænd	The solid part of the surface of the earth	freetalk
miss	ˈmɪs	Fail to hit or reach	freetalk
project	ˈpɹɑdʒɛkt	An individual or collaborative enterprise that is carefully planned to achieve a particular aim	freetalk
sex	ˈsɛks	The biological characteristics that define male and female organisms	freetalk
shot	ˈʃɑt	A single photograph taken with a camera	freetalk
site	ˈsaɪt	The place where something is located or where an event takes place	freetalk
strong	ˈstɹɔŋ	Having the power to move heavy weights or perform other physically demanding tasks	freetalk
you'll	ˈjul	Short for 'you will'	shadowline
account	əˈkaʊnt	A record or statement of financial transactions	freetalk
especially	əˈspɛʃli	Particularly; to a great extent	freetalk
eyes	ˈaɪz	The organ of sight in humans and animals	freetalk
include	ˌɪnˈklud	To contain within as a part of a whole	freetalk
parents	ˈpɛɹənts	A father or mother	freetalk
period	ˈpɪɹiəd	A punctuation mark (.) indicating the end of a sentence	freetalk
position	pəˈzɪʃən	The place where someone or something is located or situated	freetalk
record	ɹəˈkɔɹd	A written account of something that has happened	freetalk
similar	ˈsɪməlɝ	Having a resemblance in appearance or nature	freetalk
total	ˈtoʊtəl	The whole amount; the sum of all parts	freetalk
above	əˈbʌv	In a higher position than something else	freetalk
club	ˈklʌb	A heavy stick used as a weapon or for sport	freetalk
common	ˈkɑmən	Occurring, found, or done often; prevalent	freetalk
died	ˈdaɪd	To cease living; become dead	freetalk
film	ˈfɪlm	A thin layer or coating	freetalk
happened	ˈhæpənd	To take place	freetalk
knew	ˈnu	Past tense of know	freetalk
lead	ˈlɛd	To guide or direct	freetalk
likely	ˈlaɪkli	Probable or expected to happen	freetalk
military	ˈmɪləˌtɛɹi	Of, relating to, or characteristic of soldiers or armed forces	freetalk
perfect	pɝˈfɛkt	Having all the required or desirable elements, qualities, or characteristics; as good as it is possible to be	freetalk
personal	ˈpɝsɪnəl	Belonging to or affecting a particular person	freetalk
security	sɪˈkjʊɹəti	The state of being free from danger or threat	freetalk
share	ˈʃɛɹ	To have a portion of something with others	freetalk
st	ˈstɹit	Saint	freetalk
what's	ˈwʌts	Short for 'what is' or 'what has'	shadowline
won	ˈwʌn	past tense of win	freetalk
center	ˈsɛntɝ	The middle point or part of something	freetalk
county	ˈkaʊnti	A political and administrative division of a state, providing certain local governmental services	freetalk
couple	ˈkʌpəl	Two individuals united in some way	freetalk
dead	ˈdɛd	No longer alive	freetalk
english	ˈɪŋɡlɪʃ	The language of England	freetalk
happen	ˈhæpən	To take place	freetalk
hold	ˈhoʊld	Keep or retain possession of	freetalk
industry	ˈɪndəstɹi	Economic activity concerned with the processing of raw materials and manufacture of goods in factories	freetalk
inside	ˌɪnˈsaɪd	In or into the interior; within	freetalk
issues	ˈɪʃuz	A subject or problem for discussion or debate	freetalk
online	ˈɔnˌlaɪn	Connected to or accessible via the internet	freetalk
player	ˈpleɪɝ	A person who takes part in a game or sport	freetalk
private	ˈpɹaɪvət	Belonging to or for the use of one particular person or group of people rather than for everyone	freetalk
problems	ˈpɹɑbləmz	A matter or situation regarded as unwelcome or harmful and needing to be dealt with and overcome	freetalk
return	ɹɪˈtɝn	Come or go back to a place	freetalk
rights	ˈɹaɪts	A moral or legal entitlement to have or do something	freetalk
sense	ˈsɛns	A faculty by which the body perceives an external stimulus	freetalk
star	ˈstɑɹ	A natural luminous body visible in the sky, especially at night	freetalk
test	ˈtɛst	A procedure intended to establish the quality, performance, or reliability of something	freetalk
view	ˈvju	The ability to see or perceive something	freetalk
weeks	ˈwiks	A period of seven days	freetalk
break	ˈbɹeɪk	Separate into pieces	freetalk
companies	ˈkʌmpəˌniz	A business organization that makes, buys, or sells goods or services	freetalk
event	ɪˈvɛnt	Something that happens, especially something important or notable	freetalk
higher	ˈhaɪɝ	Having a great or considerable extent or reach upward or vertically; lofty; tall	freetalk
hour	ˈaʊɝ	a period of time equal to 60 minutes	freetalk
member	ˈmɛmbɝ	A person, animal, or thing that is part of a group or team	freetalk
middle	ˈmɪdəl	The point or position at an equal distance from the edges or ends of something	freetalk
needed	ˈnidəd	Required or essential	freetalk
present	ˈpɹɛzənt	Existing or occurring now	freetalk
result	ɹɪˈzʌlt	A consequence, effect, or outcome of something	freetalk
sorry	ˈsɑɹi	Feeling distress, especially through sympathy with someone else's misfortune	freetalk
takes	ˈteɪks	To lay hold of; grasp	freetalk
training	ˈtɹeɪnɪŋ	The action of teaching a person or animal a particular skill or type of behavior	freetalk
wish	ˈwɪʃ	A desire or longing for something to happen or be true	freetalk
wouldn't	ˈwʊdənt	Short for 'would not'	shadowline
answer	ˈænsɝ	A response to a question or problem	freetalk
boy	ˈbɔɪ	A male child or young man	freetalk
design	dɪˈzaɪn	Purpose, planning, or intention that exists or is thought to exist behind an action, fact, or material object	freetalk
finally	ˈfaɪnəli	At the end or conclusion	freetalk
girls	ˈɡɝlz	A female child	freetalk
gold	ˈɡoʊld	A precious metal used for making jewelry and coins	freetalk
gone	ˈɡɔn	No longer present	freetalk
guess	ˈɡɛs	Estimate or suppose without sufficient information to be sure	freetalk
interest	ˈɪntɹəst	A feeling of wanting to know or learn about something	freetalk
king	ˈkɪŋ	A male monarch	freetalk
learn	ˈlɝn	Gain or acquire knowledge or skill through study, experience, or being taught	freetalk
policy	ˈpɑləsi	A course or principle of action adopted or proposed by an organization or individual	freetalk
society	səˈsaɪəti	The aggregate of people living together in a more or less ordered community	freetalk
added	ˈædəd	To combine two or more numbers to find their total	freetalk
al	ˈæl	A suffix meaning "pertaining to" or "like" (as in "medieval")	freetalk
alone	əˈloʊn	Without others; solitary	freetalk
average	ˈævɝɪdʒ	A typical amount, rate, or level of something	freetalk
bank	ˈbæŋk	An institution for receiving, lending, exchanging, and safeguarding money	freetalk
brought	ˈbɹɔt	Past tense of bring	freetalk
certain	ˈsɝtən	Having no doubt; sure	freetalk
church	ˈtʃɝtʃ	A building used for public Christian worship	freetalk
east	ˈist	The direction toward which the sun rises, opposite of west	freetalk
hands	ˈhændz	The terminal part of the human arm located below the forearm, used for grasping and holding	freetalk
hot	ˈhɑt	Having a high degree of heat or a high temperature	freetalk
let's	ˈlɛts	Short for 'let us', used to suggest doing something together	shadowline
longer	ˈlɔŋɡɝ	Having greater length than usual or expected	freetalk
medical	ˈmɛdəkəl	Of or relating to the science or practice of medicine	freetalk
movie	ˈmuvi	A motion picture	freetalk
original	ɝˈɪdʒənəl	Present or existing from the beginning; first or earliest	freetalk
park	ˈpɑɹk	An area of land set aside for public use, typically for recreation or leisure activities	freetalk
performance	pɝˈfɔɹməns	The action or process of carrying out or accomplishing an action, task, or function	freetalk
press	ˈpɹɛs	To exert force on something in order to move it or cause it to be moved	freetalk
received	ɹəˈsivd	To be given or presented with something	freetalk
role	ˈɹoʊl	The function assumed or part played by a person or thing in a particular situation	freetalk
sent	ˈsɛnt	past tense of send	freetalk
themselves	ðɛmˈsɛlvz	Used as the reflexive form of 'they'	freetalk
tried	ˈtɹaɪd	Attempted	freetalk
worked	ˈwɝkt	past tense of work	freetalk
worth	ˈwɝθ	The value equivalent to that of someone or something	freetalk
areas	ˈɛɹiəz	A region or part of a town, a country, or the world	freetalk
became	bɪˈkeɪm	Begin to be	freetalk
bill	ˈbɪl	A statement of money owed for goods or services provided	freetalk
books	ˈbʊks	A written or printed work consisting of pages bound together	freetalk
cool	ˈkul	Moderately cold in temperature	freetalk
director	dɝˈɛktɝ	A person who directs or manages an organization, project, or activity	freetalk
exactly	ɪɡˈzæktli	In a precise manner	freetalk
giving	ˈɡɪvɪŋ	To freely transfer the possession of something to someone else	freetalk
ground	ˈɡɹaʊnd	The solid surface of the earth	freetalk
meeting	ˈmitɪŋ	An assembly of people, especially for a particular purpose	freetalk
provide	pɹəˈvaɪd	Make available for use or consideration	freetalk
questions	ˈkwɛstʃənz	A sentence worded or expressed so as to elicit information	freetalk
relationship	ɹiˈleɪʃənˌʃɪp	The way in which two or more people or things are connected, or the state of being connected	freetalk
sound	ˈsaʊnd	Free from defect, decay, or damage; in good condition	freetalk
source	ˈsɔɹs	A place, person, or thing from which something comes or can be obtained	freetalk
usually	ˈjuʒəwəli	Under normal conditions or circumstances	freetalk
value	ˈvælju	The regard that something is held to deserve; the importance, worth, or usefulness of something	freetalk
evidence	ˈɛvədəns	The available body of facts or information indicating whether a belief or proposition is true or valid	freetalk
follow	ˈfɑloʊ	Go or come after (a person or thing proceeding ahead); move or travel behind	freetalk
lives	ˈlɪvz	The plural form of life, referring to the existence of living organisms	freetalk
official	əˈfɪʃəl	Relating to an authority or public body	freetalk
production	pɹəˈdʌkʃən	The action of making or manufacturing from components or raw materials	freetalk
rate	ˈɹeɪt	A fixed price paid or charged for something	freetalk
reading	ˈɹidɪŋ	The interpretation of data or information	freetalk
round	ˈɹaʊnd	Shaped like a circle or sphere	freetalk
save	ˈseɪv	Keep safe or rescue from harm or danger	freetalk
stand	ˈstænd	To be in an upright position on the feet	freetalk
stuff	ˈstʌf	Material, objects, or things in general	freetalk
tax	ˈtæks	A strain or heavy demand	freetalk
whatever	ˌwʌˈtɛvɝ	Anything or everything that	freetalk
amount	əˈmaʊnt	The total number or quantity of something	freetalk
blue	ˈblu	Of a color intermediate between green and violet, as of the sky or sea on a sunny day	freetalk
countries	ˈkʌntɹiz	A nation with its own government, occupying a particular territory	freetalk
drive	ˈdɹaɪv	To operate a vehicle	freetalk
eat	ˈit	To put food into the mouth and swallow it	freetalk
fall	ˈfɔl	To descend from a higher to a lower place	freetalk
fast	ˈfæst	Moving quickly or with great speed	freetalk
federal	ˈfɛdɝəl	Of or relating to a system of government in which power is divided between a central authority and constituent political units	freetalk
feeling	ˈfilɪŋ	An emotional state or reaction	freetalk
felt	ˈfɛlt	A type of fabric made from wool or other fibers	freetalk
green	ˈɡɹin	Of the color between blue and yellow in the spectrum; colored like grass or emeralds	freetalk
league	ˈliɡ	A group of sports teams that play against each other	freetalk
management	ˈmænədʒmənt	The process of dealing with or controlling things or people	freetalk
match	ˈmætʃ	A person or thing that is equal to another in quality or strength	freetalk
model	ˈmɑdəl	A representation of a person or thing, typically on a smaller scale	freetalk
picture	ˈpɪktʃɝ	A visual representation or image produced by painting, drawing, photography, etc	freetalk
size	ˈsaɪz	The physical dimensions, proportions, magnitude, or extent of an object	freetalk
step	ˈstɛp	An act of moving one's foot in walking or running	freetalk
trust	ˈtɹʌst	Firm belief in the reliability, truth, ability, or strength of someone or something	freetalk
you've	ˈjuv	Short for 'you have'	shadowline
central	ˈsɛntɹəl	Located in the center or middle	freetalk
changes	ˈtʃeɪndʒəz	To make or become different	freetalk
forward	ˈfɔɹwɝd	Toward the front or ahead in space	freetalk
groups	ˈɡɹups	A number of people or things that are located close together or are considered or classed together	freetalk
hey	ˈheɪ	Used to attract attention or to express surprise, joy, or greeting	freetalk
key	ˈki	A thing that provides a means of achieving or understanding something	freetalk
mom	ˈmɑm	A female parent	freetalk
page	ˈpeɪdʒ	One side of a sheet of paper in a book, magazine, etc	freetalk
paid	ˈpeɪd	past tense of pay	freetalk
range	ˈɹeɪndʒ	The area or distance between two points	freetalk
review	ˌɹiˈvju	To examine or assess something formally with the possibility or intention of instituting change if necessary	freetalk
science	ˈsaɪəns	The intellectual and practical activity encompassing the systematic study of the structure and behavior of the physical and natural world through observation and experiment	freetalk
trade	ˈtɹeɪd	The action of buying and selling goods and services	freetalk
upon	əˈpɑn	On top of; in contact with	freetalk
various	ˈvɛɹiəs	Different kinds or types	freetalk
attention	əˈtɛnʃən	The act or faculty of attending, especially by directing the mind to an object	freetalk
brother	ˈbɹʌðɝ	A male sibling	freetalk
cannot	ˈkænɑt	Unable to do something	freetalk
character	ˈkɛɹɪktɝ	The mental and moral qualities distinctive to an individual	freetalk
chief	ˈtʃif	Leader or head of a group or organization	freetalk
cup	ˈkʌp	A small, open container used for drinking	freetalk
football	ˈfʊtˌbɔl	A game played with a round ball by two teams of eleven players on a rectangular field with a goal at each end	freetalk
hate	ˈheɪt	Feel intense or passionate dislike for someone	freetalk
haven't	ˈhævənt	Short for 'have not'	shadowline
james	ˈdʒeɪmz	A male given name	freetalk
led	ˈlɛd	past tense of lead	freetalk
looked	ˈlʊkt	To direct one's gaze in a specified direction	freetalk
lower	ˈloʊɝ	Move or cause to move downwards	freetalk
natural	ˈnætʃɝəl	Existing in or derived from nature; not made or caused by humankind	freetalk
property	ˈpɹɑpɝti	A thing or things belonging to someone	freetalk
quality	ˈkwɑləti	The standard of something as measured against other things of a similar kind; the degree of excellence	freetalk
send	ˈsɛnd	To cause to go or be taken to a destination	freetalk
style	ˈstaɪl	A particular way in which something is done, created, or performed	freetalk
vote	ˈvoʊt	a formal indication of a choice between two or more candidates or courses of action, expressed typically through a ballot or a show of hands	freetalk
amazing	əˈmeɪzɪŋ	Causing great surprise or wonder; astonishing	freetalk
august	ˈɑɡəst	Respected and impressive	freetalk
blood	ˈblʌd	A person's family background or ancestry	freetalk
china	ˈtʃaɪnə	A country in East Asia	freetalk
complete	kəmˈplit	Having all necessary parts or elements	freetalk
dog	ˈdɔɡ	A despicable man or youth	freetalk
economic	ˌɛkəˈnɑmɪk	Relating to the production, distribution, and consumption of goods and services	freetalk
hell	ˈhɛl	A state or place of great suffering or turmoil	freetalk
involved	ˌɪnˈvɑlvd	Included in a situation or activity	freetalk
itself	ˌɪtˈsɛlf	Used for emphasis or to refer back to a thing previously mentioned or easily identified	freetalk
language	ˈlæŋɡwədʒ	The method of human communication, either spoken or written, consisting of the use of words in a structured and conventional way	freetalk
lord	ˈlɔɹd	A person who has authority, control, or power over others	freetalk
oil	ˈɔɪl	A viscous liquid derived from petroleum, used as a fuel or lubricant	freetalk
related	ɹɪˈleɪtɪd	Connected by blood or marriage	freetalk
serious	ˈsɪɹiəs	Not joking or playful	freetalk
stage	ˈsteɪdʒ	A raised platform on which actors perform	freetalk
terms	ˈtɝmz	A word or phrase used to describe something	freetalk
title	ˈtaɪtəl	A name that describes someone's position or job	freetalk
add	ˈæd	To combine two or more numbers to find their total	freetalk
article	ˈɑɹtəkəl	A piece of writing included with others in a newspaper, magazine, or other publication	freetalk
attack	əˈtæk	To take aggressive action against a person or place	freetalk
born	ˈbɔɹn	brought into existence	freetalk
couldn't	ˈkʊdənt	Short for 'could not'	shadowline
damn	ˈdæm	To condemn to punishment or fate	freetalk
decided	ˌdɪˈsaɪdɪd	Having made a firm decision	freetalk
decision	dɪˈsɪʒən	A conclusion or resolution reached after consideration	freetalk
enjoy	ˌɛnˈdʒɔɪ	Take pleasure in	freetalk
entire	ɪnˈtaɪɝ	whole; complete	freetalk
french	ˈfɹɛntʃ	Of or relating to France or its people or language	freetalk
kill	ˈkɪl	Cause the death of (a person, animal, or other living thing)	freetalk
met	ˈmɛt	past tense of meet	freetalk
perhaps	pɝˈhæps	Possibly; maybe	freetalk
poor	ˈpuɹ	Lacking sufficient money or material possessions	freetalk
release	ɹiˈlis	Allow or enable to escape or be set free	freetalk
situation	ˌsɪtʃuˈeɪʃən	The combination of circumstances at a given time	freetalk
technology	tɛkˈnɑlədʒi	The application of scientific knowledge for practical purposes	freetalk
turned	ˈtɝnd	To move or rotate around an axis or center	freetalk
website	ˈwɛbˌsaɪt	A location connected to the internet that maintains one or more pages on the World Wide Web	freetalk
written	ˈɹɪtən	Committed to writing	freetalk
choice	ˈtʃɔɪs	An act of selecting or making a decision when faced with two or more possibilities	freetalk
code	ˈkoʊd	A system of signals or symbols used to represent letters or numbers in transmitting messages	freetalk
considered	kənˈsɪdɝd	Regard or treat as being worthy of attention; take into account	freetalk
continue	kənˈtɪnju	To persist in an activity or process	freetalk
council	ˈkaʊnsəl	An assembly or meeting for consultation or discussion	freetalk
cover	ˈkʌvɝ	To place something over or upon in order to protect or conceal	freetalk
currently	ˈkɝəntli	At the present time	freetalk
door	ˈdɔɹ	A movable barrier used to open and close an entrance to a building, room, or vehicle	freetalk
election	ɪˈlɛkʃən	The act of choosing a person for a position by voting	freetalk
events	ɪˈvɛnts	A thing that happens or takes place, especially one of importance	freetalk
financial	fəˈnænʃəl	relating to money or the management of money	freetalk
foreign	ˈfɔɹən	Of, from, in, or characteristic of a country or language other than one's own	freetalk
hair	ˈhɛɹ	A threadlike outgrowth of the skin on the head of a person or animal	freetalk
increase	ˌɪnˈkɹis	To become or make greater in size, amount, intensity, or degree	freetalk
legal	ˈliɡəl	Permitted by law	freetalk
lose	ˈluz	Be deprived of or cease to have possession of (something)	freetalk
pick	ˈpɪk	To select or choose from a group	freetalk
race	ˈɹeɪs	A competition of speed	freetalk
seem	ˈsim	Give the impression of being something	freetalk
seven	ˈsɛvən	The number 7	freetalk
sign	ˈsaɪn	An object, quality, or event whose presence or occurrence indicates the probable presence or occurrence of something else	freetalk
simple	ˈsɪmpəl	Easily understood or done; presenting no difficulty	freetalk
simply	ˈsɪmpli	In a simple manner	freetalk
staff	ˈstæf	A group of employees working in an organization	freetalk
super	ˈsupɝ	Very good or excellent	freetalk
union	ˈjunjən	The action or fact of joining or being joined	freetalk
walk	ˈwɔk	Move at a regular pace by lifting and setting down each foot in turn	freetalk
bed	ˈbɛd	A piece of furniture for sleeping on	freetalk
began	bɪˈɡæn	To start	freetalk
built	ˈbɪlt	Constructed	freetalk
career	kɝˈɪɹ	An occupation undertaken for a significant period of a person's life and with opportunities for progress	freetalk
changed	ˈtʃeɪndʒd	To make or become different	freetalk
crazy	ˈkɹeɪzi	Mentally deranged or disordered	freetalk
daily	ˈdeɪli	Occurring every day	freetalk
daughter	ˈdɔtɝ	A female child	freetalk
die	ˈdaɪ	To stop living	freetalk
difficult	ˈdɪfəkəlt	Not easy; requiring great effort or skill to accomplish or comprehend	freetalk
figure	ˈfɪɡjɝ	A number, especially one that forms part of official statistics or relates to the financial performance of a company	freetalk
hospital	ˈhɑˌspɪtəl	An institution providing medical and surgical treatment and nursing care for sick or injured people	freetalk
knows	ˈnoʊz	To be aware of the truth or fact of something	freetalk
loss	ˈlɔs	The amount by which something is lessened or diminished	freetalk
modern	ˈmɑdɝn	Of or relating to the present or recent times	freetalk
ones	ˈwʌnz	A single person or thing	freetalk
paper	ˈpeɪpɝ	Material manufactured in thin sheets from the pulp of wood or other fibrous substances	freetalk
parts	ˈpɑɹts	A piece or segment of something	freetalk
popular	ˈpɑpjəlɝ	Liked, admired, or enjoyed by many people	freetalk
published	ˈpʌblɪʃt	Made available to the public	freetalk
safe	ˈseɪf	Secure from danger, harm, or risk	freetalk
starting	ˈstɑɹtɪŋ	The act of beginning something	freetalk
systems	ˈsɪstəmz	A set of connected things or parts forming a complex whole	freetalk
version	ˈvɝʒən	A particular form or variant of something	freetalk
voice	ˈvɔɪs	Sound produced by the vocal cords	freetalk
whose	ˈhuz	Used to indicate possession or ownership	freetalk
writing	ˈɹaɪtɪŋ	The act or process of forming letters or characters on a surface	freetalk
army	ˈɑɹmi	A large organized military force equipped for fighting on land	freetalk
earth	ˈɝθ	The planet we live on	freetalk
forget	fɝˈɡɛt	Fail to remember	freetalk
goal	ˈɡoʊl	The object of a person's ambition or effort	freetalk
huge	ˈhjudʒ	Extremely large in size or amount	freetalk
listen	ˈlɪsən	To give attention with the ear; attend closely for the purpose of hearing	freetalk
okay	ˌoʊˈkeɪ	Satisfactory; acceptable	freetalk
practice	ˈpɹæktəs	Repeated exercise in or performance of an activity or skill in order to improve or maintain proficiency	freetalk
rules	ˈɹulz	One of a set of explicit or understood regulations or principles governing conduct within a particular activity or sphere	freetalk
sea	ˈsi	A large body of salt water that covers most of the Earth's surface	freetalk
sir	ˈsɝ	A respectful form of address for a man	freetalk
success	səkˈsɛs	The accomplishment of an aim or purpose	freetalk
towards	təˈwɔɹdz	In the direction of	freetalk
waiting	ˈweɪtɪŋ	Stay where one is or delay action until a particular time or event	freetalk
ways	ˈweɪz	A method, manner, or means of doing something	freetalk
access	ˈækˌsɛs	The ability or right to approach, enter, or use something	freetalk
aren't	ˈɑɹənt	Short for 'are not'	shadowline
base	ˈbeɪs	The lowest part or edge of something	freetalk
below	bɪˈloʊ	At a lower level or layer	freetalk
created	kɹiˈeɪtəd	To bring into existence	freetalk
deep	ˈdip	Extending far down from the top or surface	freetalk
followed	ˈfɑloʊd	To go or come after	freetalk
la	ˈlɑ	Used to express surprise or emphasis	freetalk
lol	ˈlɔl	Laugh out loud	freetalk
mark	ˈmɑɹk	A visible impression or trace on a surface	freetalk
missing	ˈmɪsɪŋ	Not present; absent	freetalk
offer	ˈɔfɝ	Present or proffer (something) for (someone) to accept or reject as desired	freetalk
pass	ˈpæs	Move in a specified direction	freetalk
professional	pɹəˈfɛʃənəl	Engaged in a specified activity as one's main paid occupation rather than as a pastime	freetalk
released	ɹiˈlist	To allow or enable to escape or go: to release a prisoner	freetalk
risk	ˈɹɪsk	A situation involving exposure to danger or harm	freetalk
schools	ˈskulz	An institution for educating children	freetalk
sleep	ˈslip	A natural periodic state of rest for the mind and body, in which the eyes usually close and consciousness is completely or partially lost	freetalk
table	ˈteɪbəl	A piece of furniture with a flat top and one or more legs for eating, writing, or working	freetalk
ten	ˈtɛn	The number equivalent to the sum of nine and one	freetalk
truth	ˈtɹuθ	The quality or state of being true	freetalk
ball	ˈbɔl	A spherical object used in sports and games	freetalk
box	ˈbɑks	A container typically rectangular in shape, with a lid or cover	freetalk
build	ˈbɪld	Construct	freetalk
card	ˈkɑɹd	A small piece of stiff paper or plastic used to write on or for playing games	freetalk
cases	ˈkeɪsəz	An instance of a particular situation or circumstance	freetalk
dark	ˈdɑɹk	Lacking light	freetalk
district	ˈdɪstɹɪkt	An area of a country or city, especially one characterized by particular features or activities	freetalk
mine	ˈmaɪn	Belonging to or associated with the speaker	freetalk
minister	ˈmɪnəstɝ	A member of the clergy who conducts religious services	freetalk
note	ˈnoʊt	A brief record of something written down to assist the memory or for future reference	freetalk
percent	pɝˈsɛnt	One one-hundredth part of something	freetalk
piece	ˈpis	A part of something	freetalk
products	ˈpɹɑdəkts	An article or substance that is manufactured or refined for sale	freetalk
recent	ˈɹisənt	Happening or starting not long ago	freetalk
seeing	ˈsiɪŋ	Perceiving with the eyes	freetalk
straight	ˈstɹeɪt	Extending or moving in one direction without curving or bending	freetalk
visit	ˈvɪzɪt	To go to see or spend time with (someone) socially	freetalk
wall	ˈwɔl	A vertical structure typically made of brick or stone used to enclose or divide an area	freetalk
wanna	ˈwɑnə	Want to	freetalk
we've	ˈwiv	Short for 'we have'	shadowline
wrote	ˈɹoʊt	To form letters, words, or symbols on a surface with a pen, pencil, or typewriter	freetalk
allowed	əˈlaʊd	Permitted	freetalk
boys	ˈbɔɪz	A male child or young man	freetalk
culture	ˈkʌltʃɝ	The arts and other manifestations of human intellectual achievement regarded collectively	freetalk
fans	ˈfænz	A device with rotating blades that creates a current of air	freetalk
gives	ˈɡɪvz	To present voluntarily and without expecting compensation	freetalk
growth	ˈɡɹoʊθ	The process of increasing in size or quantity	freetalk
included	ˌɪnˈkludəd	Contained within something else	freetalk
married	ˈmɛɹid	Joined in marriage	freetalk
officer	ˈɔfəsɝ	A person in a position of authority in a organization or government	freetalk
pain	ˈpeɪn	Physical suffering or discomfort caused by illness or injury	freetalk
paul	ˈpɔl	A male given name	freetalk
places	ˈpleɪsəz	A particular position or point in space	freetalk
respect	ɹɪˈspɛkt	A feeling of deep admiration for someone or something elicited by their abilities, qualities, or achievements	freetalk
response	ɹɪˈspɑns	An answer or reply	freetalk
river	ˈɹɪvɝ	A plentiful and continuous supply or source	freetalk
rock	ˈɹɑk	A large mass of stone forming a hill, cliff, or other natural feature	freetalk
shall	ˈʃæl	Expressing a strong assertion or intention	freetalk
speak	ˈspik	Utter words	freetalk
specific	spəˈsɪfɪk	Clearly defined or identified	freetalk
standard	ˈstændɝd	A level of quality or attainment	freetalk
tonight	təˈnaɪt	The present or current night	freetalk
write	ˈɹaɪt	Mark (letters, words, or other symbols) on a surface, typically paper, with a pen, pencil, or similar implement	freetalk
album	ˈælbəm	A book with blank pages for the insertion and preservation of collections, as of stamps or photographs	freetalk
century	ˈsɛntʃɝi	A period of one hundred years	freetalk
charge	ˈtʃɑɹdʒ	A price asked for goods or services provided	freetalk
cold	ˈkoʊld	Having a low temperature	freetalk
create	kɹiˈeɪt	Bring something into existence	freetalk
effect	ɪˈfɛkt	A change that is a result or consequence of an action or other cause	freetalk
eight	ˈeɪt	The number 8	freetalk
except	ɪkˈsɛpt	Not including; other than	freetalk
eye	ˈaɪ	The organ of sight in humans and animals	freetalk
funny	ˈfʌni	causing laughter or amusement	freetalk
limited	ˈlɪmətəd	Restricted in size, amount, or extent	freetalk
moving	ˈmuvɪŋ	Changing place or position	freetalk
network	ˈnɛˌtwɝk	A group or system of interconnected people or things	freetalk
peace	ˈpis	Freedom from disturbance; tranquility	freetalk
provided	pɹəˈvaɪdɪd	On the condition or understanding that	freetalk
recently	ˈɹisəntli	In the near past; not long ago	freetalk
required	ɹiˈkwaɪɝd	To have a need for something	freetalk
sales	ˈseɪlz	The exchange of goods or services for money	freetalk
spent	ˈspɛnt	Exhausted of energy or resources	freetalk
store	ˈstɔɹ	A place where goods are kept for sale	freetalk
student	ˈstudənt	a person who is studying at a school or college	freetalk
tomorrow	təˈmɑˌɹoʊ	The day following today	freetalk
track	ˈtɹæk	A rough path or road, typically one beaten by use from people or animals	freetalk
via	ˈvaɪə	By way of	freetalk
watching	ˈwɑtʃɪŋ	To look at or observe attentively	freetalk
weight	ˈweɪt	A measure of the heaviness of an object	freetalk
addition	əˈdɪʃən	The act or process of adding something to something else	freetalk
ahead	əˈhɛd	In or toward the front	freetalk
allow	əˈlaʊ	To give permission for something to happen or be done	freetalk
anti	ˈænˌti	Opposed to; against	freetalk
association	əˌsoʊsiˈeɪʃən	A connection or relationship between people or organizations	freetalk
beat	ˈbit	To strike or hit repeatedly	freetalk
brown	ˈbɹaʊn	Of a color produced by mixing red, yellow, and black	freetalk
capital	ˈkæpətəl	The city or town that is the official seat of government in a country or region	freetalk
committee	kəˈmɪti	A group of people appointed for a specific function or task	freetalk
conference	ˈkɑnfɝəns	A formal meeting for discussion	freetalk
difference	ˈdɪfɝəns	The state or quality of being unlike or distinct	freetalk
double	ˈdʌbəl	Consisting of two equal, identical, or similar parts or things	freetalk
expect	ɪkˈspɛkt	Regard (something) as likely to happen	freetalk
gas	ˈɡæs	A substance in a form like air that is neither solid nor liquid and can be burned to produce heat or light	freetalk
island	ˈaɪlənd	A piece of land surrounded by water	freetalk
moved	ˈmuvd	To change position or location	freetalk
normal	ˈnɔɹməl	Conforming to a standard; usual, typical, or expected	freetalk
plans	ˈplænz	A detailed proposal for doing or achieving something	freetalk
population	ˌpɑpjəˈleɪʃən	All the inhabitants of a particular town, area, or country	freetalk
potential	pəˈtɛnʃəl	Having or showing the capacity to become or develop into something in the future	freetalk
pressure	ˈpɹɛʃɝ	Continuous physical force exerted on or against an object	freetalk
station	ˈsteɪʃən	A place where trains, buses, or other vehicles stop to pick up and drop off passengers	freetalk
text	ˈtɛkst	A written or printed work consisting of words	freetalk
treatment	ˈtɹitmənt	The manner in which someone behaves towards or deals with someone or something	freetalk
western	ˈwɛstɝn	Situated in the west	freetalk
beginning	bɪˈɡɪnɪŋ	The point in time or space at which something starts	freetalk
campaign	kæmˈpeɪn	A series of organized activities or events with a specific goal	freetalk
certainly	ˈsɝtənli	Without doubt; definitely	freetalk
completely	kəmˈplitli	In a thorough or absolute manner	freetalk
content	ˈkɑntɛnt	Satisfied with what one is or has; not wanting more or anything else	freetalk
credit	ˈkɹɛdət	Belief in the truth of something	freetalk
cross	ˈkɹɔs	A structure consisting of an upright post with a transverse beam used for execution or torture	freetalk
described	dɪˈskɹaɪbd	To give an account of something in words	freetalk
despite	dɪˈspaɪt	Without being affected by; in spite of	freetalk
female	ˈfiˌmeɪl	Of or denoting the sex that can bear offspring or produce eggs	freetalk
focus	ˈfoʊkəs	The center of interest or activity	freetalk
hi	ˈhaɪ	Used as a greeting or to attract someone's attention	freetalk
husband	ˈhʌzbənd	A married man considered in relation to his spouse	freetalk
ice	ˈaɪs	Frozen water	freetalk
individual	ˌɪndəˈvɪdʒəwəl	A single human being	freetalk
interesting	ˈɪntɹəstɪŋ	Engaging or exciting	freetalk
join	ˈdʒɔɪn	To connect or link together	freetalk
kept	ˈkɛpt	past tense of keep	freetalk
leading	ˈlidɪŋ	Showing the way	freetalk
loved	ˈlʌvd	Feeling deep affection or sexual love for someone	freetalk
message	ˈmɛsədʒ	A communication containing information	freetalk
miles	ˈmaɪlz	A unit of linear measure equal to 5,280 feet	freetalk
nearly	ˈnɪɹli	Almost but not quite	freetalk
particular	pɝˈtɪkjəlɝ	A specific item or detail	freetalk
previous	ˈpɹiviəs	Existing or occurring before in time or order	freetalk
quickly	ˈkwɪkli	In a fast or rapid manner	freetalk
region	ˈɹidʒən	An area, especially part of a country or the world	freetalk
reported	ˌɹiˈpɔɹtɪd	Give a spoken or written account of something that one has observed, heard, done, or investigated	freetalk
section	ˈsɛkʃən	A distinct part or portion of something	freetalk
sort	ˈsɔɹt	To arrange in a certain order or classification	freetalk
speed	ˈspid	The rate at which someone or something moves or travels	freetalk
travel	ˈtɹævəl	To go from one place to another, typically over a distance	freetalk
consider	kənˈsɪdɝ	Think carefully about (something), typically before making a decision	freetalk
contact	ˈkɑnˌtækt	The act or state of touching or meeting	freetalk
drop	ˈdɹɑp	A small quantity of liquid that falls or is produced in a more or less spherical mass; a liquid globule	freetalk
fair	ˈfɛɹ	Free from bias or injustice; impartial	freetalk
feet	ˈfit	The plural of foot	freetalk
kid	ˈkɪd	A young goat	freetalk
link	ˈlɪŋk	A connection between two things	freetalk
positive	ˈpɑzətɪv	Consisting in or characterized by the presence or possession of features or qualities rather than their absence	freetalk
sale	ˈseɪl	The exchange of goods or services for money	freetalk
throughout	θɹuˈaʊt	In every part; everywhere	freetalk
tour	ˈtʊɹ	A journey for pleasure or education	freetalk
welcome	ˈwɛlkəm	Greet with pleasure or kindly courtesy	freetalk
absolutely	ˌæbsəˈlutli	Completely; totally; without exception	freetalk
additional	əˈdɪʃənəl	Added to or making an existing whole greater in size, amount, or number	freetalk
beyond	bɪˈɑnd	On the far side of; past	freetalk
conditions	kənˈdɪʃənz	The state of something with regard to its appearance, quality, or working order	freetalk
earlier	ˈɝliɝ	Before in time	freetalk
extra	ˈɛkstɹə	Beyond what is usual or necessary	freetalk
forces	ˈfɔɹsɪz	Strength or energy as an attribute of physical action or movement	freetalk
immediately	ˌɪˈmiˌdiətli	Without delay	freetalk
jobs	ˈdʒɑbz	A paid position of regular employment	freetalk
leaving	ˈlivɪŋ	To go away from a place	freetalk
minute	ˈmɪnət	A unit of time equal to 60 seconds	freetalk
nature	ˈneɪtʃɝ	The physical world and everything in it that is not made by people	freetalk
numbers	ˈnʌmbɝz	A mathematical value used to represent quantity	freetalk
quick	ˈkwɪk	Moving fast or doing something in a short amount of time	freetalk
sell	ˈsɛl	To exchange (something) for money	freetalk
significant	səɡˈnɪfɪkənt	Sufficiently great or important to be worthy of attention; noteworthy	freetalk
studies	ˈstʌdiz	The act of learning or gaining knowledge through research or practice	freetalk
unless	ənˈlɛs	Except on the condition that; except under the circumstances that	freetalk
winning	ˈwɪnɪŋ	Achieving victory or success in a competition or contest	freetalk
agree	əˈɡɹi	Have the same opinion or be in harmony with someone or something	freetalk
clean	ˈklin	Free from dirt, marks, or stains	freetalk
computer	kəmˈpjutɝ	An electronic device for storing and processing data	freetalk
construction	kənˈstɹʌkʃən	The act or process of building or making something	freetalk
episode	ˈɛpəˌsoʊd	A single event or occurrence	freetalk
favorite	ˈfeɪvɝɪt	Preferred above all others	freetalk
income	ˈɪnˌkʌm	Money received, especially on a regular basis, for work or through investments	freetalk
justice	ˈdʒʌstəs	The quality of being fair and reasonable	freetalk
levels	ˈlɛvəlz	A position on a scale of intensity or amount	freetalk
manager	ˈmænədʒɝ	A person responsible for controlling or administering an organization or group	freetalk
movement	ˈmuvmənt	An act of changing physical location or position	freetalk
posted	ˈpoʊstɪd	Displayed or affixed in a public place for public notice or advertisement	freetalk
safety	ˈseɪfti	The state of being safe from harm or danger	freetalk
san	ˈsæn	A title of respect used before a man's name in Spanish-speaking countries	freetalk
scene	ˈsin	A place where an incident or event occurs	freetalk
sold	ˈsoʊld	past tense of sell	freetalk
sounds	ˈsaʊndz	Vibrations that travel through the air or another medium and can be heard when they reach a person's or animal's ear	freetalk
spend	ˈspɛnd	To pay out money	freetalk
statement	ˈsteɪtmənt	A definite or clear expression of something in speech or writing	freetalk
sun	ˈsʌn	The star around which the Earth orbits	freetalk
teams	ˈtimz	A group of people working together to achieve a common goal	freetalk
ability	əˈbɪləˌti	The power or capacity to do something	freetalk
announced	əˈnaʊnst	To make known publicly or officially	freetalk
asking	ˈæskɪŋ	Present participle of ask	freetalk
calling	ˈkɔlɪŋ	A strong urge or impulse towards a particular course of action or profession	freetalk
coach	ˈkoʊtʃ	A person who trains and directs athletes or performers	freetalk
collection	kəˈlɛkʃən	The action or process of collecting something	freetalk
continued	kənˈtɪnjud	Persisted without interruption	freetalk
costs	ˈkɑsts	The amount that has to be paid or spent to buy or obtain something	freetalk
definitely	ˈdɛfənətli	Without doubt	freetalk
designed	dɪˈzaɪnd	Planned out in detail	freetalk
expected	ɪkˈspɛktəd	Regarded as likely to happen	freetalk
gun	ˈɡʌn	A weapon incorporating a metal tube from which bullets, shells, or other missiles are propelled by explosive force	freetalk
happens	ˈhæpənz	Take place	freetalk
heavy	ˈhɛvi	Having great weight	freetalk
includes	ˌɪnˈkludz	Comprise or contain as part of a whole	freetalk
knowledge	ˈnɑlədʒ	Facts, information, and skills acquired through experience or education	freetalk
particularly	ˌpɑɹˈtɪkjəlɝli	To a higher degree than is usual or average	freetalk
search	ˈsɝtʃ	To look for information or items by examining carefully	freetalk
subject	səbˈdʒɛkt	A person or thing that is being discussed, described, or dealt with	freetalk
train	ˈtɹeɪn	A connected series of railroad cars or carriages	freetalk
wide	ˈwaɪd	Having great extent from side to side	freetalk
wow	ˈwaʊ	Used to express admiration or astonishment	freetalk
author	ˈɔθɝ	A person who writes a novel, poem, essay, etc	freetalk
centre	ˈsɛntɝ	The middle point of something	freetalk
claim	ˈkleɪm	State or assert that something is the case without providing evidence or proof	freetalk
dad	ˈdæd	A person's father	freetalk
developed	dɪˈvɛləpt	Having reached a more advanced or mature stage	freetalk
fear	ˈfɪɹ	An unpleasant emotion caused by the belief that someone or something is dangerous, likely to cause pain, or a threat	freetalk
fit	ˈfɪt	Of suitable quality, standard, or type to meet the required purpose	freetalk
generally	ˈdʒɛnɝəli	Usually; commonly; in most cases	freetalk
global	ˈɡloʊbəl	relating to or embracing the whole of something	freetalk
goals	ˈɡoʊlz	The object of a person's ambition or effort	freetalk
gotta	ˈɡɑtə	Have got to	freetalk
hotel	hoʊˈtɛl	A commercial establishment providing lodging, meals, and other guest services	freetalk
interested	ˈɪntɹəstɪd	Showing curiosity or concern about something	freetalk
judge	ˈdʒʌdʒ	A public official appointed to decide cases in a court of law	freetalk
lady	ˈleɪdi	A woman of good social position	freetalk
leader	ˈlidɝ	A person who leads or commands a group, organization, or country	freetalk
letter	ˈlɛtɝ	A written or printed communication addressed to a person or organization	freetalk
lines	ˈlaɪnz	A long, narrow mark or band	freetalk
material	məˈtɪɹiəl	The substance of which a thing is made or composed	freetalk
named	ˈneɪmd	A word or words by which an entity is designated and distinguished from others	freetalk
nobody	ˈnoʊˌbɑˌdi	No person; not anyone	freetalk
opportunity	ˌɑpɝˈtunəti	A set of circumstances that makes it possible to do something	freetalk
plus	ˈplʌs	In addition to	freetalk
pre	ˈpɹi	Before in time or place	freetalk
product	ˈpɹɑdəkt	An article or substance that is manufactured or refined for sale	freetalk
regular	ˈɹɛɡjəlɝ	Arranged in or constituting a constant or definite pattern, especially with the same space between individual instances	freetalk
secretary	ˈsɛkɹəˌtɛɹi	A person employed to handle correspondence, keep records, and make appointments	freetalk
sister	ˈsɪstɝ	A female sibling	freetalk
stories	ˈstɔɹiz	An account of imaginary or real people and events told for entertainment	freetalk
unit	ˈjunət	An individual thing or person regarded as single and complete	freetalk
workers	ˈwɝkɝz	A person who works, especially for wages	freetalk
annual	ˈænjuəl	Occurring once every year	freetalk
anymore	ˌɛniˈmɔɹ	Nowadays	freetalk
bar	ˈbɑɹ	A long, narrow piece of solid material	freetalk
battle	ˈbætəl	A fight between armed forces	freetalk
brain	ˈbɹeɪn	The organ inside the skull that controls thought, memory, feelings, and activity	freetalk
contract	ˈkɑnˌtɹækt	A written or spoken agreement between two or more parties	freetalk
degree	dɪˈɡɹi	A unit of measurement for angles	freetalk
families	ˈfæməliz	A group consisting of parents and their children	freetalk
features	ˈfitʃɝz	A distinctive attribute or aspect of something	freetalk
finished	ˈfɪnɪʃt	Brought to an end; completed	freetalk
floor	ˈflɔɹ	The lower surface of a room on which one may walk	freetalk
growing	ˈɡɹoʊɪŋ	Increasing in size or quantity	freetalk
hurt	ˈhɝt	Cause physical pain or injury to	freetalk
image	ˈɪmədʒ	A representation of the external form of a person or thing in art	freetalk
insurance	ˌɪnˈʃʊɹəns	A thing providing protection against a possible eventuality	freetalk
majority	məˈdʒɔɹəti	The greater number or part; more than half	freetalk
meant	ˈmɛnt	Intended to convey or refer to (past tense of mean)	freetalk
opening	ˈoʊpənɪŋ	An act or instance of making or becoming open	freetalk
opinion	əˈpɪnjən	A belief or judgment about something	freetalk
physical	ˈfɪzɪkəl	Of or relating to the body as opposed to the mind	freetalk
pro	ˈpɹoʊ	In favor of something; supporting or approving	freetalk
reach	ˈɹitʃ	To extend or stretch out	freetalk
rule	ˈɹul	One of a set of explicit or understood regulations or principles governing conduct or procedure within a particular area of activity	freetalk
seriously	ˈsɪɹiəsli	In a solemn or thoughtful manner	freetalk
sports	ˈspɔɹts	An activity involving physical exertion and skill in which an individual or team competes against another or others for entertainment	freetalk
stupid	ˈstupəd	Lacking intelligence or common sense	freetalk
successful	səkˈsɛsfəl	Accomplishing an aim or purpose	freetalk
active	ˈæktɪv	Engaged in action; characterized by energetic movement	freetalk
administration	ædˌmɪnɪˈstɹeɪʃən	The process or activity of managing and organizing tasks or resources	freetalk
approach	əˈpɹoʊtʃ	Come near or nearer to (someone or something) in distance or time	freetalk
biggest	ˈbɪɡəst	Of considerable size or extent	freetalk
cancer	ˈkænsɝ	A disease caused by an uncontrolled division of abnormal cells in a part of the body	freetalk
civil	ˈsɪvəl	Courteous and polite	freetalk
dance	ˈdæns	Move rhythmically to music, typically following a set sequence of steps	freetalk
defense	dɪˈfɛns	The action of defending from or resisting attack	freetalk
direction	dɝˈɛkʃən	The course or path that a person or thing is moving or facing	freetalk
independent	ˌɪndɪˈpɛndənt	Not influenced or controlled by others	freetalk
master	ˈmæstɝ	A person with the ability or power to control or use something	freetalk
none	ˈnʌn	Not any	freetalk
reasons	ˈɹizənz	The basis or motive for an action, decision, or belief	freetalk
ship	ˈʃɪp	A large seagoing vessel	freetalk
stock	ˈstɑk	The goods or merchandise kept on the premises of a business or warehouse and available for sale or distribution	freetalk
trump	ˈtɹʌmp	To surpass or outdo someone or something	freetalk
weekend	ˈwiˌkɛnd	The end of the week, typically Saturday and Sunday	freetalk
wonder	ˈwʌndɝ	A feeling of amazement and admiration caused by something beautiful, remarkable, or unfamiliar	freetalk
worst	ˈwɝst	Most inferior, bad, or unfavorable	freetalk
awesome	ˈɑsəm	Extremely impressive or daunting; inspiring great admiration, apprehension, or fear	freetalk
band	ˈbænd	A group of people working together for a common purpose	freetalk
beach	ˈbitʃ	A pebbly or sandy shore, especially by the ocean	freetalk
cash	ˈkæʃ	Money in the form of coins or banknotes, especially that which is immediately available	freetalk
clearly	ˈklɪɹli	In a way that is easy to see or understand	freetalk
commercial	kəˈmɝʃəl	Related to or engaged in commerce	freetalk
compared	kəmˈpɛɹd	To examine the similarities and differences between two or more things	freetalk
effort	ˈɛfɝt	A vigorous or determined attempt	freetalk
ended	ˈɛndəd	To come to a stop; cease	freetalk
fan	ˈfæn	A device with rotating blades that creates a current of air	freetalk
fighting	ˈfaɪtɪŋ	Engaged in a physical struggle or conflict	freetalk
imagine	ˌɪˈmædʒən	Form a mental image or concept of something	freetalk
impact	ˌɪmˈpækt	The action of one object coming forcibly into contact with another	freetalk
lack	ˈlæk	To be without something that is needed or desired	freetalk
latest	ˈleɪtəst	Most recent or newest	freetalk
learning	ˈlɝnɪŋ	The acquisition of knowledge or skills through study, experience, or being taught	freetalk
multiple	ˈmʌltəpəl	Having or involving several parts, elements, or members	freetalk
older	ˈoʊldɝ	Having lived or existed for a greater length of time	freetalk
operation	ˌɑpɝˈeɪʃən	The action of functioning or being active	freetalk
organization	ˌɔɹɡənəˈzeɪʃən	An organized body of people with a particular purpose	freetalk
passed	ˈpæst	Moved past or beyond something	freetalk
pictures	ˈpɪktʃɝz	A visual representation or image produced by painting, drawing, photography, etc	freetalk
protect	pɹəˈtɛkt	Keep safe from harm or injury	freetalk
secret	ˈsikɹət	Something that is kept hidden or concealed	freetalk
senior	ˈsinjɝ	Higher in rank or standing	freetalk
spring	ˈspɹɪŋ	A season of the year between winter and summer	freetalk
telling	ˈtɛlɪŋ	Having a strong effect; significant	freetalk
wear	ˈwɛɹ	To have on one's body as clothing	freetalk
activities	ækˈtɪvətiz	The condition in which things are happening or being done	freetalk
address	ˈæˌdɹɛs	The location where someone lives or receives mail	freetalk
analysis	əˈnæləsəs	Detailed examination of the elements or structure of something	freetalk
anyway	ˈɛniˌweɪ	In any case	freetalk
bought	ˈbɑt	past tense of buy	freetalk
calls	ˈkɔlz	To cry out in a loud voice	freetalk
choose	ˈtʃuz	To select from a number of possibilities	freetalk
color	ˈkʌlɝ	The property possessed by an object of producing different sensations on the eye as a result of the way it reflects or emits light	freetalk
commission	kəˈmɪʃən	An instruction, command, or duty given to a person or group	freetalk
competition	ˌkɑmpəˈtɪʃən	The act of competing	freetalk
details	dɪˈteɪlz	An individual feature, fact, or item	freetalk
direct	dɝˈɛkt	To control the operations of; manage or govern	freetalk
dream	ˈdɹim	A series of thoughts, images, and sensations occurring in a person's mind during sleep	freetalk
easily	ˈizəli	Without difficulty or effort	freetalk
finish	ˈfɪnɪʃ	Bring (a task or activity) to an end	freetalk
grand	ˈɡɹænd	Impressive in size, appearance, or general effect	freetalk
here's	ˈhɪɹz	Short for 'here is'	shadowline
increased	ˌɪnˈkɹist	Become or make greater in size, amount, intensity, or degree	freetalk
literally	ˈlɪtɝəli	In a literal or strict sense, without exaggeration or metaphor	freetalk
luck	ˈlʌk	Success or failure apparently brought by chance rather than through one's own actions	freetalk
marriage	ˈmɛɹɪdʒ	The legally or formally recognized union of two people as partners in a personal relationship	freetalk
names	ˈneɪmz	A word or set of words by which a person, animal, place, or thing is known, addressed, or referred to	freetalk
necessary	ˈnɛsəˌsɛɹi	Required to be done, achieved, or present; essential	freetalk
patients	ˈpeɪʃənts	A person receiving medical treatment	freetalk
resources	ˈɹisɔɹsɪz	A natural feature or phenomenon that enhances the quality of human life	freetalk
rich	ˈɹɪtʃ	Having a great deal of money or assets	freetalk
skin	ˈskɪn	The external covering or integument of an animal body, especially when soft and flexible	freetalk
speaking	ˈspikɪŋ	The act of conveying information or expressing thoughts through words	freetalk
supposed	səˈpoʊzd	Assumed or believed to be true without proof	freetalk
sweet	ˈswit	Having the taste or flavor characteristic of sugar or honey	freetalk
thus	ˈðʌs	In this way	freetalk
touch	ˈtʌtʃ	Come into or be in contact with (something)	freetalk
yesterday	ˈjɛstɝˌdeɪ	On the day before today	freetalk
caught	ˈkɑt	Past tense of catch	freetalk
closed	ˈkloʊzd	Not open	freetalk
congress	ˈkɑŋɡɹəs	A formal meeting or assembly of representatives for discussion or decision-making	freetalk
damage	ˈdæmədʒ	Physical harm caused to something	freetalk
directly	dɝˈɛktli	In a straight line or course without deviation	freetalk
disease	dɪˈziz	A disorder of structure or function in a human, animal, or plant, especially one that produces specific signs or symptoms	freetalk
doctor	ˈdɑktɝ	A person licensed to practice medicine	freetalk
doubt	ˈdaʊt	To feel uncertain about something	freetalk
drink	ˈdɹɪŋk	To consume liquid through the mouth	freetalk
driving	ˈdɹaɪvɪŋ	The act of operating a vehicle	freetalk
established	ɪˈstæblɪʃt	Having been in existence for a long time	freetalk
feels	ˈfilz	To perceive or experience emotions or sensations	freetalk
fish	ˈfɪʃ	A cold-blooded vertebrate animal that lives in water and breathes through gills	freetalk
gay	ˈɡeɪ	Happy or cheerful	freetalk
glad	ˈɡlæd	Feeling pleasure or happiness	freetalk
greater	ˈɡɹeɪtɝ	Larger in size or amount than another	freetalk
grow	ˈɡɹoʊ	To increase in size or amount	freetalk
largest	ˈlɑɹdʒəst	Of great size or extent	freetalk
machine	məˈʃin	An apparatus using mechanical power and having several parts, each with a definite function and together performing a particular task	freetalk
notice	ˈnoʊtəs	To become aware of something by seeing or hearing it	freetalk
overall	ˈoʊvɝˌɔl	Taking everything into account; considering everything	freetalk
planning	ˈplænɪŋ	The act or process of making plans for something	freetalk
professor	pɹəˈfɛsɝ	A teacher of the highest rank in a college or university	freetalk
programs	ˈpɹoʊˌɡɹæmz	A planned series of future events or performances	freetalk
records	ɹəˈkɔɹdz	A collection of related data or information stored in a structured format	freetalk
reports	ɹɪˈpɔɹts	An account given of a particular matter, especially in the form of an official document, after thorough investigation or consideration	freetalk
shown	ˈʃoʊn	Displayed or exhibited	freetalk
sit	ˈsɪt	To be seated	freetalk
trip	ˈtɹɪp	A journey or excursion, especially for pleasure	freetalk
associated	əˈsoʊsiˌeɪtɪd	Connected or related to something else	freetalk
basic	ˈbeɪsɪk	Forming an essential foundation or starting point; fundamental	freetalk
captain	ˈkæptən	A person who is in command of a ship	freetalk
carry	ˈkæɹi	To support the weight of something and move it from one place to another	freetalk
cars	ˈkɑɹz	A vehicle moving on wheels, usually with an engine, used for transporting people or goods	freetalk
crime	ˈkɹaɪm	An action or omission that constitutes an offense that may be prosecuted by the state and is punishable by law	freetalk
effective	ɪˈfɛktɪv	Successful in producing a desired or intended result	freetalk
effects	ɪˈfɛkts	A change that is a result or consequence of an action or other cause	freetalk
explain	ɪkˈspleɪn	Make (an idea, situation, or problem) clear to someone by describing it in more detail	freetalk
fully	ˈfʊli	Completely or entirely	freetalk
highly	ˈhaɪli	To a great extent or degree	freetalk
holding	ˈhoʊldɪŋ	The act of keeping something in one's possession	freetalk
japan	dʒəˈpæn	A country in East Asia	freetalk
laws	ˈlɔz	A statement of fact, deduced from observation, to the effect that a particular natural or scientific phenomenon always occurs if certain conditions are present	freetalk
male	ˈmeɪl	Of or denoting the sex that produces small, typically motile gametes, especially spermatozoa, with which a female may be fertilized or inseminated to produce offspring	freetalk
parties	ˈpɑɹtiz	A social gathering of people for pleasure or entertainment	freetalk
plant	ˈplænt	A living organism that typically grows in soil and has leaves, stems, and roots	freetalk
reality	ˌɹiˈæləˌti	The state of things as they actually exist, as opposed to an idealistic or notional idea	freetalk
smith	ˈsmɪθ	A person who works with metal, especially a blacksmith	freetalk
spot	ˈspɑt	A small, round mark or stain	freetalk
we'll	ˈwil	Short for 'we will'	shadowline
winter	ˈwɪntɝ	The coldest season of the year, occurring between autumn and spring	freetalk
worse	ˈwɝs	More inferior in quality or condition than something else	freetalk
advice	ædˈvaɪs	Guidance or recommendations offered to help someone make a decision or solve a problem	freetalk
agreement	əˈɡɹimənt	Harmony or accordance in opinion or feeling	freetalk
ain't	ˈeɪnt	Informal short form of 'is not', 'are not' or 'have not'	shadowline
award	əˈwɔɹd	A prize or other mark of recognition given in honor of an achievement	freetalk
block	ˈblɑk	A solid piece of hard material, such as wood or stone	freetalk
broken	ˈbɹoʊkən	Not functioning properly	freetalk
caused	ˈkɑzd	To be the reason for something happening	freetalk
challenge	ˈtʃæləndʒ	A call or summons to engage in a contest, especially a duel	freetalk
characters	ˈkæɹəktɝz	A letter, number, or symbol used in writing or printing	freetalk
comment	ˈkɑmɛnt	A remark, observation, or criticism	freetalk
equipment	ɪˈkwɪpmənt	The necessary items for a particular purpose, such as tools or machinery	freetalk
eventually	ɪˈvɛntʃəwəli	At some later time; in the end	freetalk
helped	ˈhɛlpt	To give assistance or support to	freetalk
holy	ˈhoʊli	Dedicated or consecrated to God or a religious purpose	freetalk
killing	ˈkɪlɪŋ	The act of causing death	freetalk
lived	ˈlɪvd	To have life; to exist	freetalk
lots	ˈlɑts	A large number or amount	freetalk
nation	ˈneɪʃən	A large body of people united by common descent, history, culture, or language, inhabiting a particular country or territory	freetalk
otherwise	ˈʌðɝˌwaɪz	In a different way	freetalk
peter	ˈpitɝ	To diminish or fade away gradually	freetalk
prices	ˈpɹaɪsəz	The amount of money expected, required, or given in payment for something	freetalk
primary	ˈpɹaɪˌmɛɹi	First in order or time; earliest	freetalk
purpose	ˈpɝpəs	The reason for which something is done or created	freetalk
rates	ˈɹeɪts	A fixed price paid or charged for something	freetalk
responsible	ɹiˈspɑnsəbəl	Liable to be called to account; answerable	freetalk
shop	ˈʃɑp	A building or room where goods or services are sold	freetalk
showing	ˈʃoʊɪŋ	Presenting or displaying something to be seen	freetalk
sick	ˈsɪk	Affected by physical or mental illness	freetalk
teacher	ˈtitʃɝ	A person who teaches, especially in a school	freetalk
theory	ˈθɪɹi	A supposition or a system of ideas intended to explain something, especially one based on general principles independent of the thing to be explained	freetalk
uses	ˈjusəz	To employ for some purpose	freetalk
agency	ˈeɪdʒənsi	A business or organization established to provide a particular service	freetalk
avoid	əˈvɔɪd	Keep away from or stop oneself from doing (something)	freetalk
camera	ˈkæmɝə	A device for capturing images or recording videos	freetalk
catch	ˈkætʃ	To capture or seize	freetalk
cell	ˈsɛl	A small room in a prison or monastery	freetalk
coast	ˈkoʊst	The land next to the sea; seashore	freetalk
comments	ˈkɑmɛnts	A verbal or written remark expressing an opinion or reaction	freetalk
drug	ˈdɹʌɡ	A substance used in the diagnosis, treatment, or prevention of a disease or as a component of a medication	freetalk
economy	ɪˈkɑnəmi	The system of production, distribution, and consumption of goods and services	freetalk
environment	ɪnˈvaɪɹənmənt	The surroundings or conditions in which a person, animal, or plant lives or operates	freetalk
executive	ɪɡˈzɛkjətɪv	A person with senior managerial responsibility in a business organization	freetalk
foot	ˈfʊt	The lower extremity of the leg below the ankle, on which a person stands or walks	freetalk
hall	ˈhɔl	A large room for meetings or events	freetalk
mass	ˈmæs	A large number of people or objects crowded together	freetalk
meaning	ˈminɪŋ	What is meant by a word, text, concept, or action	freetalk
mission	ˈmɪʃən	An important assignment carried out for political, religious, or commercial purposes	freetalk
nine	ˈnaɪn	The number equivalent to the sum of one and eight	freetalk
officers	ˈɔfəsɝz	A person holding a position of authority in the military or a government agency	freetalk
operations	ˌɑpɝˈeɪʃənz	The action of functioning or working	freetalk
politics	ˈpɑləˌtɪks	The activities associated with the governance of a country or area	freetalk
pop	ˈpɑp	A sudden, sharp sound	freetalk
produced	pɹəˈdust	To bring into existence; create	freetalk
ran	ˈɹæn	past tense of run	freetalk
status	ˈstætəs	The position of an individual in relation to others	freetalk
therefore	ˈðɛɹˌfɔɹ	For that reason; consequently	freetalk
trial	ˈtɹaɪəl	A test of the performance, qualities, or suitability of someone or something	freetalk
truly	ˈtɹuli	In a manner that is genuine or real	freetalk
weather	ˈwɛðɝ	The state of the atmosphere at a place and time as regards heat, dryness, sunshine, wind, rain, etc	freetalk
activity	ækˈtɪvəti	The state or quality of being active	freetalk
application	ˌæpləˈkeɪʃən	The act of putting something into operation or use	freetalk
claims	ˈkleɪmz	State or assert that something is the case without providing evidence or proof	freetalk
coffee	ˈkɑfi	A hot drink made from the roasted and ground seeds of a tropical plant	freetalk
complex	ˈkɑmplɛks	Consisting of many different and connected parts	freetalk
condition	kənˈdɪʃən	The state of something with regard to its appearance, quality, or working order	freetalk
division	dɪˈvɪʒən	The act or process of dividing or separating into parts	freetalk
evening	ˈivnɪŋ	The period of time between afternoon and night	freetalk
flight	ˈflaɪt	The act of flying through the air	freetalk
freedom	ˈfɹidəm	The power or right to act, speak, or think as one wants without hindrance or restraint	freetalk
google	ˈɡuɡəl	A search engine that allows users to search the internet for information	freetalk
heat	ˈhit	The quality of being hot; high temperature	freetalk
highest	ˈhaɪəst	Extending to the greatest distance above the ground	freetalk
interview	ˈɪntɝˌvju	A meeting in which someone is asked questions to determine their suitability for a job or other position	freetalk
library	ˈlaɪbɹɛˌɹi	A building or room containing collections of books, periodicals, and sometimes films and recorded music for people to read, borrow, or refer to	freetalk
located	ˈloʊˌkeɪtəd	Situated in a particular place	freetalk
location	loʊˈkeɪʃən	A particular place or position	freetalk
murder	ˈmɝdɝ	The unlawful premeditated killing of one human being by another	freetalk
offered	ˈɔfɝd	Present or proffer (something) for (someone) to accept or reject as desired	freetalk
putting	ˈpʌtɪŋ	To place in a particular position	freetalk
queen	ˈkwin	A female ruler of an independent state	freetalk
seconds	ˈsɛkəndz	A unit of time equal to 1/60th of a minute	freetalk
showed	ˈʃoʊd	Displayed or exhibited	freetalk
sitting	ˈsɪtɪŋ	The act of resting on the buttocks or haunches	freetalk
standing	ˈstændɪŋ	The act of remaining upright on the feet	freetalk
stars	ˈstɑɹz	A fixed luminous point in the night sky that is a large, remote incandescent body like the sun	freetalk
walking	ˈwɔkɪŋ	The act of moving on foot	freetalk
accept	ækˈsɛpt	To receive willingly	freetalk
actual	ˈæktʃəwəl	Existing in fact; real	freetalk
appear	əˈpɪɹ	To come into sight	freetalk
attempt	əˈtɛmpt	To make an effort to achieve or complete something	freetalk
broke	ˈbɹoʊk	past tense of break	freetalk
channel	ˈtʃænəl	A length of water wider than a strait, joining two larger areas of water, especially two seas	freetalk
distance	ˈdɪstəns	The amount of space between two points	freetalk
eating	ˈitɪŋ	The act of consuming food	freetalk
exchange	ɪksˈtʃeɪndʒ	Give something and receive something of the same kind in return	freetalk
fat	ˈfæt	A natural oily or greasy substance occurring in animal bodies, especially when deposited as a layer under the skin or around certain organs	freetalk
fell	ˈfɛl	To cut down (a tree)	freetalk
finding	ˈfaɪndɪŋ	The act of discovering something or someone	freetalk
glass	ˈɡlæs	A hard, brittle substance, typically transparent or translucent, made by fusing sand with soda, lime, and sometimes other ingredients	freetalk
learned	ˈlɝnd	Having much knowledge acquired by study	freetalk
losing	ˈluzɪŋ	Failing to win	freetalk
mobile	ˈmoʊbəl	Capable of moving or being moved easily	freetalk
northern	ˈnɔɹðɝn	Situated in or towards the north	freetalk
opened	ˈoʊpənd	Not closed or fastened	freetalk
placed	ˈpleɪst	To put in a particular position or location	freetalk
powerful	ˈpaʊɝfəl	Having great power or strength	freetalk
prior	ˈpɹaɪɝ	Existing or occurring before in time or order	freetalk
protection	pɹəˈtɛkʃən	The act of protecting or the state of being protected	freetalk
reached	ˈɹitʃt	To arrive at a destination	freetalk
receive	ɹəˈsiv	to be given or presented with	freetalk
religious	ɹɪˈlɪdʒəs	relating to or believing in a religion	freetalk
ride	ˈɹaɪd	To sit on and control the movement of a horse, bicycle, or motorcycle	freetalk
royal	ˈɹɔɪəl	Of or relating to a king or queen	freetalk
screen	ˈskɹin	A flat surface on which pictures or words are shown	freetalk
serve	ˈsɝv	Perform duties or services for someone or something	freetalk
signed	ˈsaɪnd	To write one's name on a document as a way of showing that one agrees with or accepts its contents	freetalk
slow	ˈsloʊ	Moving or operating at a low speed	freetalk
species	ˈspiʃiz	A group of living organisms consisting of similar individuals capable of interbreeding	freetalk
speech	ˈspitʃ	The expression of thoughts and feelings through spoken words	freetalk
traffic	ˈtɹæfɪk	The movement of vehicles or people along roads or through a place	freetalk
tree	ˈtɹi	A wooden structure or part of a structure	freetalk
types	ˈtaɪps	A category of people or things having common characteristics	freetalk
wearing	ˈwɛɹɪŋ	Causing fatigue or exhaustion	freetalk
who's	ˈhuz	Short for 'who is' or 'who has'	shadowline
whom	ˈhum	Used as the object of a verb or preposition to refer to a person or people previously mentioned or easily identified	freetalk
wonderful	ˈwʌndɝfəl	Inspiring delight, pleasure, or admiration	freetalk
agreed	əˈɡɹid	To have the same opinion or come to a mutual understanding	freetalk
airport	ˈɛɹˌpɔɹt	A place where aircraft regularly take off and land, with facilities for passengers	freetalk
animals	ˈænəməlz	A living organism that feeds on organic matter, typically having specialized sense organs and nervous system and able to respond rapidly to stimuli	freetalk
appears	əˈpɪɹz	To come into sight or view	freetalk
begin	bɪˈɡɪn	To start or commence	freetalk
benefits	ˈbɛnəfɪts	An advantage or profit gained from something	freetalk
bottom	ˈbɑtəm	The lowest point or part of something	freetalk
cities	ˈsɪtiz	A large town	freetalk
demand	dɪˈmænd	An insistent and peremptory request, made as if by right	freetalk
engine	ˈɛndʒən	A machine with moving parts that converts power into motion	freetalk
everybody	ˈɛvɹiˌbɑdi	Every person	freetalk
famous	ˈfeɪməs	Known by many people	freetalk
ideas	aɪˈdiəz	A thought or suggestion as to a possible course of action	freetalk
investment	ˌɪnˈvɛstmənt	The action or process of investing money for profit	freetalk
keeping	ˈkipɪŋ	The act of retaining possession of something	freetalk
lie	ˈlaɪ	an intentionally false statement	freetalk
notes	ˈnoʊts	A brief record of something written down to assist the memory or for future reference	freetalk
partner	ˈpɑɹtnɝ	A person who takes part in an activity with another or others	freetalk
plays	ˈpleɪz	Engage in activity for enjoyment and recreation	freetalk
raised	ˈɹeɪzd	To lift or move to a higher position	freetalk
runs	ˈɹʌnz	Move swiftly on foot	freetalk
sad	ˈsæd	Feeling or showing sorrow; unhappy	freetalk
solution	səˈluʃən	A liquid mixture in which a solid substance is dissolved	freetalk
songs	ˈsɔŋz	A short poem or other set of words set to music or meant to be sung	freetalk
sources	ˈsɔɹsəz	A place, person, or thing from which something comes or can be obtained	freetalk
southern	ˈsʌðɝn	Situated in or directed toward the south	freetalk
square	ˈskwɛɹ	A plane figure with four equal straight sides and four right angles	freetalk
stopped	ˈstɑpt	To cease moving or operating	freetalk
structure	ˈstɹʌktʃɝ	The arrangement of and relations between the parts or elements of something complex	freetalk
traditional	tɹəˈdɪʃənəl	Existing in or as part of a tradition; long-established	freetalk
twice	ˈtwaɪs	Two times	freetalk
wind	ˈwaɪnd	Air in natural motion	freetalk
worry	ˈwɝi	Feel anxious or troubled about actual or potential problems	freetalk
appeared	əˈpɪɹd	To come into sight or view	freetalk
becomes	bɪˈkʌmz	Begin to be	freetalk
brand	ˈbɹænd	A type of product manufactured by a particular company under a particular name	freetalk
bus	ˈbʌs	A large motor vehicle used for carrying passengers, typically along a fixed route	freetalk
cent	ˈsɛnt	A monetary unit equal to one hundredth of a dollar	freetalk
count	ˈkaʊnt	To determine the total number of something	freetalk
covered	ˈkʌvɝd	Having something on top or over to protect or conceal	freetalk
critical	ˈkɹɪtɪkəl	Expressing adverse or disapproving comments or judgments	freetalk
digital	ˈdɪdʒətəl	Relating to or using signals or information represented by discrete values (digits) rather than by a continuous range of values	freetalk
forced	ˈfɔɹst	Compelled against one's will	freetalk
fourth	ˈfɔɹθ	Constituting number four in a sequence	freetalk
fresh	ˈfɹɛʃ	Not previously known or used; new or different	freetalk
lake	ˈleɪk	A large body of water surrounded by land	freetalk
mental	ˈmɛntəl	Relating to the mind or intellect	freetalk
mentioned	ˈmɛnʃənd	Refer to something briefly or in passing	freetalk
missed	ˈmɪst	Fail to hit, reach, or come into contact with	freetalk
mostly	ˈmoʊstli	Mainly or chiefly	freetalk
mouth	ˈmaʊθ	The opening in the face through which food and drink are taken in and vocal sounds are emitted	freetalk
owner	ˈoʊnɝ	A person who owns; possessor	freetalk
previously	ˈpɹiviəsli	Before in time; earlier	freetalk
realize	ˈɹiəˌlaɪz	To become aware of something	freetalk
remain	ɹɪˈmeɪn	Stay in the same place	freetalk
scale	ˈskeɪl	A system of ordered marks at fixed intervals used as a reference standard in measurement	freetalk
score	ˈskɔɹ	A group or set of twenty	freetalk
separate	ˈsɛpɝˌeɪt	To set or keep apart	freetalk
smart	ˈsmɑɹt	Having or showing quick intelligence or ready mental capability	freetalk
starts	ˈstɑɹts	Begin or be reckoned from a particular point in time or space	freetalk
surface	ˈsɝfəs	The outermost layer or exterior of an object	freetalk
throw	ˈθɹoʊ	To propel something through the air with a motion of the arm and hand	freetalk
tom	ˈtɑm	A male given name	freetalk
totally	ˈtoʊtəli	Completely	freetalk
twitter	ˈtwɪtɝ	To make a series of small, high-pitched sounds	freetalk
views	ˈvjuz	The act of seeing or looking at something	freetalk
wedding	ˈwɛdɪŋ	The act of marrying	freetalk
you'd	ˈjud	Short for 'you would' or 'you had'	shadowline
acting	ˈæktɪŋ	The art or occupation of performing in plays, movies, or television shows	freetalk
actions	ˈækʃənz	The process of doing something in order to achieve a purpose	freetalk
arms	ˈɑɹmz	Weapons, especially firearms or explosives	freetalk
benefit	ˈbɛnəfɪt	An advantage or profit gained from something	freetalk
budget	ˈbʌdʒɪt	An estimate of income and expenditure for a set period of time	freetalk
click	ˈklɪk	A short, sharp sound made by a computer mouse or keyboard when a button is pressed	freetalk
estate	ɪˈsteɪt	A large piece of land with a large house on it	freetalk
failed	ˈfeɪld	To be unsuccessful in achieving a goal or purpose	freetalk
faith	ˈfeɪθ	Complete trust or confidence in someone or something	freetalk
fashion	ˈfæʃən	A popular trend in clothing and accessories	freetalk
feature	ˈfitʃɝ	A distinctive attribute or aspect of something	freetalk
fund	ˈfʌnd	A sum of money saved or made available for a particular purpose	freetalk
generation	ˌdʒɛnɝˈeɪʃən	All of the people born and living at about the same time	freetalk
hearing	ˈhiɹɪŋ	The faculty of perceiving sounds	freetalk
hill	ˈhɪl	A naturally raised area of land, not as high or craggy as a mountain	freetalk
jack	ˈdʒæk	A device used for lifting heavy objects	freetalk
larger	ˈlɑɹdʒɝ	Greater in size or extent than others	freetalk
louis	ˈluɪs	A gold coin minted in France from 1640 to 1793	freetalk
metal	ˈmɛtəl	A solid material that is typically hard, shiny, malleable, fusible, and ductile, with good electrical and thermal conductivity	freetalk
paris	ˈpɛɹɪs	The capital city of France	freetalk
profile	ˈpɹoʊˌfaɪl	An outline of an object, person, or building as seen from one side	freetalk
pull	ˈpʊl	To exert force on (someone or something) so as to cause movement towards oneself	freetalk
push	ˈpʊʃ	To exert force on (someone or something) in order to move them away from oneself	freetalk
returned	ɹɪˈtɝnd	To come or go back to a place or person	freetalk
rose	ˈɹoʊz	A type of flower with a sweet fragrance	freetalk
seat	ˈsit	A piece of furniture designed for sitting on	freetalk
seemed	ˈsimd	Gave the impression of being	freetalk
sexual	ˈsɛkʃuəl	Relating to the instincts, physiological processes, and activities connected with physical attraction or intimate physical contact between individuals	freetalk
shouldn't	ˈʃʊdənt	Short for 'should not'	shadowline
target	ˈtɑɹɡət	A person, object, or place selected as the aim of an attack	freetalk
understanding	ˌʌndɝˈstændɪŋ	The ability to comprehend or grasp the meaning of something	freetalk
village	ˈvɪlədʒ	A small community or group of houses in a rural area	freetalk
agent	ˈeɪdʒənt	A person who acts on behalf of another	freetalk
animal	ˈænəməl	A living organism that feeds on organic matter, typically having specialized sense organs and nervous system	freetalk
apply	əˈplaɪ	Make a formal application or request	freetalk
authority	əˈθɔɹəti	The power or right to give orders, make decisions, and enforce obedience	freetalk
basis	ˈbeɪsəs	The underlying support or foundation for something	freetalk
becoming	bɪˈkʌmɪŋ	Attractive or suitable	freetalk
draw	ˈdɹɔ	To produce a picture or diagram by making lines and marks on paper	freetalk
dude	ˈdud	A man	freetalk
employees	ɛmˈplɔɪiz	A person employed for wages or salary, especially at a nonexecutive level	freetalk
enter	ˈɛntɝ	To come or go into	freetalk
ex	ˈɛks	Formerly	freetalk
follows	ˈfɑloʊz	Go or come after (a person or thing proceeding ahead)	freetalk
foundation	faʊnˈdeɪʃən	The basis or groundwork of anything	freetalk
gain	ˈɡeɪn	Obtain or secure (something desired or beneficial)	freetalk
individuals	ˌɪndəˈvɪdʒəwəlz	A single human being	freetalk
leaders	ˈlidɝz	A person who leads or commands a group, organization, or country	freetalk
memory	ˈmɛmɝi	The faculty by which the mind stores and remembers information	freetalk
prime	ˈpɹaɪm	Of the best quality or condition; first in importance	freetalk
projects	ˈpɹɑdʒɛkts	A planned undertaking	freetalk
ring	ˈɹɪŋ	A circular band worn as an ornament or a token of marriage	freetalk
rise	ˈɹaɪz	Move from a lower position to a higher one	freetalk
selling	ˈsɛlɪŋ	Exchange of goods or services for money	freetalk
served	ˈsɝvd	To provide food or drink for someone	freetalk
silver	ˈsɪlvɝ	A precious metallic element often used in jewelry and coins	freetalk
soul	ˈsoʊl	The spiritual or immaterial part of a human being, regarded as immortal	freetalk
spread	ˈspɹɛd	To extend over a large or increasing area	freetalk
supply	səˈplaɪ	Make (something needed or wanted) available to someone; provide	freetalk
waste	ˈweɪst	To use or expend carelessly or extravagantly	freetalk
weird	ˈwɪɹd	Suggesting something supernatural or uncanny	freetalk
adult	əˈdʌlt	A person who is fully grown and developed	freetalk
apparently	əˈpɛɹəntli	Seemingly; as far as one knows or can see	freetalk
artist	ˈɑɹtəst	A person who creates art, especially paintings or sculptures	freetalk
chairman	ˈtʃɛɹmən	The person in charge of a meeting or organization	freetalk
edition	əˈdɪʃən	A particular form or version of a published text	freetalk
engineering	ˈɛndʒəˈnɪɹɪŋ	The branch of science and technology concerned with the design, building, and use of engines, machines, and structures	freetalk
grade	ˈɡɹeɪd	A level of rank, quality, proficiency, or value	freetalk
happening	ˈhæpənɪŋ	An event or occurrence	freetalk
healthy	ˈhɛlθi	In good health; not sick or injured	freetalk
institute	ˈɪnstəˌtut	Establish or introduce (an organization, system, or set of rules)	freetalk
method	ˈmɛθəd	A way of doing something, especially a systematic way	freetalk
mike	ˈmaɪk	A microphone	freetalk
nations	ˈneɪʃənz	A large body of people united by common descent, history, culture, or language, inhabiting a particular country or territory	freetalk
obviously	ˈɑbviəsli	In a way that is easily seen or understood	freetalk
option	ˈɑpʃən	A choice or alternative	freetalk
prison	ˈpɹɪzən	A building for the confinement of persons held while awaiting trial or serving a sentence	freetalk
provides	pɹəˈvaɪdz	To supply or make available	freetalk
remains	ɹɪˈmeɪnz	The parts left over after other parts have been removed, used, or destroyed	freetalk
senate	ˈsɛnət	The upper house of the United States Congress	freetalk
smaller	ˈsmɔlɝ	Comparative form of small	freetalk
somebody	ˈsʌmˌbɑdi	A person of unspecified identity	freetalk
stone	ˈstoʊn	A hard, solid mineral material	freetalk
strength	ˈstɹɛŋkθ	The quality or state of being physically strong	freetalk
users	ˈjuzɝz	People who use something	freetalk
wild	ˈwaɪld	Living or growing in natural conditions; not domesticated or cultivated	freetalk
window	ˈwɪndoʊ	An opening in a wall or roof that is fitted with glass or other transparent material to admit light and allow people to see out	freetalk
winner	ˈwɪnɝ	A person or thing that wins something	freetalk
arrived	ɝˈaɪvd	To reach a destination	freetalk
bag	ˈbæɡ	A flexible container with an opening at the top, used for carrying things	freetalk
bet	ˈbɛt	To risk money or valuables on the outcome of an event or contest	freetalk
camp	ˈkæmp	A place with temporary accommodations, such as tents or cabins, typically used for recreation or military purposes	freetalk
cast	ˈkæst	Throw forcefully in a specified direction	freetalk
continues	kənˈtɪnjuz	Persists in a course of action or state	freetalk
correct	kɝˈɛkt	Free from error; accurate	freetalk
dangerous	ˈdeɪndʒɝəs	Able or likely to cause harm or injury	freetalk
ed	ˈɛd	past participle of 'to wed'	freetalk
extremely	ɛkˈstɹimli	To a very great degree or extent	freetalk
firm	ˈfɝm	Not easily moved or shaken; securely fixed in place	freetalk
greatest	ˈɡɹeɪtəst	Most important or significant	freetalk
handle	ˈhændəl	A part of an object designed to be held in order to move or carry it	freetalk
improve	ˌɪmˈpɹuv	Make or become better	freetalk
indeed	ˌɪnˈdid	Without a doubt; truly	freetalk
leaves	ˈlivz	The plural form of the word 'leaf', referring to the green, flat structures on a plant	freetalk
movies	ˈmuviz	A form of entertainment that tells a story through moving images on a screen	freetalk
negative	ˈnɛɡətɪv	Expressing denial or refusal	freetalk
prevent	pɹɪˈvɛnt	To stop something from happening	freetalk
removed	ɹiˈmuvd	Take away from a particular place or position	freetalk
spirit	ˈspɪɹət	The non-physical part of a person which is the seat of emotions and character	freetalk
television	ˈtɛləˌvɪʒən	A system for transmitting visual images and sound that are reproduced on screens	freetalk
till	ˈtɪl	Up to the time of	freetalk
trouble	ˈtɹʌbəl	Difficulty or problems	freetalk
advantage	ædˈvæntɪdʒ	A condition or circumstance that puts one in a favorable or superior position	freetalk
apart	əˈpɑɹt	Separated by a distance in space or time	freetalk
aware	əˈwɛɹ	Having knowledge or perception of a situation or fact	freetalk
cat	ˈkæt	A small domesticated carnivorous mammal with soft fur, a short snout, and retractile claws	freetalk
customers	ˈkʌstəmɝz	A person or organization that buys goods or services from a store or business	freetalk
decide	ˌdɪˈsaɪd	Come to a resolution or decision	freetalk
dinner	ˈdɪnɝ	The main meal of the day, typically eaten in the evening	freetalk
dollars	ˈdɑlɝz	The basic monetary unit of the United States, Canada, Australia, and other countries	freetalk
eastern	ˈistɝn	Situated in or towards the east	freetalk
fifth	ˈfɪfθ	Constituting number five in a sequence	freetalk
function	ˈfʌŋkʃən	The purpose or role of something	freetalk
gift	ˈɡɪft	Something given voluntarily without payment in return	freetalk
helping	ˈhɛlpɪŋ	The act of giving assistance or support	freetalk
herself	hɝˈsɛlf	Used to refer to a woman or girl as the object of a verb or preposition when she is also the subject of the clause	freetalk
impossible	ˌɪmˈpɑsəbəl	Not able to occur, exist, or be done	freetalk
influence	ˈɪnfluəns	The capacity to have an effect on the character, development, or behavior of someone or something	freetalk
items	ˈaɪtəmz	An individual article or unit, especially one that is part of a list, collection, or set	freetalk
joe	ˈdʒoʊ	A common man or fellow	freetalk
marketing	ˈmɑɹkətɪŋ	The action or business of promoting and selling products or services	freetalk
mary	ˈmɛɹi	A female given name	freetalk
materials	məˈtɪɹiəlz	The matter from which a thing is or can be made	freetalk
nor	ˈnɔɹ	and not; not either	freetalk
produce	pɹəˈdus	To make or manufacture	freetalk
progress	ˈpɹɑˌɡɹɛs	Forward or onward movement towards a destination or goal	freetalk
proud	ˈpɹaʊd	Feeling deep pleasure or satisfaction as a result of one's own achievements, qualities, or possessions	freetalk
require	ˌɹiˈkwaɪɝ	To need or demand something as essential or necessary	freetalk
shooting	ˈʃutɪŋ	The act of firing a gun or other weapon	freetalk
shut	ˈʃʌt	To close something tightly	freetalk
standards	ˈstændɝdz	A level of quality or attainment	freetalk
tells	ˈtɛlz	Communicates information	freetalk
thinks	ˈθɪŋks	Have a particular opinion, belief, or idea about someone or something	freetalk
van	ˈvæn	A type of vehicle used for transporting goods or people	freetalk
wood	ˈwʊd	The hard fibrous material that forms the main substance of the trunk or branches of a tree or shrub	freetalk
background	ˈbækˌɡɹaʊnd	The part of a scene or picture that is farthest from the viewer	freetalk
birth	ˈbɝθ	The emergence of a baby or other young from the body of its mother	freetalk
bridge	ˈbɹɪdʒ	A structure carrying a road, path, railroad, or canal across a river, ravine, road, railroad, or other obstacle	freetalk
carried	ˈkæɹid	To support and move from one place to another	freetalk
classes	ˈklæsəz	A group of students meeting regularly to study a subject together	freetalk
completed	kəmˈplitəd	Having been finished or ended	freetalk
concept	ˈkɑnsɛpt	An abstract idea or general notion	freetalk
copy	ˈkɑpi	A thing made to be similar or identical to another	freetalk
dear	ˈdɪɹ	Loved or cherished	freetalk
dogs	ˈdɑɡz	A domesticated carnivorous mammal that typically has a long snout, an acute sense of smell, and a barking, howling, or whining voice	freetalk
drugs	ˈdɹʌɡz	A substance used to treat or prevent disease	freetalk
efforts	ˈɛfɝts	Exertion of physical or mental power	freetalk
garden	ˈɡɑɹdən	A piece of ground, often near a house, used for growing flowers, fruit, or vegetables	freetalk
host	ˈhoʊst	A person who receives or entertains guests	freetalk
housing	ˈhaʊzɪŋ	Shelter or lodging for living in	freetalk
journal	ˈdʒɝnəl	A daily record of news and events	freetalk
labor	ˈleɪbɝ	Work, especially hard physical work	freetalk
leadership	ˈlidɝˌʃɪp	The action of leading a group of people or an organization	freetalk
length	ˈlɛŋkθ	The measurement or extent of something from end to end	freetalk
lucky	ˈlʌki	Having good fortune or success by chance	freetalk
neither	ˈniðɝ	Not one or the other of two people or things	freetalk
onto	ˈɑntu	To a position on or supported by	freetalk
patient	ˈpeɪʃənt	A person receiving medical treatment	freetalk
possibly	ˈpɑsəbli	In a possible manner	freetalk
prove	ˈpɹuv	Demonstrate the truth or existence of something by evidence or argument	freetalk
rare	ˈɹɛɹ	Not occurring very often	freetalk
setting	ˈsɛtɪŋ	The place or type of surroundings where something is positioned or where an event takes place	freetalk
skills	ˈskɪlz	The ability to do something well; expertise	freetalk
software	ˈsɔfˌtwɛɹ	Programs and other operating information used by a computer	freetalk
thousands	ˈθaʊzəndz	A very large number or amount	freetalk
tough	ˈtʌf	Strong and durable	freetalk
units	ˈjunəts	A single thing or person	freetalk
ad	ˈæd	Toward; in the direction of	freetalk
alive	əˈlaɪv	Having life; living; not dead	freetalk
apple	ˈæpəl	The round fruit of a tree of the rose family, which typically has thin red or green skin and crisp flesh	freetalk
balance	ˈbæləns	An even distribution of weight enabling someone or something to remain upright and steady	freetalk
birthday	ˈbɝθˌdeɪ	The anniversary of the day on which a person was born	freetalk
bitch	ˈbɪtʃ	A female dog	freetalk
boss	ˈbɑs	A person in charge of a worker or organization	freetalk
changing	ˈtʃeɪndʒɪŋ	Make or become different	freetalk
connection	kəˈnɛkʃən	A relationship in which a person, thing, or idea is linked or associated with another	freetalk
dress	ˈdɹɛs	Clothing worn for a particular occasion or purpose	freetalk
easier	ˈiziɝ	Not hard or difficult; requiring little effort	freetalk
fellow	ˈfɛloʊ	A man or boy	freetalk
horse	ˈhɔɹs	A large, solid-hoofed, herbivorous mammal domesticated for riding and as a beast of burden	freetalk
knowing	ˈnoʊɪŋ	Having knowledge or information	freetalk
liked	ˈlaɪkt	To have a favorable opinion of; find pleasant or attractive	freetalk
magic	ˈmædʒɪk	The power of apparently influencing events by using mysterious or supernatural forces	freetalk
managed	ˈmænədʒd	To be in charge of or control	freetalk
map	ˈmæp	A diagrammatic representation of an area	freetalk
net	ˈnɛt	A fabric mesh woven from string or wire	freetalk
owned	ˈoʊnd	To possess something as one's own	freetalk
request	ɹɪˈkwɛst	An act of asking for something to be done or given	freetalk
stick	ˈstɪk	A thin piece of wood that is used for various purposes	freetalk
they've	ˈðeɪv	Short for 'they have'	shadowline
turns	ˈtɝnz	To move or cause to move in a circular direction	freetalk
vehicle	ˈvihɪkəl	A device or structure for transporting people or goods	freetalk
volume	ˈvɑljum	The amount of space that a substance or object occupies	freetalk
wake	ˈweɪk	To emerge or cause to emerge from sleep	freetalk
aid	ˈeɪd	Help or support given to someone in need	freetalk
beauty	ˈbjuti	A combination of qualities, such as shape, color, or form, that pleases the aesthetic senses	freetalk
believed	bɪˈlivd	Accept that (something) is true or exists	freetalk
billion	ˈbɪljən	A cardinal number representing one thousand million	freetalk
busy	ˈbɪzi	actively and attentively engaged in work or a pastime	freetalk
buying	ˈbaɪɪŋ	Obtain in exchange for payment	freetalk
cells	ˈsɛlz	The smallest structural and functional unit of an organism	freetalk
concerned	kənˈsɝnd	Worried or anxious about something	freetalk
conversation	ˌkɑnvɝˈseɪʃən	An informal interchange of thoughts and information by spoken words	freetalk
corner	ˈkɔɹnɝ	The point where two converging lines meet	freetalk
criminal	ˈkɹɪmənəl	A person who has committed a crime	freetalk
cultural	ˈkʌltʃɝəl	Relating to the arts, manners, and customs of a particular society	freetalk
develop	dɪˈvɛləp	Grow or cause to grow and become more mature, advanced, or elaborate	freetalk
driver	ˈdɹaɪvɝ	A person who drives a vehicle	freetalk
ends	ˈɛndz	The final part of something	freetalk
existing	ɪɡˈzɪstɪŋ	Present, current, in existence	freetalk
farm	ˈfɑɹm	An area of land and its buildings used for growing crops and raising animals	freetalk
file	ˈfaɪl	A folder or box for holding loose papers or documents	freetalk
fix	ˈfɪks	Repair or mend	freetalk
fly	ˈflaɪ	(verb) to move through the air using wings	freetalk
frank	ˈfɹæŋk	Open, honest, and direct in speech or writing	freetalk
guide	ˈɡaɪd	To show the way to someone by leading or directing them	freetalk
images	ˈɪmədʒəz	A representation of the external form of a person or thing in art	freetalk
investigation	ˌɪnˌvɛstəˈɡeɪʃən	The action of investigating something	freetalk
operating	ˈɑpɝˌeɪtɪŋ	Functioning or in use	freetalk
paying	ˈpeɪɪŋ	Giving money in exchange for goods or services	freetalk
presented	pɹiˈzɛntɪd	To show or offer something for others to see or consider	freetalk
raise	ˈɹeɪz	To lift or move to a higher position	freetalk
responsibility	ɹiˌspɑnsəˈbɪləti	The state or fact of having a duty to deal with something or of having control over someone	freetalk
roll	ˈɹoʊl	To move by turning over and over	freetalk
slightly	ˈslaɪtli	To a small degree or extent	freetalk
suggest	səˈdʒɛst	To mention or introduce an idea for consideration	freetalk
surprise	sɝˈpɹaɪz	To cause someone to feel mild astonishment or shock	freetalk
technical	ˈtɛknɪkəl	Relating to a particular subject, art, or craft	freetalk
thoughts	ˈθɔts	The product of mental activity; that which one thinks	freetalk
treat	ˈtɹit	To act or behave toward someone in a specified way	freetalk
unique	juˈnik	Being the only one of its kind	freetalk
variety	vɝˈaɪəti	The quality or state of being different or diverse	freetalk
violence	ˈvaɪələns	Behavior involving physical force intended to hurt, damage, or kill someone or something	freetalk
weapons	ˈwɛpənz	A tool or instrument used for fighting or attacking	freetalk
yours	ˈjʊɹz	Belonging to or associated with you	freetalk
youth	ˈjuθ	The period between childhood and adulthood	freetalk
appreciate	əˈpɹiʃiˌeɪt	To recognize the full worth of something	freetalk
bigger	ˈbɪɡɝ	Comparative form of big	freetalk
breaking	ˈbɹeɪkɪŋ	To separate into pieces	freetalk
discovered	dɪˈskʌvɝd	Find (something or someone) unexpectedly or in the course of a search	freetalk
dry	ˈdɹaɪ	Free from moisture or liquid	freetalk
edge	ˈɛdʒ	The outside limit of an object, area, or surface	freetalk
evil	ˈivəl	Morally wrong or bad	freetalk
excited	ɪkˈsaɪtəd	Feeling or showing enthusiasm or eagerness	freetalk
forever	fɝˈɛvɝ	For all future time; for always	freetalk
funds	ˈfʌndz	A sum of money saved or made available for a particular purpose	freetalk
helps	ˈhɛlps	Makes it easier for someone to do something	freetalk
henry	ˈhɛnɹi	A male given name	freetalk
injury	ˈɪndʒɝi	Harm or damage caused to a person's body	freetalk
iron	ˈaɪɝn	A strong, hard magnetic silvery-gray metal	freetalk
lovely	ˈlʌvli	Delightful or charming in a way that inspires affection or admiration	freetalk
mad	ˈmæd	Mentally ill or insane	freetalk
magazine	ˈmæɡəˌzin	A periodical publication containing articles and illustrations	freetalk
martin	ˈmɑɹtən	A small bird with forked tail and long wings	freetalk
models	ˈmɑdəlz	A representation of a person or thing, typically on a smaller scale	freetalk
offers	ˈɔfɝz	Present or proffer (something) for (someone) to accept or reject as desired	freetalk
ordered	ˈɔɹdɝd	Arranged in a sequence or series	freetalk
parliament	ˈpɑɹləmənt	The highest legislative body in a country	freetalk
prepared	pɹiˈpɛɹd	Ready for something	freetalk
reference	ˈɹɛfɝəns	The action of mentioning or alluding to something	freetalk
religion	ɹɪˈlɪdʒən	The belief in and worship of a superhuman controlling power, especially a personal God or gods	freetalk
sites	ˈsaɪts	A place where something is located or has been built	freetalk
somewhere	ˈsʌmˌwɛɹ	In or to a place not specified or known	freetalk
stated	ˈsteɪtɪd	Expressed or declared	freetalk
strategy	ˈstɹætədʒi	A plan of action designed to achieve a long-term or overall aim	freetalk
teachers	ˈtitʃɝz	A person who teaches, especially in a school	freetalk
web	ˈwɛb	A network of fine threads constructed by a spider for catching prey	freetalk
wine	ˈwaɪn	An alcoholic drink made from fermented grapes or other fruits	freetalk
accounts	əˈkaʊnts	A record or statement of financial transactions	freetalk
arm	ˈɑɹm	The upper limb of the human body, extending from the shoulder to the hand	freetalk
audience	ˈɑdiəns	The group of spectators or listeners at a public event	freetalk
bay	ˈbeɪ	A body of water partially enclosed by land	freetalk
blog	ˈblɔɡ	A website containing a writer's or group of writers' own experiences, observations, opinions, etc., and often having images and links to other websites	freetalk
closer	ˈkloʊsɝ	A person who closes something, such as a door or a business	freetalk
core	ˈkɔɹ	The central or most important part of something	freetalk
democratic	ˌdɛməˈkɹætɪk	Relating to or supporting democracy	freetalk
description	dɪˈskɹɪpʃən	A spoken or written representation or account of a person, object, or event	freetalk
dropped	ˈdɹɑpt	To fall or let fall in a downward direction	freetalk
excellent	ˈɛksələnt	Very good of its kind; outstanding	freetalk
exist	ɪɡˈzɪst	Have objective reality or being	freetalk
figures	ˈfɪɡjɝz	A numerical symbol	freetalk
forms	ˈfɔɹmz	The visible shape or configuration of something	freetalk
guard	ˈɡɑɹd	A person who protects or keeps watch over someone or something	freetalk
honest	ˈɑnəst	Free of deceit or untruthfulness; sincere	freetalk
issued	ˈɪʃud	To supply or distribute something officially	freetalk
joined	ˈdʒɔɪnd	To bring or put together to form a whole	freetalk
jones	ˈdʒoʊnz	A strong desire or craving for something	freetalk
lee	ˈli	The side or part that is sheltered from the wind	freetalk
lies	ˈlaɪz	To make an untrue statement with intent to deceive	freetalk
likes	ˈlaɪks	To find agreeable or enjoyable	freetalk
medicine	ˈmɛdəsən	A substance used to treat or prevent disease	freetalk
mention	ˈmɛnʃən	Refer to something briefly or casually	freetalk
mountain	ˈmaʊntən	A large natural elevation of the earth's surface rising abruptly from the surrounding level; a large steep hill	freetalk
nuclear	ˈnukliɝ	Relating to the nucleus of an atom	freetalk
orders	ˈɔɹdɝz	The arrangement or disposition of people or things in relation to each other	freetalk
port	ˈpɔɹt	A place on the coast where ships may moor in shelter, especially one protected from rough water by piers, jetties, and other artificial structures	freetalk
presence	ˈpɹɛzəns	The state or fact of existing, occurring, or being present in a particular place	freetalk
reaction	ɹiˈækʃən	An action performed or feeling experienced in response to a situation or event	freetalk
reduce	ɹəˈdus	To make smaller or less in amount, degree, or size	freetalk
shoot	ˈʃut	To discharge a weapon or missile at a target	freetalk
sides	ˈsaɪdz	One of the two surfaces of a flat object	freetalk
solid	ˈsɑləd	Firm and stable in shape; not liquid or fluid	freetalk
sport	ˈspɔɹt	An activity involving physical exertion and skill in which an individual or team competes against another or others for entertainment	freetalk
steps	ˈstɛps	One of a series of regular or rhythmical movements of the feet, typically in walking or running	freetalk
stress	ˈstɹɛs	Pressure or tension exerted on a material object	freetalk
taste	ˈteɪst	The sensation of flavor perceived in the mouth and throat on contact with a substance	freetalk
victory	ˈvɪktɝi	An act of defeating an enemy or opponent in a battle, game, or other competition	freetalk
afternoon	ˌæftɝˈnun	The time from noon or lunchtime to evening	freetalk
assistant	əˈsɪstənt	A person who helps or aids another in their work or duties	freetalk
citizens	ˈsɪtəzənz	A person who is a legal member of a country and has the rights and protection of that country	freetalk
classic	ˈklæsɪk	Judged over a period of time to be of the highest quality and outstanding of its kind	freetalk
clothes	ˈkloʊðz	Items worn to cover the body	freetalk
decisions	dɪˈsɪʒənz	The act of making up one's mind	freetalk
electric	ɪˈlɛktɹɪk	Exciting; thrilling	freetalk
emergency	ɪˈmɝdʒənsi	A serious, unexpected, and often dangerous situation requiring immediate action	freetalk
entered	ˈɛntɝd	To come or go into	freetalk
entirely	ɪnˈtaɪɝli	Completely	freetalk
facts	ˈfækts	Something that actually exists; reality; truth	freetalk
failure	ˈfeɪljɝ	Lack of success	freetalk
festival	ˈfɛstəvəl	A day or period of celebration or feasting	freetalk
flat	ˈflæt	Having a level surface without raised areas	freetalk
fuel	ˈfjuəl	Material such as coal, gas, or oil that is burned to produce heat or power	freetalk
harry	ˈhɛɹi	To persistently annoy or harass	freetalk
hello	həˈloʊ	Used as a greeting or to begin a conversation	freetalk
houses	ˈhaʊsəz	A building for human habitation	freetalk
ill	ˈɪl	Not in good health	freetalk
initial	ˌɪˈnɪʃəl	Existing or occurring at the beginning	freetalk
introduced	ˌɪntɹəˈdust	Present or bring (something) into use or operation for the first time	freetalk
johnson	ˈdʒɑnsən	A male given name	freetalk
kick	ˈkɪk	To strike or propel with the foot	freetalk
links	ˈlɪŋks	A connection between two things	freetalk
mail	ˈmeɪl	Letters, packages, etc., that are sent or delivered by means of the postal system	freetalk
massive	ˈmæsɪv	Large in scale or degree	freetalk
matters	ˈmætɝz	Physical substance or material	freetalk
pair	ˈpɛɹ	Two corresponding things designed for use together	freetalk
picked	ˈpɪkt	To select or choose from a group	freetalk
pieces	ˈpisəz	A part of a whole	freetalk
plane	ˈpleɪn	A flat surface	freetalk
plenty	ˈplɛnti	A full or abundant supply or quantity	freetalk
prince	ˈpɹɪns	A male member of a royal family	freetalk
proper	ˈpɹɑpɝ	Suitable or appropriate in the circumstances	freetalk
providing	pɹəˈvaɪdɪŋ	To supply or furnish something	freetalk
quarter	ˈkwɔɹtɝ	One of four equal parts of something	freetalk
regional	ˈɹidʒənəl	Relating to or characteristic of a particular region	freetalk
session	ˈsɛʃən	A period of time devoted to a particular activity	freetalk
shape	ˈʃeɪp	The external form or appearance of someone or something	freetalk
sky	ˈskaɪ	The region of the atmosphere and outer space seen from the earth	freetalk
teaching	ˈtitʃɪŋ	The act or profession of imparting knowledge or skills to others	freetalk
toward	təˈwɔɹd	In the direction of	freetalk
transfer	tɹænsˈfɝ	To move from one place to another	freetalk
upper	ˈʌpɝ	Situated above another part; higher in position	freetalk
useful	ˈjusfəl	Able to be used for a practical purpose or in several ways	freetalk
valley	ˈvæli	A low area of land between hills or mountains, typically with a river or stream flowing through it	freetalk
watched	ˈwɑtʃt	To look at or observe attentively over a period of time	freetalk
willing	ˈwɪlɪŋ	Ready, eager, or prepared to do something	freetalk
windows	ˈwɪndoʊz	An opening in a wall or roof that is fitted with glass or other transparent material to admit light and allow people to see out	freetalk
zone	ˈzoʊn	An area or region distinguished from adjacent parts by a distinctive feature or characteristic	freetalk
accident	ˈæksədənt	An event that happens by chance or without apparent cause	freetalk
advanced	ədˈvænst	Far on or ahead in development or progress	freetalk
alternative	ɔlˈtɝnətɪv	One of two or more available possibilities	freetalk
anywhere	ˈɛniˌwɛɹ	In, at, or to any place	freetalk
articles	ˈɑɹtəkəlz	A particular item or object	freetalk
awards	əˈwɔɹdz	A prize or other mark of recognition given in honor of an achievement	freetalk
bear	ˈbɛɹ	To support or hold up	freetalk
boat	ˈboʊt	A small vessel for travel on water	freetalk
bringing	ˈbɹɪŋɪŋ	Present participle of bring	freetalk
capacity	kəˈpæsəti	The maximum amount that something can contain or produce	freetalk
cheap	ˈtʃip	Inexpensive	freetalk
climate	ˈklaɪmət	The weather conditions prevailing in an area in general or over a long period	freetalk
communities	kəˈmjunətiz	A group of people living in the same place or having a particular characteristic in common	freetalk
discussion	dɪˈskʌʃən	The action or process of talking about something in order to reach a decision or to exchange ideas	freetalk
drinking	ˈdɹɪŋkɪŋ	The act of consuming liquid through the mouth	freetalk
duty	ˈduti	A moral or legal obligation	freetalk
fantastic	fænˈtæstɪk	Imaginary or fanciful	freetalk
feelings	ˈfilɪŋz	An emotional state or reaction	freetalk
flying	ˈflaɪɪŋ	Moving or able to move through the air using wings	freetalk
governor	ˈɡʌvɝnɝ	A person who governs or controls a state or organization	freetalk
hasn't	ˈhæzənt	Short for 'has not'	shadowline
hundred	ˈhʌndɹəd	A cardinal number equal to ten times ten	freetalk
industrial	ˌɪnˈdʌstɹiəl	Of, relating to, or characterized by industry	freetalk
joint	ˈdʒɔɪnt	A point at which parts of an artificial structure are joined	freetalk
mix	ˈmɪks	To combine or blend different substances together	freetalk
museum	mjuˈziəm	A building or place where works of art, scientific specimens, or other objects of permanent value are kept for public view	freetalk
options	ˈɑpʃənz	A choice or possibility	freetalk
path	ˈpæθ	A route, course, or track that is trodden or worn by the feet of persons or animals	freetalk
plants	ˈplænts	A living organism that typically grows in soil, has leaves or stems, and produces its own food through photosynthesis	freetalk
policies	ˈpɑləsiz	A course or principle of action adopted or proposed by an organization or individual	freetalk
promise	ˈpɹɑməs	A declaration or assurance that one will do a particular thing or that a particular thing will happen	freetalk
proposed	pɹəˈpoʊzd	Put forward for consideration or acceptance	freetalk
purchase	ˈpɝtʃəs	acquire by paying for it	freetalk
rain	ˈɹeɪn	Water that falls in drops from clouds in the sky	freetalk
remove	ɹiˈmuv	Take away	freetalk
signs	ˈsaɪnz	An object, quality, or event whose presence or occurrence indicates the probable presence or occurrence of something else	freetalk
spending	ˈspɛndɪŋ	The act of using money to buy goods or services	freetalk
steel	ˈstil	A hard, strong, gray or bluish-gray alloy of iron with carbon and usually other elements, used extensively as a structural and fabricating material	freetalk
supporting	səˈpɔɹtɪŋ	To bear the weight of something	freetalk
terrible	ˈtɛɹəbəl	Extremely bad or serious	freetalk
they'll	ˈðeɪl	Short for 'they will'	shadowline
tired	ˈtaɪɝd	In need of sleep or rest	freetalk
treated	ˈtɹitɪd	To act or behave toward someone in a certain way	freetalk
turning	ˈtɝnɪŋ	The act of changing direction or position	freetalk
vice	ˈvaɪs	Immoral or wicked behavior	freetalk
warm	ˈwɔɹm	Having or giving off a moderate degree of heat	freetalk
afraid	əˈfɹeɪd	Feeling fear or anxiety	freetalk
arts	ˈɑɹts	The expression or application of human creative skill and imagination, typically in a visual form such as painting or sculpture	freetalk
beer	ˈbɪɹ	An alcoholic drink made from yeast-fermented malt flavored with hops	freetalk
border	ˈbɔɹdɝ	A line separating two countries, administrative divisions, or areas	freetalk
command	kəˈmænd	An authoritative order or instruction	freetalk
crew	ˈkɹu	A group of people working together, especially one that operates a vehicle or machine	freetalk
crowd	ˈkɹaʊd	A large number of people gathered together	freetalk
dating	ˈdeɪtɪŋ	The act of going out with someone in whom one is romantically or sexually interested	freetalk
dick	ˈdɪk	A male given name	freetalk
elements	ˈɛləmənts	A fundamental or essential part	freetalk
enemy	ˈɛnəmi	A person who is actively opposed or hostile to someone or something	freetalk
ensure	ɛnˈʃʊɹ	Make certain that (something) shall occur or be the case	freetalk
environmental	ɪnˌvaɪɹənˈmɛntəl	Relating to the natural world and the impact of human activity on it	freetalk
filled	ˈfɪld	To make or become full	freetalk
fixed	ˈfɪkst	Fastened securely in place	freetalk
forest	ˈfɔɹəst	A large area covered chiefly with trees and undergrowth	freetalk
intelligence	ˌɪnˈtɛlədʒəns	The ability to acquire and apply knowledge and skills	freetalk
intended	ˌɪnˈtɛndɪd	Planned or meant	freetalk
labour	ˈleɪbɝ	Work, especially hard physical work	freetalk
limit	ˈlɪmət	A point or level beyond which something does not or may not extend or pass	freetalk
moon	ˈmun	The natural satellite of the Earth	freetalk
ocean	ˈoʊʃən	A very large expanse of sea, in particular each of the main areas into which the sea is divided geographically	freetalk
powers	ˈpaʊɝz	The ability to do something or act in a particular way	freetalk
profit	ˈpɹɑfət	A financial gain, especially the difference between the amount earned and the amount spent in buying, operating, or producing something	freetalk
proof	ˈpɹuf	Evidence or argument establishing a fact or the truth of a statement	freetalk
republican	ɹɪˈpʌblɪkən	Advocating or supporting a republic as a form of government	freetalk
soldiers	ˈsoʊldʒɝz	A person who serves in an army	freetalk
suit	ˈsut	A set of clothes made to be worn together, typically consisting of a jacket and trousers or a jacket and skirt	freetalk
wins	ˈwɪnz	To achieve victory in a competition or conflict	freetalk
women's	ˈwɪmənz	Belonging to or relating to women	shadowline
appearance	əˈpɪɹəns	The way that someone or something looks	freetalk
attorney	əˈtɝni	A person appointed to act for another in business or legal matters	freetalk
banks	ˈbæŋks	The land alongside a body of water, such as a river or lake	freetalk
behavior	bɪˈheɪvjɝ	The way in which one acts or conducts oneself, especially towards others	freetalk
ben	ˈbɛn	A mountain peak	freetalk
bodies	ˈbɑdiz	The physical structure of a person or animal	freetalk
brothers	ˈbɹʌðɝz	A male sibling	freetalk
buildings	ˈbɪldɪŋz	A structure with a roof and walls, such as a house or office	freetalk
chair	ˈtʃɛɹ	A piece of furniture designed for one person to sit on, with a support for the back	freetalk
creating	kɹiˈeɪtɪŋ	To bring into existence	freetalk
debt	ˈdɛt	Something that is owed or due	freetalk
domestic	dəˈmɛstɪk	Of or relating to the home or family	freetalk
expensive	ɪkˈspɛnsɪv	Costing a lot of money	freetalk
grew	ˈɡɹu	To increase in size or amount	freetalk
historical	hɪˈstɔɹɪkəl	Of or concerning history	freetalk
homes	ˈhoʊmz	The place where one lives permanently, especially as a member of a family or household	freetalk
honestly	ˈɑnəstli	In an honest or truthful manner	freetalk
honor	ˈɑnɝ	High respect; esteem	freetalk
jump	ˈdʒʌmp	To spring into the air	freetalk
launch	ˈlɔntʃ	To set or thrust in motion	freetalk
listed	ˈlɪstəd	To make a list of items or names	freetalk
minimum	ˈmɪnəməm	The smallest amount or quantity possible	freetalk
native	ˈneɪtɪv	A person born in a particular place	freetalk
noted	ˈnoʊtəd	Well-known or recognized	freetalk
originally	ɝˈɪdʒənəli	At the beginning; in the first place	freetalk
planned	ˈplænd	Arranged in advance	freetalk
ray	ˈɹeɪ	A narrow beam of light	freetalk
sets	ˈsɛts	A group of similar things that belong together or are used together	freetalk
suddenly	ˈsʌdənli	Happening or done quickly and unexpectedly	freetalk
supreme	səˈpɹim	Highest in rank or authority	freetalk
survey	sɝˈveɪ	To examine or inspect closely	freetalk
trees	ˈtɹiz	A wooden structure or part of a structure	freetalk
update	əpˈdeɪt	Make (something) more modern or up to date	freetalk
user	ˈjuzɝ	One that uses something	freetalk
writer	ˈɹaɪtɝ	A person who writes books, stories, or articles	freetalk
yellow	ˈjɛloʊ	Of the color between green and orange in the spectrum	freetalk
younger	ˈjʌŋɡɝ	Being in an early period of life or growth	freetalk
ancient	ˈeɪntʃənt	Belonging to the very distant past	freetalk
attacks	əˈtæks	To take aggressive action against a person or place	freetalk
charges	ˈtʃɑɹdʒəz	A price asked for goods or services provided	freetalk
combined	kəmˈbaɪnd	Made by joining two or more things together	freetalk
communication	kəˌmjunəˈkeɪʃən	The imparting or exchanging of information or news	freetalk
connected	kəˈnɛktɪd	Joined or linked together	freetalk
contains	kənˈteɪnz	To hold or have within	freetalk
download	ˈdaʊnˌloʊd	To transfer data or files from a server or computer to a local device	freetalk
email	iˈmeɪl	A system for sending messages electronically over a computer network	freetalk
ending	ˈɛndɪŋ	The final part of something	freetalk
exercise	ˈɛksɝˌsaɪz	Activity requiring physical effort, carried out to sustain or improve health and fitness	freetalk
express	ɪkˈspɹɛs	To convey (thoughts or feelings) in words or by gestures	freetalk
flow	ˈfloʊ	Move along or out steadily and continuously in a current or stream	freetalk
formed	ˈfɔɹmd	To give shape or structure to something	freetalk
girlfriend	ˈɡɝlˌfɹɛnd	A female partner in a romantic relationship	freetalk
hero	ˈhɪɹoʊ	A person admired for their courage, outstanding achievements, or noble qualities	freetalk
illegal	ˌɪˈliɡəl	Contrary to or forbidden by law	freetalk
increasing	ˌɪnˈkɹisɪŋ	Becoming greater in size, amount, or degree	freetalk
joke	ˈdʒoʊk	A humorous anecdote or remark intended to provoke laughter	freetalk
loan	ˈloʊn	A sum of money that is borrowed and expected to be paid back with interest	freetalk
methods	ˈmɛθədz	A way of doing something, especially a systematic or established one	freetalk
officials	əˈfɪʃəlz	A person who holds a position of authority in an organization or government	freetalk
people's	ˈpipəlz	Belonging to or relating to people	shadowline
performed	pɝˈfɔɹmd	Carry out or fulfill (an action, task, or function)	freetalk
planet	ˈplænət	A celestial body that orbits the sun and is not a comet or asteroid	freetalk
relationships	ɹiˈleɪʃənˌʃɪps	The way in which two or more people or things are connected, or the state of being connected	freetalk
restaurant	ˈɹɛstɝˌɑnt	A place where people pay to sit and eat meals that are cooked and served on the premises	freetalk
selected	səˈlɛktɪd	Chosen from a group	freetalk
shared	ˈʃɛɹd	To have or use something in common with others	freetalk
shopping	ˈʃɑpɪŋ	the act of purchasing goods	freetalk
soft	ˈsɑft	Easily giving in to pressure; not hard or firm	freetalk
stuck	ˈstʌk	Unable to move from a particular position or place	freetalk
sugar	ˈʃʊɡɝ	A sweet substance used to sweeten food and drinks	freetalk
suggested	səˈdʒɛstɪd	Put forward for consideration	freetalk
supported	səˈpɔɹtɪd	Bear all or part of the weight of; hold up	freetalk
surprised	sɝˈpɹaɪzd	To feel mild astonishment or shock	freetalk
taught	ˈtɔt	past tense of teach	freetalk
transport	tɹænˈspɔɹt	To carry or move from one place to another	freetalk
weren't	ˈwɝənt	Short for 'were not'	shadowline
accepted	ækˈsɛptɪd	Generally approved or recognized	freetalk
adding	ˈædɪŋ	To combine two or more numbers to find their total	freetalk
affairs	əˈfɛɹz	Matters or events of a particular kind	freetalk
allows	əˈlaʊz	To give permission for something to happen or be done	freetalk
appeal	əˈpil	To make a serious or urgent request	freetalk
applied	əˈplaɪd	Put to practical use	freetalk
appropriate	əˈpɹoʊpɹiət	Suitable or proper in the circumstances	freetalk
artists	ˈɑɹtɪsts	A person who creates art, especially paintings or sculptures	freetalk
boston	ˈbɑstən	A city in Massachusetts, United States	freetalk
confirmed	kənˈfɝmd	Established as true or certain	freetalk
device	dɪˈvaɪs	A thing made or adapted for a particular purpose, especially a piece of mechanical or electronic equipment	freetalk
drama	ˈdɹɑmə	A play for theater, radio, or television	freetalk
entry	ˈɛntɹi	The act of entering	freetalk
era	ˈɛɹə	A period of time marked by distinctive character or events	freetalk
factor	ˈfæktɝ	One who acts or transacts business for another; an agent	freetalk
feed	ˈfid	To give food to	freetalk
golden	ˈɡoʊldən	Made of or resembling gold	freetalk
grant	ˈɡɹænt	To agree to give or allow (something requested) to	freetalk
grown	ˈɡɹoʊn	past participle of grow	freetalk
heads	ˈhɛdz	The upper part of the human body, containing the brain and other organs	freetalk
hoping	ˈhoʊpɪŋ	Feeling a desire for a certain thing to happen	freetalk
keeps	ˈkips	To have or retain possession of	freetalk
lawyer	ˈlɔjɝ	A person who practices or studies law	freetalk
legs	ˈlɛɡz	The lower limbs of a human or animal that support the body and are used for walking	freetalk
lying	ˈlaɪɪŋ	Present participle of lie (to make an untrue statement with intent to deceive)	freetalk
measures	ˈmɛʒɝz	A plan or course of action taken to achieve a particular purpose	freetalk
mistake	mɪˈsteɪk	An error or fault in action, calculation, opinion, or judgment caused by poor reasoning, carelessness, insufficient knowledge, etc	freetalk
organizations	ˌɔɹɡənəˈzeɪʃənz	An organized group of people with a particular purpose, such as a business or charity	freetalk
platform	ˈplætˌfɔɹm	A raised level surface on which people or things can stand	freetalk
pool	ˈpul	A small body of still water, typically one formed naturally	freetalk
pulled	ˈpʊld	To exert force on (someone or something) so as to cause movement towards oneself	freetalk
regarding	ɹɪˈɡɑɹdɪŋ	Concerning or relating to	freetalk
relations	ɹiˈleɪʃənz	The way in which two or more people or groups feel and behave toward each other	freetalk
requires	ɹiˈkwaɪɝz	To need or demand something as necessary	freetalk
route	ˈɹut	A way or course taken in getting from a starting point to a destination	freetalk
saved	ˈseɪvd	To rescue or preserve from harm, danger, or loss	freetalk
schedule	ˈskɛdʒʊl	A plan for carrying out a process or procedure, giving lists of intended events and times	freetalk
scientific	ˌsaɪənˈtɪfɪk	Of, relating to, or using the methods of science	freetalk
shoes	ˈʃuz	A covering for the foot, typically made of leather or other material, with a sturdy sole and not reaching above the ankle	freetalk
smoke	ˈsmoʊk	The visible vapor and gases given off by a burning or smoldering substance	freetalk
squad	ˈskwɑd	A small group of people working together as a unit	freetalk
teach	ˈtitʃ	To impart knowledge or skill to someone by instruction or example	freetalk
testing	ˈtɛstɪŋ	The act of evaluating or assessing something	freetalk
tests	ˈtɛsts	A procedure intended to establish the quality, performance, or reliability of something	freetalk
values	ˈvæljuz	Principles or standards of behavior; one's judgment of what is important in life	freetalk
walked	ˈwɔkt	To move on foot at a moderate pace	freetalk
ya	ˈjɑ	You	freetalk
abuse	əˈbjus	To use something in a way that is harmful or wrong	freetalk
angry	ˈæŋɡɹi	Feeling or showing strong displeasure or hostility	freetalk
businesses	ˈbɪznəsəz	The activity of making, buying, or selling goods or providing services in exchange for money	freetalk
candidate	ˈkændədeɪt	A person who is seeking or being considered for a position, office, or honor	freetalk
comfortable	ˈkʌmfɝtəbəl	Providing physical ease and relaxation	freetalk
concern	kənˈsɝn	To relate to; be connected with	freetalk
developing	dɪˈvɛləpɪŋ	Growing or maturing	freetalk
discuss	dɪˈskʌs	Talk about (something) with another person or group	freetalk
elections	ɪˈlɛkʃənz	The act or process of choosing a person for a position by voting	freetalk
emotional	ɪˈmoʊʃənəl	Pertaining to or involving emotion	freetalk
et	ˈɛt	and	freetalk
everywhere	ˈɛvɹiˌwɛɹ	In or to all places	freetalk
facilities	fəˈsɪlətiz	A place, amenity, or piece of equipment provided for a particular purpose	freetalk
falling	ˈfɑlɪŋ	To descend from a higher to a lower place	freetalk
fox	ˈfɑks	A carnivorous mammal of the dog family with a pointed muzzle and bushy tail, known for its cunning and sly behavior	freetalk
guns	ˈɡʌnz	A weapon incorporating a metal tube from which bullets, shells, or other missiles are propelled by explosive force	freetalk
hole	ˈhoʊl	An opening or hollow place in a solid surface	freetalk
holiday	ˈhɑləˌdeɪ	A day of festivity or recreation when no work is done	freetalk
interests	ˈɪntɹəsts	The feeling of wanting to know or learn about something	freetalk
internal	ˌɪnˈtɝnəl	Situated or occurring within the body; inner	freetalk
jersey	ˈdʒɝzi	A type of knitted fabric	freetalk
laugh	ˈlæf	To show or feel amusement or good humor	freetalk
leg	ˈlɛɡ	One of the limbs or appendages that an animal uses for support or locomotion	freetalk
letters	ˈlɛtɝz	A written or printed communication addressed to a person or organization	freetalk
liberal	ˈlɪˌbɝəl	Open to new behavior or opinions and willing to discard traditional values	freetalk
listening	ˈlɪsənɪŋ	Paying attention to sound	freetalk
loves	ˈlʌvz	Strong affection for another arising out of kinship or personal ties	freetalk
lunch	ˈlʌntʃ	A meal eaten in the middle of the day	freetalk
max	ˈmæks	The greatest quantity or value possible	freetalk
milk	ˈmɪlk	A white liquid produced by female mammals to nourish their young	freetalk
pack	ˈpæk	A group of items wrapped or tied together for carrying	freetalk
payment	ˈpeɪmənt	The act of paying someone or something	freetalk
perform	pɝˈfɔɹm	Carry out a task or action	freetalk
recorded	ɹəˈkɔɹdɪd	Made a record of something	freetalk
relatively	ˈɹɛlətɪvli	In relation, comparison, or proportion to something else	freetalk
sector	ˈsɛktɝ	A distinct part or branch of a nation's economy or society	freetalk
sharing	ˈʃɛɹɪŋ	To have or use something in common with others	freetalk
snow	ˈsnoʊ	Frozen precipitation in the form of white ice crystals	freetalk
storm	ˈstɔɹm	A violent disturbance of the atmosphere with strong winds and usually rain, thunder, lightning, or snow	freetalk
streets	ˈstɹits	A public road in a city or town, typically with buildings on either side	freetalk
strike	ˈstɹaɪk	Hit forcibly and deliberately with one's hand or a weapon	freetalk
studio	ˈstudiˌoʊ	A room where an artist, photographer, or musician works	freetalk
sub	ˈsʌb	A sandwich made with a long roll of bread filled with meat, cheese, and vegetables	freetalk
weak	ˈwik	Lacking physical strength or energy	freetalk
actor	ˈæktɝ	A person who performs in plays, movies, or television shows	freetalk
advance	ədˈvæns	Move forward in a purposeful way	freetalk
apartment	əˈpɑɹtmənt	A room or a group of related rooms, among similar sets in one building, designed for use as a dwelling	freetalk
chain	ˈtʃeɪn	A series of connected links or rings used for holding, pulling, or fastening	freetalk
chapter	ˈtʃæptɝ	A main division of a book, typically with a number or title	freetalk
committed	kəˈmɪtɪd	Pledged or bound to a certain course or policy	freetalk
confidence	ˈkɑnfədəns	The feeling or belief that one can rely on someone or something	freetalk
cook	ˈkʊk	Prepare (food) by heating it	freetalk
cute	ˈkjut	Attractive in a pretty or endearing way	freetalk
equal	ˈikwəl	Being the same in quantity, size, degree, or value	freetalk
fake	ˈfeɪk	Not genuine or real	freetalk
finance	fəˈnæns	The management of money and other assets	freetalk
focused	ˈfoʊkəst	Paying close attention or concentrating on a particular task or goal	freetalk
identity	aɪˈdɛntɪˌti	The fact of being who or what a person or thing is	freetalk
journey	ˈdʒɝni	An act of traveling from one place to another	freetalk
kitchen	ˈkɪtʃən	A room or area where food is prepared and cooked	freetalk
leads	ˈlidz	To guide or direct	freetalk
maintain	meɪnˈteɪn	To keep in existence or continuance; preserve	freetalk
measure	ˈmɛʒɝ	To ascertain the size, amount, or degree of something	freetalk
mm	m	Used to express hesitation or a sound of contemplation	freetalk
numerous	ˈnumɝəs	Great in number; many	freetalk
owners	ˈoʊnɝz	A person who owns; possessor	freetalk
posts	ˈpoʊsts	A strong piece of timber, metal, or other material set upright as a support or marker	freetalk
properties	ˈpɹɑpɝtiz	A characteristic or attribute of an object or substance	freetalk
quiet	ˈkwaɪət	Making little or no noise	freetalk
revealed	ɹɪˈvild	Make (previously unknown or secret information) known to others	freetalk
specifically	spəˈsɪfɪkli	In a detailed and precise manner	freetalk
split	ˈsplɪt	Divide into parts or pieces	freetalk
task	ˈtæsk	A piece of work to be done or undertaken	freetalk
taxes	ˈtæksəz	Impose a tax on (someone or something)	freetalk
twenty	ˈtwɛnti	The number 20	freetalk
urban	ˈɝbən	Relating to, or characteristic of a city or town	freetalk
acts	ˈækts	Performances or deeds	freetalk
affected	əˈfɛktɪd	Influenced or touched emotionally	freetalk
aircraft	ˈɛɹˌkɹæft	A vehicle designed for air travel, with wings and one or more engines	freetalk
applications	ˌæpləˈkeɪʃənz	The act of putting something into operation or use	freetalk
approved	əˈpɹuvd	Officially agreed upon or accepted	freetalk
approximately	əˈpɹɑksəmətli	About; roughly	freetalk
argument	ˈɑɹɡjəmənt	An exchange of diverging or opposite views, typically a heated or angry one	freetalk
arrested	ɝˈɛstɪd	To seize and detain someone by legal authority	freetalk
claimed	ˈkleɪmd	Asserted ownership or right to something	freetalk
conflict	ˈkɑnflɪkt	A serious disagreement or argument	freetalk
considering	kənˈsɪdɝɪŋ	Taking into account; in view of	freetalk
corporate	ˈkɔɹpɝət	Of or relating to a corporation	freetalk
debate	dəˈbeɪt	A formal discussion on a particular topic in a public meeting or legislative assembly	freetalk
determined	dɪˈtɝmənd	Having made a firm decision and being resolved not to change it	freetalk
distribution	ˌdɪstɹəˈbjuʃən	The action of sharing something out among a number of recipients	freetalk
documents	ˈdɑkjəmənts	A piece of written, printed, or electronic matter that provides information or evidence	freetalk
escape	ɪˈskeɪp	To break free from confinement or control	freetalk
extended	ɪkˈstɛndəd	Stretched out in length	freetalk
factors	ˈfæktɝz	One who acts or transacts business for another; an agent	freetalk
faster	ˈfæstɝ	Moving, operating, or happening at a greater speed than something else	freetalk
fault	ˈfɔlt	Responsibility for a mistake or wrongdoing	freetalk
fill	ˈfɪl	To make or become full	freetalk
films	ˈfɪlmz	A thin layer or coating	freetalk
flowers	ˈflaʊɝz	The bloom or blossom of a plant	freetalk
friendly	ˈfɹɛndli	Kind and pleasant	freetalk
ladies	ˈleɪdiz	A woman who is refined, polite, and well-mannered	freetalk
lay	ˈleɪ	To put something down in a flat or horizontal position	freetalk
lights	ˈlaɪts	Something that makes things visible or affords illumination	freetalk
millions	ˈmɪljənz	The number 1,000,000	freetalk
mixed	ˈmɪkst	Combined or blended together from different elements	freetalk
phase	ˈfeɪz	A distinct period or stage in a process or development	freetalk
properly	ˈpɹɑpɝli	In a suitable or appropriate manner	freetalk
pure	ˈpjʊɹ	Free from anything of a different, inferior, or contaminating kind; free from extraneous matter	freetalk
reduced	ɹəˈdust	Made smaller or less in amount	freetalk
requirements	ɹɪˈkwaɪɹmənts	Something that is necessary or mandatory	freetalk
residents	ˈɹɛzɪdənts	A person who lives in a particular place	freetalk
revenue	ˈɹɛvəˌnu	Income, especially when of a company or organization	freetalk
sam	ˈsæm	A male given name	freetalk
sat	ˈsæt	past tense of sit	freetalk
secure	sɪˈkjʊɹ	Free from danger or risk	freetalk
smile	ˈsmaɪl	A pleased, kind, or amused facial expression typically with the corners of the mouth turned up and the front teeth exposed	freetalk
strange	ˈstɹeɪndʒ	Unusual or surprising in a way that is unsettling or hard to understand	freetalk
talent	ˈtælənt	Natural aptitude or skill	freetalk
temperature	ˈtɛmpɹətʃɝ	The degree or intensity of heat present in a substance or object	freetalk
thousand	ˈθaʊzənd	A cardinal number equal to 10 x 100	freetalk
tony	ˈtoʊni	Stylish or fashionable	freetalk
troops	ˈtɹups	Soldiers or armed forces	freetalk
truck	ˈtɹʌk	A large, heavy motor vehicle used for transporting goods or materials	freetalk
votes	ˈvoʊts	A formal indication of a choice between two or more candidates or courses of action, expressed typically through a ballot or a show of hands	freetalk
ah	ˈɑ	Used to express a range of emotions such as surprise, pleasure, or realization	freetalk
authorities	əˈθɔɹətiz	Persons in power or in control, especially in a government or organization	freetalk
basically	ˈbeɪsɪkli	In a fundamental manner	freetalk
besides	bɪˈsaɪdz	In addition to; also	freetalk
bird	ˈbɝd	A person of a specified kind or character, especially one who is odd or remarkable in some way	freetalk
blame	ˈbleɪm	Feel or declare that (someone or something) is responsible for a fault or wrong	freetalk
bob	ˈbɑb	A short, quick movement up and down	freetalk
bowl	ˈboʊl	A round, deep dish used for holding food or liquid	freetalk
causes	ˈkɑzəz	A person or thing that gives rise to an action, phenomenon, or condition	freetalk
chicken	ˈtʃɪkən	A domestic fowl kept for its eggs or meat, especially a young one	freetalk
collected	kəˈlɛktəd	Brought or placed together in one place	freetalk
context	ˈkɑntɛkst	The circumstances that form the setting for an event, statement, or idea, and in terms of which it can be fully understood and assessed	freetalk
coverage	ˈkʌvɝədʒ	The extent to which something is covered or included	freetalk
determine	dəˈtɝmən	To decide or settle conclusively	freetalk
display	dɪˈspleɪ	To show or exhibit	freetalk
dying	ˈdaɪɪŋ	Approaching death; gradually ceasing to exist	freetalk
elected	ɪˈlɛktəd	Chosen for a position or office through a vote	freetalk
examples	ɪɡˈzæmpəlz	A thing characteristic of its kind or illustrating a general rule	freetalk
experienced	ɪkˈspɪɹiənst	Having knowledge or skill in a particular area gained through practice or exposure	freetalk
falls	ˈfɔlz	Moves downward under the force of gravity	freetalk
false	ˈfɔls	Not in accordance with truth or fact; incorrect	freetalk
fired	ˈfaɪɝd	Dismiss from a job	freetalk
forgot	fɝˈɡɑt	Fail to remember	freetalk
funding	ˈfʌndɪŋ	Money provided for a specific purpose	freetalk
identified	aɪˈdɛntəˌfaɪd	Recognized or known	freetalk
incredible	ˌɪnˈkɹɛdəbəl	Impossible to believe	freetalk
inspired	ˌɪnˈspaɪɝd	Filled with the urge or ability to do or feel something, especially something creative	freetalk
launched	ˈlɔntʃt	To set or thrust in motion	freetalk
ma	ˈmɑ	Mother	freetalk
meat	ˈmit	The flesh of an animal used as food	freetalk
ministry	ˈmɪnəstɹi	The work or vocation of a minister or religious leader	freetalk
mode	ˈmoʊd	A way or manner in which something is done or happens	freetalk
neck	ˈnɛk	The part of the body connecting the head to the shoulders	freetalk
noticed	ˈnoʊtəst	To become aware of; perceive	freetalk
novel	ˈnɑvəl	A fictitious prose narrative of book length, typically representing character and action with some degree of realism	freetalk
obvious	ˈɑbviəs	Easily perceived or understood; clear	freetalk
passing	ˈpæsɪŋ	Moving past someone or something	freetalk
positions	pəˈzɪʃənz	The place where someone or something is located or has been put	freetalk
remaining	ɹɪˈmeɪnɪŋ	Still in existence; not used up or exhausted	freetalk
scored	ˈskɔɹd	To achieve or gain a point, goal, or run in a game or competition	freetalk
shirt	ˈʃɝt	A garment for the upper body typically having a collar, sleeves, and a front opening	freetalk
shots	ˈʃɑts	A photograph taken quickly	freetalk
slowly	ˈsloʊli	At a low speed or pace	freetalk
stadium	ˈsteɪdiəm	A large, usually open structure for sports events, concerts, or other public gatherings	freetalk
stores	ˈstɔɹz	A place where goods are kept for sale	freetalk
surgery	ˈsɝdʒɝi	The branch of medicine that deals with the treatment of injuries or disorders by manual or operative methods	freetalk
trading	ˈtɹeɪdɪŋ	The action or activity of buying and selling goods or services	freetalk
vision	ˈvɪʒən	The ability to see	freetalk
whenever	wɛˈnɛvɝ	At whatever time	freetalk
worried	ˈwɝid	Feeling or showing concern or anxiety about something	freetalk
zero	ˈzɪɹoʊ	The numerical symbol 0 representing the absence of quantity or magnitude	freetalk
allowing	əˈlaʊɪŋ	To give permission for something to happen or be done	freetalk
begins	bɪˈɡɪnz	To start or commence	freetalk
champion	ˈtʃæmpiən	A person who has defeated or surpassed all rivals in a competition	freetalk
charged	ˈtʃɑɹdʒd	Having an electric charge	freetalk
cream	ˈkɹim	The fatty part of milk that rises to the top	freetalk
crisis	ˈkɹaɪsəs	A time of intense difficulty, trouble, or danger	freetalk
delivered	dɪˈlɪvɝd	To bring or transport (goods or items) to a destination	freetalk
editor	ˈɛdətɝ	A person who edits written material for publication	freetalk
estimated	ˈɛstəˌmeɪtəd	To form an approximate judgment or opinion regarding the worth, amount, size, weight, etc., of; calculate approximately	freetalk
giant	ˈdʒaɪənt	A mythical being of great size and strength	freetalk
jail	ˈdʒeɪl	A place for the confinement of persons in lawful detention	freetalk
kingdom	ˈkɪŋdəm	A country, state, or territory ruled by a king or queen	freetalk
literature	ˈlɪtɝətʃɝ	Written works, especially those considered of superior or lasting artistic merit	freetalk
mayor	ˈmeɪɝ	The elected head of a city or town government	freetalk
minor	ˈmaɪnɝ	Lesser in size, extent, or importance	freetalk
moments	ˈmoʊmənts	A very brief period of time	freetalk
opposite	ˈɑpəzət	Situated on the other side or across from something	freetalk
orange	ˈɔɹəndʒ	A round juicy citrus fruit with a tough bright reddish-yellow rind	freetalk
ourselves	aʊɝˈsɛlvz	Used by us or for us	freetalk
pages	ˈpeɪdʒəz	One side of a sheet of paper in a book, magazine, etc	freetalk
remained	ɹɪˈmeɪnd	Stayed in the same place	freetalk
selection	səˈlɛkʃən	The action or process of selecting or being selected	freetalk
serving	ˈsɝvɪŋ	The action of providing food or drink for someone	freetalk
signal	ˈsɪɡnəl	A gesture, action, or sound used to convey information or instructions	freetalk
stream	ˈstɹim	A small, narrow river	freetalk
struggle	ˈstɹʌɡəl	Make forceful or violent efforts to get free of restraint or constriction	freetalk
suicide	ˈsuəˌsaɪd	The act of intentionally causing one's own death	freetalk
talked	ˈtɔkt	Past tense of talk	freetalk
theme	ˈθim	The subject of a piece of writing, speech, artwork, etc	freetalk
tiny	ˈtaɪni	Very small in size or amount	freetalk
typically	ˈtɪpɪkli	In a typical manner	freetalk
un	ˈʌn	Not	freetalk
unfortunately	ənˈfɔɹtʃənətli	Regrettably	freetalk
usual	ˈjuʒəwəl	Habitual or customary	freetalk
vehicles	ˈvihɪkəlz	A device or structure for transporting people or goods	freetalk
voted	ˈvoʊtɪd	To express a choice or opinion by casting a vote	freetalk
voting	ˈvoʊtɪŋ	The act of expressing a choice or opinion by marking a ballot or raising a hand	freetalk
walls	ˈwɔlz	A vertical structure typically dividing or enclosing an area	freetalk
wave	ˈweɪv	A long body of water curling into an arched form and breaking on the shore	freetalk
alcohol	ˈælkəˌhɑl	Any organic compound containing the hydroxyl functional group	freetalk
assembly	əˈsɛmbli	A group of people gathered together for a common purpose	freetalk
breakfast	ˈbɹɛkfəst	The first meal of the day, typically eaten in the morning	freetalk
bright	ˈbɹaɪt	Giving off or reflecting a lot of light; shining	freetalk
brings	ˈbɹɪŋz	Cause (someone or something) to come to a place	freetalk
capable	ˈkeɪpəbəl	Having the ability, fitness, or quality necessary to do or achieve a specified thing	freetalk
carrying	ˈkæɹiɪŋ	To support and move something from one place to another	freetalk
chosen	ˈtʃoʊzən	Selected as the best or most appropriate	freetalk
combination	ˌkɑmbəˈneɪʃən	The act of combining or the state of being combined	freetalk
conservative	kənˈsɝvətɪv	Holding to traditional attitudes and values and cautious about change or innovation, typically in relation to politics or religion	freetalk
customer	ˈkʌstəmɝ	A person or organization that buys goods or services from a store or business	freetalk
cutting	ˈkʌtɪŋ	The act of making an incision or opening with a sharp tool	freetalk
desire	dɪˈzaɪɝ	A strong feeling of wanting to have something or wishing for something to happen	freetalk
destroyed	dɪˈstɹɔɪd	Ruined or completely damaged	freetalk
draft	ˈdɹæft	A preliminary version of a written work	freetalk
drunk	ˈdɹʌŋk	Past participle of drink	freetalk
essential	ɛˈsɛnʃəl	Absolutely necessary; extremely important	freetalk
fail	ˈfeɪl	To be unsuccessful in achieving a goal or passing a test	freetalk
familiar	fəˈmɪljɝ	Well known from long or close association	freetalk
finds	ˈfaɪndz	Discovers or locates something	freetalk
granted	ˈɡɹæntəd	To give or allow (something) as a favor or privilege	freetalk
guilty	ˈɡɪlti	Responsible for a crime or offense	freetalk
humans	ˈhjumənz	Members of the species Homo sapiens	freetalk
hundreds	ˈhʌndɹədz	An unspecified large number of things	freetalk
id	ˈɪd	The part of the mind in which innate instinctive impulses and primary processes are manifest	freetalk
improved	ˌɪmˈpɹuvd	Become better or more satisfactory	freetalk
largely	ˈlɑɹdʒli	Mostly or mainly	freetalk
laughing	ˈlæfɪŋ	Showing amusement or joy by making sounds with the voice	freetalk
markets	ˈmɑɹkəts	A place where goods are bought and sold	freetalk
medium	ˈmidiəm	The middle point or part	freetalk
opportunities	ˌɑpɝˈtunətiz	A set of circumstances that makes it possible to do something	freetalk
papers	ˈpeɪpɝz	Official documents, especially those showing ownership or identity	freetalk
perfectly	ˈpɝfəktli	In a perfect or flawless manner	freetalk
recommend	ˌɹɛkəˈmɛnd	To suggest or endorse something as being good or suitable	freetalk
referred	ɹəˈfɝd	past tense of refer	freetalk
relevant	ˈɹɛləvənt	Closely connected or appropriate to the matter at hand	freetalk
seek	ˈsik	Attempt to find or discover	freetalk
sending	ˈsɛndɪŋ	To cause to go or be taken to a destination	freetalk
solo	ˈsoʊˌloʊ	A musical composition or passage for one voice or instrument	freetalk
spoke	ˈspoʊk	A piece of wood or metal with a handle, used for turning a wheel or propelling a vehicle	freetalk
stands	ˈstændz	To be in an upright position on the feet	freetalk
talks	ˈtɔks	Speak in order to give information or express ideas or feelings	freetalk
ticket	ˈtɪkət	A pass or permit for a specific purpose, such as parking or admission	freetalk
unable	əˈneɪbəl	Lacking the necessary power, skill, or means	freetalk
upset	əpˈsɛt	To disturb the normal state or condition of	freetalk
wing	ˈwɪŋ	One of the paired movable feathered or membranous appendages by means of which a bird, bat, or insect is able to fly	freetalk
world's	ˈwɝldz	Belonging to or relating to world	shadowline
answers	ˈænsɝz	A response to a question or problem	freetalk
birds	ˈbɝdz	A person of a specified kind or character	freetalk
bomb	ˈbɑm	A device that explodes with great force	freetalk
creative	kɹiˈeɪtɪv	Relating to or involving the use of the imagination or original ideas to create something	freetalk
cycle	ˈsaɪkəl	A series of events that are regularly repeated in the same order	freetalk
dealing	ˈdilɪŋ	The act of buying and selling goods or services	freetalk
directed	dɝˈɛktəd	To manage or guide	freetalk
don	ˈdɑn	To put on (clothing)	freetalk
educational	ˌɛdʒəˈkeɪʃənəl	Providing knowledge or information	freetalk
entertainment	ˌɛntɝˈteɪnmənt	The action of providing or being provided with amusement or enjoyment	freetalk
extreme	ɛkˈstɹim	Reaching a high or the highest degree; very great	freetalk
facility	fəˈsɪlɪti	A place, amenity, or piece of equipment provided for a particular purpose	freetalk
fields	ˈfildz	An area of open land, especially one planted with crops or pasture	freetalk
goods	ˈɡʊdz	Items for sale or trade	freetalk
hang	ˈhæŋ	To suspend or be suspended from above	freetalk
holds	ˈhoʊldz	To have or keep in one's grasp	freetalk
mainly	ˈmeɪnli	Chiefly or principally	freetalk
maximum	ˈmæksəməm	The greatest quantity or value attainable or attainable under given conditions	freetalk
newspaper	ˈnuzˌpeɪpɝ	A printed publication containing news, articles, and advertisements	freetalk
offering	ˈɔfɝɪŋ	A thing offered, especially as a gift or contribution	freetalk
painting	ˈpeɪntɪŋ	The act or technique of using paint to create a picture or design	freetalk
republic	ɹiˈpʌblək	A state in which supreme power is held by the people and their elected representatives	freetalk
reserve	ɹɪˈzɝv	To keep back or save for future use	freetalk
returns	ɹɪˈtɝnz	To come or go back to a place or person	freetalk
row	ˈɹoʊ	A line of seats in a theater or auditorium	freetalk
salt	ˈsɔlt	A white crystalline substance used to season or preserve food	freetalk
scared	ˈskɛɹd	Frightened or alarmed	freetalk
shares	ˈʃɛɹz	A portion of something divided among a number of people	freetalk
statistics	stəˈtɪstɪks	The practice or science of collecting and analyzing numerical data in large quantities	freetalk
switch	ˈswɪtʃ	A device for making and breaking the connection in an electric circuit	freetalk
territory	ˈtɛɹɪˌtɔɹi	An area of land under the jurisdiction of a ruler or state	freetalk
threat	ˈθɹɛt	A statement of an intention to inflict pain, injury, damage, or other hostile action on someone in retribution for something done or not done	freetalk
tickets	ˈtɪkəts	A list of candidates nominated by a political party for election to public office	freetalk
wales	ˈweɪlz	A country in the United Kingdom	freetalk
adults	əˈdʌlts	A person who is fully grown and developed	freetalk
affect	əˈfɛkt	To have an influence on or make a change in	freetalk
appointed	əˈpɔɪntɪd	Decided on or officially chosen for a job or position	freetalk
armed	ˈɑɹmd	Equipped with weapons	freetalk
aside	əˈsaɪd	To one side; out of the way	freetalk
assistance	əˈsɪstəns	The action of helping someone with a task or problem	freetalk
bell	ˈbɛl	A hollow metal object, typically in the shape of a deep inverted cup widening at the lip, that sounds a clear musical note when struck	freetalk
bond	ˈbɑnd	A physical connection between two objects	freetalk
boyfriend	ˈbɔɪˌfɹɛnd	A male romantic partner	freetalk
careful	ˈkɛɹfəl	Taking care or caution; cautious	freetalk
circumstances	ˈsɝkəmˌstænsəz	A fact or condition connected with or relevant to an event or action	freetalk
communications	kəˌmjunəˈkeɪʃənz	The imparting or exchanging of information or news	freetalk
concerns	kənˈsɝnz	Worries or anxieties	freetalk
controlled	kənˈtɹoʊld	To exercise restraint or direction over; dominate; command	freetalk
corporation	ˌkɔɹpɝˈeɪʃən	A company or group of people authorized to act as a single entity and recognized as such in law	freetalk
cry	ˈkɹaɪ	To shed tears as an expression of emotion	freetalk
danger	ˈdeɪndʒɝ	The possibility of suffering harm or injury	freetalk
deals	ˈdilz	Distributes or apportions	freetalk
delivery	dɪˈlɪvɝi	The action of delivering something	freetalk
deserve	dɪˈzɝv	To be worthy of something due to one's actions or qualities	freetalk
devices	dɪˈvaɪsəz	A thing made or adapted for a particular purpose, especially a piece of mechanical or electronic equipment	freetalk
dollar	ˈdɑlɝ	The basic monetary unit of the United States, Canada, Australia, and several other countries	freetalk
dreams	ˈdɹimz	A series of thoughts, images, and sensations occurring in a person's mind during sleep	freetalk
empty	ˈɛmpti	Containing nothing; not filled or occupied	freetalk
enjoyed	ˌɛnˈdʒɔɪd	To take pleasure in; experience with joy	freetalk
explained	ɪkˈspleɪnd	Make (an idea, situation, or problem) clear to someone by describing it in more detail	freetalk
faces	ˈfeɪsəz	The front part of a person's head where the eyes, nose, and mouth are located	freetalk
folks	ˈfoʊks	People in general; members of one's family or relatives	freetalk
fucked	ˈfʌkt	Vulgar slang term for being in a state of extreme trouble or distress	freetalk
gender	ˈdʒɛndɝ	The state of being male or female	freetalk
instance	ˈɪnstəns	An example or single occurrence of something	freetalk
kinda	ˈkɪndə	To some extent; somewhat	freetalk
matches	ˈmætʃəz	A person or thing that is equal to another in quality or strength	freetalk
mile	ˈmaɪl	A unit of linear measure equal to 5,280 feet	freetalk
motion	ˈmoʊʃən	The act or process of moving or changing position	freetalk
moves	ˈmuvz	To change position or go from one place to another	freetalk
nick	ˈnɪk	A small cut or notch	freetalk
pacific	pəˈsɪfɪk	Peaceful	freetalk
prize	ˈpɹaɪz	A reward or honor given for victory or superiority in a contest or competition	freetalk
realized	ˈɹiəˌlaɪzd	Understand or become aware of something	freetalk
reasonable	ˈɹizənəbəl	Fair and sensible	freetalk
receiving	ɹəˈsivɪŋ	To take or accept something that is given or sent	freetalk
register	ˈɹɛdʒɪstɝ	An official list or record of names or items	freetalk
resolution	ˌɹɛzəˈluʃən	A firm decision to do or not to do something	freetalk
rural	ˈɹʊɹəl	Of, relating to, or characteristic of the countryside	freetalk
saving	ˈseɪvɪŋ	The act of keeping money for future use	freetalk
sees	ˈsiz	perceive with the eyes	freetalk
singing	ˈsɪŋɪŋ	The act of producing musical sounds with the voice	freetalk
tools	ˈtulz	A device or implement, especially one held in the hand, used to carry out a particular function	freetalk
typical	ˈtɪpəkəl	Having the distinctive qualities of a particular type or group	freetalk
universe	ˈjunəˌvɝs	All existing matter and space considered as a whole; the cosmos	freetalk
warning	ˈwɔɹnɪŋ	A statement or event that indicates a possible danger or problem	freetalk
wars	ˈwɔɹz	A state of armed conflict between different nations or states	freetalk
admit	ədˈmɪt	To confess or acknowledge something is true	freetalk
attitude	ˈætəˌtud	A settled way of thinking or feeling about someone or something	freetalk
branch	ˈbɹæntʃ	A part of a tree that grows out from the trunk	freetalk
brazil	bɹəˈzɪl	A country in South America	freetalk
conducted	kənˈdʌktəd	Directing the performance of (an orchestra or other musical group)	freetalk
decades	dɛˈkeɪdz	A period of ten years	freetalk
dedicated	ˈdɛdəkeɪtəd	Devoted to a task or purpose	freetalk
definition	ˌdɛfəˈnɪʃən	A statement of the exact meaning of a word or phrase	freetalk
drawing	ˈdɹɔɪŋ	The act of producing a picture or diagram by making lines and marks on paper or another surface	freetalk
favor	ˈfeɪvɝ	An act of kindness or goodwill	freetalk
flag	ˈflæɡ	A plant with sword-shaped leaves and bright flowers, often cultivated for ornament	freetalk
frame	ˈfɹeɪm	The structure that gives shape or support to something	freetalk
guest	ˈɡɛst	A person who is invited to visit or stay in someone's home	freetalk
ha	ˈhɑ	Used to express laughter or amusement	freetalk
heaven	ˈhɛvən	A place regarded in various religions as the abode of God and the angels, and of the good after death	freetalk
independence	ˌɪndɪˈpɛndəns	Freedom from control or influence of others	freetalk
institutions	ˌɪnstɪˈtuʃənz	An established organization or foundation dedicated to a particular purpose	freetalk
it'll	ˈɪtəl	Short for 'it will'	shadowline
kiss	ˈkɪs	To touch with the lips as a sign of love or greeting	freetalk
load	ˈloʊd	A heavy or bulky thing that is being carried or is about to be carried	freetalk
plot	ˈplɑt	A secret plan or scheme to accomplish a purpose	freetalk
possibility	ˌpɑsəˈbɪləˌti	The state or fact of being possible	freetalk
random	ˈɹændəm	Made, done, happening, or chosen without method or conscious decision	freetalk
recovery	ɹɪˈkʌvɹi	The act or process of recovering	freetalk
rent	ˈɹɛnt	A payment made for the use of property or land	freetalk
replace	ˌɹiˈpleɪs	To put someone or something in the place of another	freetalk
represent	ˌɹɛpɹɪˈzɛnt	To act or speak on behalf of someone or something	freetalk
reviews	ɹiˈvjuz	To examine or assess critically	freetalk
scenes	ˈsinz	A subdivision of an act in a play	freetalk
seeking	ˈsikɪŋ	Attempting to find or obtain	freetalk
senator	ˈsɛnətɝ	A member of a senate	freetalk
sentence	ˈsɛntəns	A set of words that is complete in itself, typically containing a subject and predicate	freetalk
teeth	ˈtiθ	One of the hard white structures in the mouth used for biting and chewing food	freetalk
tips	ˈtɪps	The pointed or rounded end of something	freetalk
trained	ˈtɹeɪnd	Taught or instructed in a particular skill or type of behavior	freetalk
understood	ˌʌndɝˈstʊd	Past tense of understand	freetalk
academic	ˌækəˈdɛmɪk	Relating to education or scholarship	freetalk
academy	əˈkædəmi	A school or college for special instruction or training	freetalk
accurate	ˈækjɝət	Free from error; correct	freetalk
achieve	əˈtʃiv	Successfully bring about or reach (a desired objective or result) by effort, skill, or courage	freetalk
afford	əˈfɔɹd	Have enough money or resources to pay for something	freetalk
assume	əˈsum	To take for granted or without proof	freetalk
bottle	ˈbɑtəl	A container typically made of glass or plastic, used for storing liquids	freetalk
bunch	ˈbʌntʃ	A group of things of the same kind that are held or tied together	freetalk
category	ˈkætəˌɡɔɹi	A class or division of people or things regarded as having particular shared characteristics	freetalk
chat	ˈtʃæt	Talk in a friendly and informal way	freetalk
cheese	ˈtʃiz	A food made from the pressed curds of milk	freetalk
chemical	ˈkɛməkəl	Relating to chemistry or the interactions of substances	freetalk
competitive	kəmˈpɛtətɪv	Of, relating to, or characterized by competition	freetalk
detail	dɪˈteɪl	A small part or item that is considered separately from the whole	freetalk
diet	ˈdaɪət	The kinds of food that a person, animal, or community habitually eats	freetalk
em	ˈɛm	Them	freetalk
fruit	ˈfɹut	The sweet and fleshy product of a tree or other plant that contains seeds and can be eaten as food	freetalk
harder	ˈhɑɹdɝ	More difficult or challenging	freetalk
he'd	ˈhid	Short for 'he would' or 'he had'	shadowline
index	ˈɪndɛks	An alphabetical list of names, subjects, etc., with references to the places where they occur	freetalk
item	ˈaɪtəm	An individual article or unit, especially one that is part of a list, collection, or set	freetalk
lane	ˈleɪn	A narrow road or path, typically with trees or hedges on either side	freetalk
mess	ˈmɛs	A dirty or untidy state of things	freetalk
navy	ˈneɪvi	The branch of a nation's armed services that conducts military operations at sea	freetalk
normally	ˈnɔɹməli	In a usual or regular manner	freetalk
occurred	əˈkɝd	Happened	freetalk
opposition	ˌɑpəˈzɪʃən	Resistance or dissent	freetalk
parent	ˈpɛɹənt	A father or mother	freetalk
permanent	ˈpɝmənənt	Lasting or intended to last indefinitely without change	freetalk
personally	ˈpɝsənəli	In a way that relates to an individual person	freetalk
pleasure	ˈplɛʒɝ	A feeling of happy satisfaction or enjoyment	freetalk
prefer	pɹəˈfɝ	To like (someone or something) better than someone or something else	freetalk
programme	ˈpɹoʊˌɡɹæm	A planned series of events or performances	freetalk
representative	ˌɹɛpɹəˈzɛntətɪv	A person chosen or appointed to act or speak on behalf of others	freetalk
scheme	ˈskim	A plan or program of action	freetalk
shift	ˈʃɪft	To move or transfer from one place to another	freetalk
stood	ˈstʊd	past tense of stand	freetalk
storage	ˈstɔɹədʒ	The action or method of storing something	freetalk
tank	ˈtæŋk	A large receptacle or storage container for liquid or gas	freetalk
tend	ˈtɛnd	To care for or look after something	freetalk
tight	ˈtaɪt	Firmly fixed in place	freetalk
transportation	ˌtɹænspɝˈteɪʃən	The action of transporting someone or something from one place to another	freetalk
ultimately	ˈʌltəmətli	In the end; finally	freetalk
unlike	ənˈlaɪk	Different from; not similar to	freetalk
weekly	ˈwikli	Happening once a week	freetalk
yard	ˈjɑɹd	A unit of linear measure equal to 3 feet (0.9144 meters)	freetalk
anybody	ˈɛnibədi	Any person	freetalk
assets	ˈæˌsɛts	Property owned by a person or company, regarded as having value and available to meet debts, commitments, or legacies	freetalk
basketball	ˈbæskətˌbɔl	A game played between two teams of five players each, in which goals are scored by throwing a ball through a netted hoop	freetalk
button	ˈbʌtən	A small disk or knob sewn onto a garment for fastening or decoration	freetalk
candidates	ˈkændədeɪts	A person who applies for a job or is nominated for election	freetalk
combat	ˈkɑmbæt	To fight or contend against	freetalk
constitution	ˌkɑnstəˈtuʃən	The fundamental principles or established precedents according to which a state or other organization is governed	freetalk
consumer	kənˈsumɝ	A person who purchases goods or services for personal use	freetalk
counter	ˈkaʊntɝ	A flat surface on which goods are counted or displayed for sale	freetalk
creation	kɹiˈeɪʃən	The act of creating or bringing something into existence	freetalk
crown	ˈkɹaʊn	A circular ornamental headdress worn by a monarch	freetalk
crying	ˈkɹaɪɪŋ	To shed tears as an expression of emotion	freetalk
defined	dɪˈfaɪnd	Stated or described clearly and with detail	freetalk
depending	dɪˈpɛndɪŋ	Used to indicate that something is subject to change based on something else	freetalk
depression	dɪˈpɹɛʃən	Feelings of severe despondency and dejection	freetalk
describe	dɪˈskɹaɪb	To give an account of in speech or writing	freetalk
drivers	ˈdɹaɪvɝz	A person who drives a vehicle	freetalk
employment	ɛmˈplɔɪmənt	The action of giving work to someone	freetalk
exclusive	ɪksˈklusɪv	Excluding or not admitting other things	freetalk
excuse	ɪkˈskjus	A reason or explanation offered to justify or defend a fault or offense	freetalk
expert	ˈɛkspɝt	A person who has a comprehensive and authoritative knowledge in a particular area	freetalk
frequently	ˈfɹikwəntli	Often; many times	freetalk
grace	ˈɡɹeɪs	Simple elegance or refinement of movement	freetalk
hopefully	ˈhoʊpfəli	In a hopeful manner	freetalk
identify	aɪˈdɛntəˌfaɪ	To recognize or distinguish as a particular person or thing	freetalk
importance	ˌɪmˈpɔɹtəns	The quality or state of being important	freetalk
laid	ˈleɪd	past tense of lay	freetalk
latter	ˈlætɝ	Being the second of two mentioned things	freetalk
manufacturing	ˌmænjəˈfæktʃɝɪŋ	The process of making goods by hand or by machinery	freetalk
mining	ˈmaɪnɪŋ	The process or industry of extracting minerals from the earth	freetalk
object	ˈɑbdʒɛkt	A thing that can be seen and touched	freetalk
partners	ˈpɑɹtnɝz	A person who takes part in an undertaking with another or others	freetalk
pattern	ˈpætɝn	A repeated decorative design	freetalk
performing	pɝˈfɔɹmɪŋ	To carry out or execute a task or action	freetalk
personnel	ˌpɝsəˈnɛl	The people employed in an organization or engaged in an organized undertaking such as military service	freetalk
perspective	pɝˈspɛktɪv	A particular attitude or way of regarding something	freetalk
pregnant	ˈpɹɛɡnənt	Carrying developing offspring within the body	freetalk
premier	pɹɛˈmɪɹ	First in importance, rank, or position	freetalk
promote	pɹəˈmoʊt	Further the progress or development of something	freetalk
revolution	ˌɹɛvəˈluʃən	An overthrow or repudiation and the thorough replacement of an established government or political system by the people governed	freetalk
rooms	ˈɹumz	A space that is or may be occupied	freetalk
severe	səˈvɪɹ	Very bad or serious	freetalk
sleeping	ˈslipɪŋ	Resting with eyes closed and the body inactive for a period of time	freetalk
suppose	səˈpoʊz	Assume to be the case without proof	freetalk
tool	ˈtul	A device or implement, especially one held in the hand, used to carry out a particular function	freetalk
tournament	ˈtʊɹnəmənt	A series of contests in which a number of competitors compete against each other in a single elimination format until only one winner remains	freetalk
turkey	ˈtɝki	A large bird native to North America, typically domesticated for its meat	freetalk
victim	ˈvɪktəm	A person harmed, injured, or killed as a result of a crime, accident, or other event	freetalk
victims	ˈvɪktəmz	A person harmed, injured, or killed as a result of a crime, accident, or other event	freetalk
agents	ˈeɪdʒənts	A person who acts on behalf of another	freetalk
amazon	ˈæməˌzɑn	A member of a legendary race of female warriors in Greek mythology	freetalk
arrest	ɝˈɛst	Stop or check the progress of something	freetalk
attend	əˈtɛnd	to be present at	freetalk
ban	ˈbæn	To prohibit or forbid something	freetalk
brilliant	ˈbɹɪljənt	Exceptionally clever or talented	freetalk
carbon	ˈkɑɹbən	A chemical element with symbol C and atomic number 6	freetalk
catholic	ˈkæθlɪk	Including a wide variety of things; all-embracing	freetalk
chose	ˈtʃoʊz	Simple past tense of choose	freetalk
circle	ˈsɝkəl	A round plane figure whose boundary consists of points equidistant from a fixed point	freetalk
concert	ˈkɑnsɝt	A musical performance involving multiple musicians playing together	freetalk
crash	ˈkɹæʃ	A sudden loud noise as of something breaking or hitting another object	freetalk
declared	dɪˈklɛɹd	To make known or state clearly	freetalk
deliver	dɪˈlɪvɝ	To bring or transport something to a destination	freetalk
depth	ˈdɛpθ	The distance from the top or surface to the bottom	freetalk
deputy	ˈdɛpjəti	A person appointed to act on behalf of another	freetalk
dirty	ˈdɝti	Soiled or unclean	freetalk
doctors	ˈdɑktɝz	A person licensed to practice medicine	freetalk
earned	ˈɝnd	To receive as compensation for work or services	freetalk
electronic	ˌɪˌlɛkˈtɹɑnɪk	Relating to or operated by devices that use electricity	freetalk
error	ˈɛɹɝ	A mistake	freetalk
existence	ɛɡˈzɪstəns	The fact or state of living or having objective reality	freetalk
experiences	ɪkˈspɪɹiənsɪz	An event or occurrence that leaves an impression on someone	freetalk
expression	ɪkˈspɹɛʃən	The act of conveying thoughts or feelings through words, actions, or other means	freetalk
factory	ˈfæktɝi	A building or group of buildings where goods are manufactured or assembled	freetalk
headed	ˈhɛdəd	Having a head or heads	freetalk
interior	ˌɪnˈtɪɹiɝ	Situated within or inside something	freetalk
joy	ˈdʒɔɪ	A feeling of great pleasure and happiness	freetalk
legislation	ˌlɛdʒəˈsleɪʃən	The act of making or enacting laws	freetalk
maintenance	ˈmeɪntənəns	The process of preserving or keeping something in good condition	freetalk
manner	ˈmænɝ	A way in which something is done or happens	freetalk
mate	ˈmeɪt	A friend or companion	freetalk
matt	ˈmæt	Lacking luster or shine	freetalk
nearby	ˈnɪɹˈbaɪ	Close at hand; not far away	freetalk
noise	ˈnɔɪz	A sound, especially one that is loud, unpleasant, or disturbing	freetalk
origin	ˈɔɹədʒən	The point or place where something begins, arises, or is derived	freetalk
panel	ˈpænəl	A flat or curved component, typically rectangular, that forms or is set into the surface of a door, wall, or ceiling	freetalk
personality	ˌpɝsəˈnælɪti	The combination of characteristics or qualities that form an individual's distinctive character	freetalk
plate	ˈpleɪt	A flat, round dish used for serving food	freetalk
practices	ˈpɹæktəsəz	Repeated exercise in or performance of an activity or skill	freetalk
prepare	pɹiˈpɛɹ	Make (something) ready for use or consideration	freetalk
relief	ɹɪˈlif	A feeling of reassurance or relaxation after anxiety or distress	freetalk
replaced	ˌɹiˈpleɪst	To put someone or something in the place of another	freetalk
resistance	ɹɪˈzɪstəns	The refusal to accept or comply with something	freetalk
retail	ˈɹiˌteɪl	The sale of goods to the public in relatively small quantities for use or consumption rather than for resale	freetalk
rice	ˈɹaɪs	A cereal grass that is cultivated for its edible seeds	freetalk
roads	ˈɹoʊdz	A wide way leading from one place to another, especially one with a specially prepared surface that vehicles can use	freetalk
roof	ˈɹuf	The structure forming the upper covering of a building or vehicle	freetalk
shame	ˈʃeɪm	A painful feeling of humiliation or distress caused by the consciousness of wrong or foolish behavior	freetalk
ships	ˈʃɪps	A large seagoing vessel	freetalk
somewhat	ˈsʌmˈwʌt	To some extent	freetalk
staying	ˈsteɪɪŋ	Remain in a particular place	freetalk
stronger	ˈstɹɔŋɝ	Having greater physical power or force	freetalk
surely	ˈʃʊɹli	Without doubt; certainly	freetalk
tip	ˈtɪp	The pointed or rounded end of something	freetalk
updated	əpˈdeɪtɪd	Bring (something) up to date	freetalk
writers	ˈɹaɪtɝz	A person who writes books, stories, or articles	freetalk
absolute	ˈæbsəˌlut	Not qualified or diminished in any way; total	freetalk
advertising	ˈædvɝˌtaɪzɪŋ	The profession of planning, designing, and writing advertisements	freetalk
agencies	ˈeɪdʒənsiz	Organizations or businesses that provide a particular service or work on behalf of others	freetalk
bathroom	ˈbæˌθɹum	A room containing a toilet and sink for personal hygiene	freetalk
bible	ˈbaɪbəl	The Christian scriptures, consisting of the Old and New Testaments	freetalk
cable	ˈkeɪbəl	A thick rope of wire or hemp used for various purposes, such as towing or supporting bridges	freetalk
calm	ˈkɑm	(adjective) Not showing or feeling nervousness, anger, or other strong emotions	freetalk
championship	ˈtʃæmpiənˌʃɪp	A competition to determine the best team or player in a particular sport	freetalk
checked	ˈtʃɛkt	Marked with a pattern of squares or crossed lines	freetalk
client	ˈklaɪənt	A person or organization using the services of a professional person or company	freetalk
constant	ˈkɑnstənt	Something that does not change or vary	freetalk
da	ˈdɑ	Father	freetalk
dates	ˈdeɪts	A sweet, brown oval fruit that grows on palm trees	freetalk
degrees	dɪˈɡɹiz	A unit of measurement for temperature or angles	freetalk
democrats	ˈdɛməˌkɹæts	A person who believes in or advocates for democracy	freetalk
doors	ˈdɔɹz	A movable barrier used to open and close an entrance or exit	freetalk
driven	ˈdɹɪvən	Controlled or propelled by a motor or engine	freetalk
dumb	ˈdʌm	Lacking the power of speech	freetalk
empire	ˈɛmpaɪɝ	A group of countries or regions under a single supreme authority	freetalk
exciting	ɪkˈsaɪtɪŋ	Causing great enthusiasm and eagerness	freetalk
expansion	ɪkˈspænʃən	The action of becoming larger or more extensive	freetalk
he'll	ˈhil	Short for 'he will'	shadowline
heavily	ˈhɛvəli	To a great degree; in large amounts	freetalk
hide	ˈhaɪd	to conceal oneself	freetalk
incident	ˈɪnsədənt	An event or occurrence	freetalk
linked	ˈlɪŋkt	Connected or related	freetalk
manage	ˈmænədʒ	Be in charge of or deal with	freetalk
messages	ˈmɛsədʒəz	A verbal, written, or recorded communication sent from one person or group to another	freetalk
politicians	ˌpɑləˈtɪʃənz	A person who is professionally involved in politics	freetalk
print	ˈpɹɪnt	Produce (books, newspapers, etc.) by a process involving the transfer of text or images to paper or another material	freetalk
quit	ˈkwɪt	To stop doing something	freetalk
refused	ɹəˈfjuzd	To decline to accept or comply with something	freetalk
reporting	ɹiˈpɔɹtɪŋ	Give a spoken or written account of something	freetalk
sight	ˈsaɪt	The ability to see	freetalk
significantly	sɪɡˈnɪfɪkəntli	In a way that is important or noticeable	freetalk
sing	ˈsɪŋ	To make musical sounds with the voice	freetalk
soviet	ˈsoʊviət	A governing council in a communist country	freetalk
weapon	ˈwɛpən	A thing designed or used for inflicting bodily harm or physical damage	freetalk
wet	ˈwɛt	Covered or saturated with water or another liquid	freetalk
widely	ˈwaɪdli	To a great extent or degree	freetalk
worldwide	ˈwɝlˈdwaɪd	Extending or reaching across the entire world	freetalk
ages	ˈeɪdʒəz	A long period of time; a lifetime	freetalk
anniversary	ˌænəˈvɝsɝi	The yearly recurrence of the date of a past event	freetalk
attractive	əˈtɹæktɪv	Pleasing or appealing to the senses or mind	freetalk
bike	ˈbaɪk	A two-wheeled vehicle propelled by pedals	freetalk
broad	ˈbɹɔd	Wide in extent from side to side	freetalk
burn	ˈbɝn	To undergo combustion or be consumed by fire	freetalk
cake	ˈkeɪk	A sweet baked dessert made from flour, sugar, eggs, and butter	freetalk
causing	ˈkɑzɪŋ	To make something happen	freetalk
closely	ˈkloʊsli	In a close manner	freetalk
constantly	ˈkɑnstəntli	All the time; always	freetalk
contest	ˈkɑntɛst	A competition or game in which people or teams compete against each other	freetalk
deaths	ˈdɛθs	The act of dying; the end of life	freetalk
depends	dɪˈpɛndz	To be determined by or based on something else	freetalk
drawn	ˈdɹɔn	To produce a picture or diagram by making lines and marks on paper	freetalk
fees	ˈfiz	A payment made to a professional or institution for services rendered	freetalk
hardly	ˈhɑɹdli	Barely or scarcely	freetalk
hat	ˈhæt	A covering for the head, typically with a brim and a crown	freetalk
height	ˈhaɪt	The measurement from base to top	freetalk
hidden	ˈhɪdən	Concealed from view; not easily noticed or detected	freetalk
hong	ˈhɔŋ	A loud, deep sound	freetalk
invited	ˌɪnˈvaɪtəd	To ask (someone) to go somewhere or do something	freetalk
letting	ˈlɛtɪŋ	To allow or permit	freetalk
loud	ˈlaʊd	Having a great volume or intensity in sound	freetalk
marine	mɝˈin	Of or relating to the sea	freetalk
motor	ˈmoʊtɝ	A machine that produces motion or power for doing work	freetalk
officially	əˈfɪʃəli	In a formal or authoritative manner	freetalk
peak	ˈpik	The pointed top of a mountain	freetalk
portion	ˈpɔɹʃən	A part of a whole	freetalk
pounds	ˈpaʊndz	A unit of weight equal to 16 ounces	freetalk
princess	ˈpɹɪnsɛs	A female member of a royal family, especially a daughter or granddaughter of a king or queen	freetalk
puts	ˈpʊts	To place in a particular position	freetalk
raw	ˈɹɑ	In a natural state; not processed or refined	freetalk
reform	ɹəˈfɔɹm	Make changes in something in order to improve it	freetalk
regions	ˈɹidʒənz	An area, especially part of a country or the world, having definable characteristics but not always fixed boundaries	freetalk
represented	ˌɹɛpɹɪˈzɛntɪd	To act or speak officially for someone else	freetalk
respond	ɹɪˈspɑnd	To reply or answer in words or writing	freetalk
retirement	ɹiˈtaɪɝmənt	The action or fact of leaving one's job and ceasing to work	freetalk
sample	ˈsæmpəl	A small part or quantity intended to show what the whole is like	freetalk
seats	ˈsits	A piece of furniture designed for sitting on	freetalk
secondary	ˈsɛkənˌdɛɹi	Less important than primary	freetalk
solar	ˈsoʊlɝ	Of or relating to the sun	freetalk
somehow	ˈsʌmˌhaʊ	In some way or by some means	freetalk
stayed	ˈsteɪd	To remain in a particular place or position	freetalk
suffering	ˈsʌfɝɪŋ	The state of undergoing pain, distress, or hardship	freetalk
today's	təˈdeɪz	Belonging to or relating to today	shadowline
tries	ˈtɹaɪz	Attempt to do something	freetalk
ultimate	ˈʌltəmət	Being or happening at the end of a process; final	freetalk
unknown	ənˈnoʊn	Not known; not familiar; not within the range of one's knowledge, experience, or understanding	freetalk
wondering	ˈwʌndɝɪŋ	To feel curiosity or doubt	freetalk
attached	əˈtætʃt	Joined or fastened to something else	freetalk
attacked	əˈtækt	To take aggressive action against a person or place	freetalk
automatically	ˌɔtəˈmætɪkli	Without conscious thought or intention	freetalk
balls	ˈbɔlz	A spherical object used in sports	freetalk
battery	ˈbætɝi	A device that produces electricity by chemical reactions	freetalk
bills	ˈbɪlz	A statement of money owed for goods or services provided	freetalk
blind	ˈblaɪnd	Unable to see	freetalk
breath	ˈbɹɛθ	The air taken into or expelled from the lungs	freetalk
brief	ˈbɹif	Of short duration	freetalk
chest	ˈtʃɛst	The front part of a person's body between the neck and the stomach	freetalk
conduct	ˈkɑndəkt	The manner in which a person behaves, especially in a particular place or situation	freetalk
debut	deɪˈbju	The first public appearance or performance of something	freetalk
decade	dɛˈkeɪd	A period of ten years	freetalk
destroy	dɪˈstɹɔɪ	To cause great damage or harm to something	freetalk
differences	ˈdɪfɝənsɪz	The way in which two or more things are not the same	freetalk
engaged	ɛnˈɡeɪdʒd	Busy or occupied	freetalk
experts	ˈɛkspɝts	A person who has a comprehensive and authoritative knowledge of or skill in a particular area	freetalk
expressed	ɪkˈspɹɛst	Communicated or conveyed in words or actions	freetalk
external	ɪkˈstɝnəl	Belonging to or forming the outer surface or structure of something	freetalk
fantasy	ˈfæntəsi	The faculty or activity of imagining things, especially things that are impossible or improbable	freetalk
grab	ˈɡɹæb	To seize suddenly or quickly	freetalk
immediate	ˌɪˈmiˌdiət	Occurring or done at once; instant	freetalk
introduction	ˌɪntɹəˈdʌkʃən	The action of introducing something	freetalk
joseph	ˈdʒoʊsəf	A man's long coat or gown	freetalk
license	ˈlaɪsəns	A permit from an authority to own or use something, do a particular thing, or carry on a trade	freetalk
paint	ˈpeɪnt	A colored substance that is spread over a surface and dries to leave a thin decorative or protective coating	freetalk
pilot	ˈpaɪlət	A person who operates an aircraft	freetalk
pink	ˈpɪŋk	A color varying from light crimson to pale reddish purple	freetalk
presidential	ˌpɹɛzəˈdɛnʃəl	Of or relating to a president	freetalk
principal	ˈpɹɪnsəpəl	A person who has controlling authority in a firm or organization	freetalk
recognize	ˈɹɛkəɡˌnaɪz	Identify as already known	freetalk
recognized	ˈɹɛkəɡˌnaɪzd	Acknowledge the existence, validity, or legality of something	freetalk
registered	ˈɹɛdʒɪstɝd	Officially recorded or documented	freetalk
regularly	ˈɹɛɡjəlɝli	At regular intervals	freetalk
representatives	ˌɹɛpɹəˈzɛntətɪvz	A person chosen or appointed to act or speak on behalf of others	freetalk
rising	ˈɹaɪzɪŋ	Moving upward	freetalk
seasons	ˈsizənz	Each of the four divisions of the year (spring, summer, autumn, and winter) marked by particular weather patterns and daylight hours	freetalk
shipping	ˈʃɪpɪŋ	The act of sending goods or items from one place to another	freetalk
singer	ˈsɪŋɝ	One who sings	freetalk
smoking	ˈsmoʊkɪŋ	The act of inhaling and exhaling the smoke of burning tobacco or other substances	freetalk
steam	ˈstim	The hot vapor that rises from boiling water	freetalk
suffered	ˈsʌfɝd	Experienced pain or distress	freetalk
survive	sɝˈvaɪv	continue to live or exist	freetalk
tall	ˈtɔl	Of great or more than average height	freetalk
theatre	ˈθiətɝ	A building or outdoor area where plays and other dramatic performances are presented	freetalk
therapy	ˈθɛɹəpi	Treatment intended to relieve or heal a disorder	freetalk
witness	ˈwɪtnəs	A person who sees an event, typically a crime or accident, take place	freetalk
adopted	əˈdɑptɪd	To take up and use as one's own	freetalk
aim	ˈeɪm	to point or direct (a weapon or camera) at a target	freetalk
campus	ˈkæmpəs	The grounds and buildings of a university or college	freetalk
cap	ˈkæp	A type of head covering	freetalk
chances	ˈtʃænsəz	The possibility of something happening	freetalk
childhood	ˈtʃaɪldˌhʊd	The state or period of being a child	freetalk
clinical	ˈklɪnəkəl	Relating to the observation and treatment of patients in a medical setting	freetalk
clubs	ˈklʌbz	A heavy stick with a thick end, used as a weapon or for striking	freetalk
comedy	ˈkɑmədi	A play, movie, or broadcast program intended to make an audience laugh	freetalk
commander	kəˈmændɝ	A person in authority or control, especially over a military unit	freetalk
comparison	kəmˈpɛɹəsən	The act of comparing	freetalk
covers	ˈkʌvɝz	To place something over or upon in order to protect or conceal	freetalk
dan	ˈdæn	A level of skill or proficiency in a particular activity or field	freetalk
defeat	dɪˈfit	To win a victory over (someone) in a battle or contest	freetalk
defence	dɪˈfɛns	The action of defending from or resisting attack	freetalk
democracy	dɪˈmɑkɹəsi	A system of government by the whole population or all the eligible members of a state, typically through elected representatives	freetalk
detailed	dɪˈteɪld	Containing many details or particulars	freetalk
entitled	ɛnˈtaɪtəld	Believing oneself to be inherently deserving of privileges or special treatment	freetalk
exact	ɪɡˈzækt	Accurate or precise in every detail	freetalk
exposed	ɪkˈspoʊzd	left uncovered or unprotected	freetalk
fed	ˈfɛd	past tense of feed	freetalk
fee	ˈfi	A payment made to a professional or institution for services rendered	freetalk
injured	ˈɪndʒɝd	harmed or damaged physically	freetalk
jordan	ˈdʒɔɹdən	A country in the Middle East	freetalk
kinds	ˈkaɪndz	A category or class of things with common characteristics	freetalk
lets	ˈlɛts	To allow or permit	freetalk
loans	ˈloʊnz	Money borrowed from a person or organization	freetalk
lock	ˈlɑk	A device operated by a key, combination, or keycard to secure a door, container, or object	freetalk
musical	ˈmjuzɪkəl	Relating to music or the performance of music	freetalk
nose	ˈnoʊz	The part of the face that sticks out above the mouth, through which a person or animal breathes and smells	freetalk
objects	ˈɑbdʒɛkts	A material thing that can be seen and touched	freetalk
opposed	əˈpoʊzd	To be against or in conflict with something	freetalk
organized	ˈɔɹɡəˌnaɪzd	Arranged in a systematic way	freetalk
plastic	ˈplæstɪk	Capable of being molded or shaped	freetalk
protected	pɹəˈtɛktɪd	Kept safe from harm or danger	freetalk
purposes	ˈpɝpəsəz	The reason for which something is done or created	freetalk
quote	ˈkwoʊt	A quotation from a text or speech	freetalk
recording	ɹəˈkɔɹdɪŋ	The act of capturing sound or images on a storage medium	freetalk
semi	ˈsɛmi	Half; partly; somewhat	freetalk
statements	ˈsteɪtmənts	A definite or clear expression of something in speech or writing	freetalk
suspect	səˈspɛkt	Have an idea or impression of the existence, presence, or truth of (something) without certain proof	freetalk
swear	ˈswɛɹ	To make a solemn declaration or affirmation with an appeal to a deity or to some sacred object as witness	freetalk
techniques	tɛkˈniks	A way of carrying out a particular task, especially the execution or performance of an artistic work or a scientific procedure	freetalk
tie	ˈtaɪ	A result in a game or competition where both sides have the same score	freetalk
trend	ˈtɹɛnd	A general direction in which something is developing or changing	freetalk
valuable	ˈvæljəbəl	Worth a great deal of money	freetalk
wealth	ˈwɛlθ	An abundance of valuable possessions or money	freetalk
wise	ˈwaɪz	Having or showing experience, knowledge, and good judgment	freetalk
yards	ˈjɑɹdz	A unit of linear measure equal to 3 feet (0.9144 meters)	freetalk
aged	ˈeɪdʒd	Having lived for a long time; old	freetalk
approval	əˈpɹuvəl	The act of approving; approbation	freetalk
aspects	ˈæˌspɛkts	A particular part or feature of something	freetalk
attempts	əˈtɛmpts	To make an effort to achieve or complete something	freetalk
bread	ˈbɹɛd	Food made of flour, water, and yeast or another leavening agent, mixed together and baked	freetalk
burning	ˈbɝnɪŋ	On fire	freetalk
champions	ˈtʃæmpiənz	A person who has defeated or surpassed all rivals in a competition	freetalk
contain	kənˈteɪn	To hold or have within	freetalk
convention	kənˈvɛnʃən	A large meeting or conference for the discussion of specific topics	freetalk
dancing	ˈdænsɪŋ	The act of moving rhythmically to music	freetalk
document	ˈdɑkjəmɛnt	A piece of written, printed, or electronic matter that provides information or evidence	freetalk
eggs	ˈɛɡz	The oval reproductive body laid by the females of birds, reptiles, fish, insects, and some other animals	freetalk
employee	ɛmˈplɔɪi	A person employed for wages or salary, especially at a nonexecutive level	freetalk
en	ˈɛn	In	freetalk
engineer	ˈɛndʒəˈnɪɹ	A person who designs, builds, or maintains engines, machines, or structures	freetalk
equivalent	ɪˈkwɪvələnt	Equal in value, amount, function, or meaning	freetalk
facing	ˈfeɪsɪŋ	The front part of something, typically a building or structure	freetalk
fairly	ˈfɛɹli	In a just and impartial manner	freetalk
fingers	ˈfɪŋɡɝz	The five digits on each hand	freetalk
ford	ˈfɔɹd	A shallow place in a river or stream where one can cross on foot or by vehicle	freetalk
founded	ˈfaʊndɪd	To establish or set up (an organization, institution, or company)	freetalk
functions	ˈfʌŋkʃənz	Perform a specific task or activity	freetalk
gang	ˈɡæŋ	A group of people working together, especially for criminal or violent purposes	freetalk
graduate	ˈɡɹædʒəwət	A person who has successfully completed a course of study or training	freetalk
greek	ˈɡɹik	A native or inhabitant of Greece	freetalk
hanging	ˈhæŋɪŋ	Suspended from above	freetalk
inner	ˈɪnɝ	Situated inside or further in; internal	freetalk
islands	ˈaɪləndz	A piece of land surrounded by water	freetalk
lift	ˈlɪft	To raise to a higher position	freetalk
marked	ˈmɑɹkt	Having a visible sign or indication	freetalk
memories	ˈmɛmɝiz	The faculty by which the mind stores and remembers information	freetalk
miller	ˈmɪlɝ	A person who owns or operates a mill for grinding grain into flour	freetalk
monthly	ˈmʌnθli	Happening, done, or produced once a month	freetalk
mountains	ˈmaʊntənz	A large natural elevation of the earth's surface rising abruptly from the surrounding level; a large steep hill	freetalk
neighborhood	ˈneɪbɝˌhʊd	A district or community within a town or city	freetalk
operate	ˈɑpɝˌeɪt	To work or function	freetalk
outstanding	ˌaʊtˈstændɪŋ	Exceptionally good; excellent	freetalk
permission	pɝˈmɪʃən	Consent to do something	freetalk
porn	ˈpɔɹn	Printed or visual material containing the explicit description or display of sexual organs or activity, intended to stimulate erotic rather than aesthetic or emotional feelings	freetalk
racing	ˈɹeɪsɪŋ	The sport of engaging in a competition of speed	freetalk
recommended	ˌɹɛkəˈmɛndɪd	Suggested as being good or suitable for a particular purpose or situation	freetalk
regulations	ˌɹɛɡjəˈleɪʃənz	A rule or directive made and maintained by an authority	freetalk
reply	ɹɪˈplaɪ	To say or write something in response to a question or statement	freetalk
rid	ˈɹɪd	To free or relieve from something unwanted or burdensome	freetalk
roman	ˈɹoʊmən	A typeface characterized by upright, straight lines and serifs	freetalk
scientists	ˈsaɪəntɪsts	A person who is trained in a science and whose job involves doing scientific research or solving scientific problems	freetalk
shoulder	ˈʃoʊldɝ	The part of the body between the neck and upper arm	freetalk
shower	ˈʃaʊɝ	A brief fall of rain or, sometimes, of hail or snow	freetalk
solutions	səˈluʃənz	A means of solving a problem or dealing with a difficult situation	freetalk
sons	ˈsʌnz	A male child or offspring	freetalk
stations	ˈsteɪʃənz	A place where trains, buses, or other vehicles stop to pick up and drop off passengers	freetalk
tower	ˈtaʊɝ	A tall, narrow building or structure, typically higher than it is wide, often used for observation or as a landmark	freetalk
tradition	tɹəˈdɪʃən	The transmission of customs or beliefs from generation to generation	freetalk
visited	ˈvɪzɪtɪd	past tense of visit	freetalk
visual	ˈvɪʒəwəl	Relating to seeing or sight	freetalk
wheel	ˈwil	A circular object that revolves on an axle and forms part of a machine	freetalk
achieved	əˈtʃivd	Successfully completed or accomplished	freetalk
admitted	ədˈmɪtɪd	Confessed to be true or to be the case	freetalk
appointment	əˈpɔɪntmənt	An arrangement to meet someone at a particular time and place	freetalk
authors	ˈɔθɝz	A person who writes a novel, poem, essay, etc	freetalk
barely	ˈbɛɹli	Only just; almost not	freetalk
bush	ˈbʊʃ	A shrub or clump of shrubs	freetalk
cabinet	ˈkæbənət	A piece of furniture with shelves, drawers, or compartments for storing or displaying items	freetalk
celebrate	ˈsɛləˌbɹeɪt	To observe (a day) or commemorate (an event) with ceremonies or festivities	freetalk
challenges	ˈtʃæləndʒɪz	A call or summons to engage in any contest, as of skill, strength, etc	freetalk
chocolate	ˈtʃɔklət	A sweet food made from roasted and ground cacao seeds	freetalk
coal	ˈkoʊl	A black or dark brown combustible mineral substance consisting of carbonized vegetable matter, used as a fuel	freetalk
colour	ˈkʌlɝ	The property possessed by an object of producing different sensations on the eye as a result of the way it reflects or emits light	freetalk
contemporary	kənˈtɛmpɝˌɛɹi	Belonging to the same time period	freetalk
criticism	ˈkɹɪtɪˌsɪzəm	The act of expressing disapproval or judgment	freetalk
dna	ˈdiˌɛˈneɪ	Deoxyribonucleic acid: a self-replicating material present in nearly all living organisms as the main constituent of chromosomes	freetalk
effectively	ɪˈfɛktɪvli	In a way that achieves the intended result	freetalk
eric	ˈɛɹɪk	A male given name	freetalk
extensive	ɪkˈstɛnsɪv	Covering or affecting a large area	freetalk
faced	ˈfeɪst	Having a specified kind of face or number of faces	freetalk
filed	ˈfaɪld	To arrange documents in a systematic order for easy reference	freetalk
formation	fɔɹˈmeɪʃən	The act of forming or establishing something	freetalk
fought	ˈfɔt	past tense of fight	freetalk
gained	ˈɡeɪnd	Obtain or secure (something desired or beneficial)	freetalk
gallery	ˈɡælɝi	A room or building for the display or sale of works of art	freetalk
highway	ˈhaɪˌweɪ	A main road, especially one connecting major cities	freetalk
historic	hɪˈstɔɹɪk	Famous or important in history	freetalk
hunt	ˈhʌnt	To pursue and capture or kill for food or sport	freetalk
improvement	ˌɪmˈpɹuvmənt	The act of making something better	freetalk
inch	ˈɪntʃ	A unit of linear measure equal to one twelfth of a foot	freetalk
initially	ˌɪˈnɪʃəli	At the beginning; first	freetalk
junior	ˈdʒunjɝ	Younger in age or lower in rank	freetalk
jury	ˈdʒʊɹi	A group of people sworn to render a verdict in a legal case	freetalk
marks	ˈmɑɹks	A visible impression or stain on a surface	freetalk
monster	ˈmɑnstɝ	An imaginary creature that is typically large, ugly, and frightening	freetalk
obtained	əbˈteɪnd	To acquire or get possession of something	freetalk
philosophy	fəˈlɑsəfi	The study of the fundamental nature of knowledge, reality, and existence, especially when considered as an academic discipline	freetalk
pride	ˈpɹaɪd	A feeling of deep pleasure or satisfaction derived from one's own achievements	freetalk
promised	ˈpɹɑməst	A declaration or assurance that one will do a particular thing or that a particular thing will happen	freetalk
repeat	ɹɪˈpit	To say or do something again	freetalk
returning	ɹɪˈtɝnɪŋ	Coming or going back to a place or person	freetalk
riding	ˈɹaɪdɪŋ	The act of sitting on and controlling a bicycle, motorcycle, or similar vehicle	freetalk
rough	ˈɹʌf	Having an uneven or irregular surface	freetalk
settlement	ˈsɛtəlmənt	An act of settling or establishing a place of residence	freetalk
smell	ˈsmɛl	The faculty or sense by which odors are perceived	freetalk
sought	ˈsɔt	past tense of seek	freetalk
speaker	ˈspikɝ	A person who speaks	freetalk
studied	ˈstʌdid	Carefully examining or analyzing something	freetalk
suggests	səˈdʒɛsts	To mention or introduce for consideration or possible action	freetalk
surrounding	sɝˈaʊndɪŋ	Present on all sides of something	freetalk
tone	ˈtoʊn	The quality or character of sound	freetalk
topic	ˈtɑpɪk	A subject of conversation or discussion	freetalk
universal	ˌjunəˈvɝsəl	Applicable everywhere or in all cases	freetalk
vast	ˈvæst	Very great in size, amount, degree, intensity, or extent	freetalk
visitors	ˈvɪzɪtɝz	A person who visits a place for pleasure or out of curiosity	freetalk
wanting	ˈwɑntɪŋ	Lacking in a certain quality or element	freetalk
auto	ˈɔtoʊ	Self	freetalk
consistent	kənˈsɪstənt	Acting or done in the same way over time	freetalk
continuing	kənˈtɪnjuɪŋ	To persist in existence or in a course of action	freetalk
earn	ˈɝn	Obtain money in return for labor or services	freetalk
exists	ɪɡˈzɪsts	To have actual being	freetalk
finger	ˈfɪŋɡɝ	A slender jointed part of the hand used for grasping and feeling	freetalk
grey	ˈɡɹeɪ	Of a color intermediate between black and white, as of ashes or lead	freetalk
guitar	ɡɪˈtɑɹ	A musical instrument with six strings, played by strumming or plucking	freetalk
heading	ˈhɛdɪŋ	A title or caption at the top of a page or section of a book	freetalk
ignore	ˌɪɡˈnɔɹ	Refuse to take notice of or acknowledge; disregard intentionally	freetalk
involving	ˌɪnˈvɑlvɪŋ	To include as a necessary part or result	freetalk
lewis	ˈluɪs	A metal device with a screw and two jaws used for lifting heavy stones	freetalk
meal	ˈmil	An occasion when food is eaten	freetalk
meanwhile	ˈminˌwaɪl	At the same time	freetalk
meetings	ˈmitɪŋz	An assembly of people for a particular purpose, especially for formal discussion	freetalk
naturally	ˈnætʃɝəli	In a natural manner	freetalk
necessarily	ˌnɛsəˈsɛɹəli	In a way that cannot be otherwise; inevitably	freetalk
offices	ˈɔfəsəz	A room, set of rooms, or building used as a place for commercial, professional, or bureaucratic work	freetalk
pants	ˈpænts	An outer garment covering the body from the waist to the ankles, with a separate part for each leg	freetalk
partnership	ˈpɑɹtnɝˌʃɪp	The state or condition of being a partner	freetalk
payments	ˈpeɪmənts	The act of paying someone or something	freetalk
percentage	pɝˈsɛntədʒ	A proportion or share in relation to a whole	freetalk
pocket	ˈpɑkət	A small bag or pouch sewn into or on clothing for carrying small articles	freetalk
practical	ˈpɹæktəkəl	Of or concerned with the actual doing or use of something rather than with theory or ideas	freetalk
primarily	pɹaɪˈmɛɹəli	For the most part; mainly	freetalk
proved	ˈpɹuvd	Demonstrate the truth or existence of something by evidence or argument	freetalk
rape	ˈɹeɪp	The crime of forcing another person to have sexual intercourse without their consent	freetalk
regardless	ɹəˈɡɑɹdləs	Without regard to or consideration of	freetalk
relative	ˈɹɛlətɪv	Considered in relation or in proportion to something else	freetalk
represents	ˌɹɛpɹɪˈzɛnts	To stand for or symbolize something	freetalk
rescue	ˈɹɛskju	Save from danger or harm	freetalk
resulting	ɹɪˈzʌltɪŋ	Occurring or happening as a consequence of something else	freetalk
rush	ˈɹʌʃ	A sudden quick movement towards something or someone	freetalk
sessions	ˈsɛʃənz	A period of time devoted to a particular activity	freetalk
sharp	ˈʃɑɹp	Having a thin edge or point that is able to cut or pierce	freetalk
stable	ˈsteɪbəl	Not likely to give way or overturn; firmly fixed	freetalk
structures	ˈstɹʌktʃɝz	Something that is built or constructed	freetalk
supplies	səˈplaɪz	To provide something needed or desired	freetalk
symptoms	ˈsɪmptəmz	A physical or mental feature that is regarded as indicating a condition of disease	freetalk
temporary	ˈtɛmpɝˌɛɹi	Lasting for a limited time	freetalk
tested	ˈtɛstɪd	Subjected to trial or examination	freetalk
trick	ˈtɹɪk	A cunning or deceitful action intended to deceive or outwit someone	freetalk
attended	əˈtɛndɪd	To be present at (an event, meeting, etc.)	freetalk
audio	ˈɑdiˌoʊ	Sound that is transmitted electronically	freetalk
bone	ˈboʊn	Any of the pieces of hard, whitish tissue making up the skeleton in humans and other vertebrates	freetalk
bullshit	ˈbʊlˌʃɪt	Nonsense or foolishness	freetalk
chamber	ˈtʃeɪmbɝ	A room used for a specific purpose, such as sleeping or eating	freetalk
chart	ˈtʃɑɹt	A visual representation of data	freetalk
children's	ˈtʃɪldɹənz	Belonging to or relating to children	shadowline
circuit	ˈsɝkət	A complete and closed path around which a current can flow	freetalk
clothing	ˈkloʊðɪŋ	Items worn to cover the body	freetalk
complicated	ˈkɑmpləˌkeɪtəd	Involving many different and confusing aspects or elements	freetalk
confused	kənˈfjuzd	Unable to think clearly or understand	freetalk
consequences	ˈkɑnsəˌkwɛnsəz	A result or effect of an action or condition	freetalk
defend	dɪˈfɛnd	Resist an attack made on (someone or something)	freetalk
divided	dɪˈvaɪdɪd	Separated into parts or pieces	freetalk
everyday	ˈɛvɹiˈdeɪ	Used or seen daily	freetalk
extent	ɪkˈstɛnt	The area covered by something	freetalk
fishing	ˈfɪʃɪŋ	The act of catching fish	freetalk
format	ˈfɔɹˌmæt	The way in which something is arranged or set out	freetalk
gap	ˈɡæp	An opening or space between two objects	freetalk
gate	ˈɡeɪt	A movable barrier used to close an opening in a fence or wall	freetalk
gotten	ˈɡɑtən	past participle of get	freetalk
harm	ˈhɑɹm	Physical injury or damage	freetalk
household	ˈhaʊsˌhoʊld	A group of people living together in a single dwelling	freetalk
immigration	ˌɪməˈɡɹeɪʃən	The action of coming to live permanently in a foreign country	freetalk
impressive	ˌɪmˈpɹɛsɪv	Evoking admiration or respect through size, quality, or skill	freetalk
jews	ˈdʒuz	The descendants of the ancient Hebrew people of Israel	freetalk
joining	ˈdʒɔɪnɪŋ	to connect or link together	freetalk
killer	ˈkɪlɝ	A person or thing that kills	freetalk
lesson	ˈlɛsən	An instructive example or experience	freetalk
limits	ˈlɪməts	A point or level beyond which something does not or may not extend or pass	freetalk
loving	ˈlʌvɪŋ	Feeling or showing love	freetalk
managers	ˈmænədʒɝz	A person who manages or directs a business or organization	freetalk
membership	ˈmɛmbɝˌʃɪp	The state of belonging to a group or organization	freetalk
mirror	ˈmɪɹɝ	A surface, typically of glass coated with a metal amalgam, that reflects a clear image	freetalk
mount	ˈmaʊnt	To go up or climb something	freetalk
nights	ˈnaɪts	The period of darkness between sunset and sunrise	freetalk
occur	əˈkɝ	To take place	freetalk
parking	ˈpɑɹkɪŋ	The action or practice of leaving a vehicle in a particular place for a period of time	freetalk
proposal	pɹəˈpoʊzəl	A plan or suggestion put forward for consideration or discussion	freetalk
province	ˈpɹɑvəns	A principal administrative division of certain countries or empires	freetalk
purchased	ˈpɝtʃəst	Acquired by paying money for	freetalk
recognition	ˌɹɛkəɡˈnɪʃən	The action or process of recognizing or being recognized	freetalk
reputation	ˌɹɛpjəˈteɪʃən	The beliefs or opinions that are generally held about someone or something	freetalk
rolling	ˈɹoʊlɪŋ	Moving by turning over and over on an axis	freetalk
shortly	ˈʃɔɹtli	In a short time	freetalk
situations	ˌsɪtʃuˈeɪʃənz	The combination of circumstances at a given time	freetalk
strongly	ˈstɹɔŋli	In a powerful or forceful manner	freetalk
tears	ˈtɛɹz	Drops of saline fluid that are secreted by the lacrimal glands in response to emotion or irritation	freetalk
technique	tɛkˈnik	A way of carrying out a particular task, especially the execution or performance of an artistic work or a scientific procedure	freetalk
thin	ˈθɪn	Having little thickness or depth	freetalk
tied	ˈtaɪd	fastened or attached with string or similar cord	freetalk
accused	əˈkjuzd	A person or group of people who are charged with a crime or offense	freetalk
adventure	ædˈvɛntʃɝ	An exciting or unusual experience	freetalk
argue	ˈɑɹɡju	Give reasons or evidence in support of an idea, action, or theory	freetalk
assessment	əˈsɛsmənt	The action of assessing someone or something	freetalk
atmosphere	ˈætməsˌfɪɹ	The envelope of gases surrounding the earth or another planet	freetalk
awful	ˈɑfəl	Extremely bad or unpleasant	freetalk
bedroom	ˈbɛˌdɹum	A room furnished with a bed and intended primarily for sleeping	freetalk
belief	bɪˈlif	An acceptance that something exists or is true, especially without proof	freetalk
bound	ˈbaʊnd	Heading or moving in a specified direction	freetalk
breaks	ˈbɹeɪks	To separate into pieces	freetalk
carefully	ˈkɛɹfəli	In a cautious manner	freetalk
cats	ˈkæts	A small domesticated carnivorous mammal with soft fur, a short snout, and retractile claws	freetalk
choices	ˈtʃɔɪsəz	The act of selecting or making a decision when faced with two or more possibilities	freetalk
closing	ˈkloʊzɪŋ	The act of shutting something	freetalk
cloud	ˈklaʊd	A visible mass of condensed water vapor floating in the atmosphere	freetalk
colorado	ˌkɑlɝˈɑdoʊ	A state in the western United States	freetalk
colors	ˈkʌlɝz	The property possessed by an object of producing different sensations on the eye as a result of the way it reflects or emits light	freetalk
contrast	ˈkɑntɹæst	The state of being strikingly different from something else	freetalk
courses	ˈkɔɹsəz	A series of lectures or lessons in a particular subject	freetalk
courts	ˈkɔɹts	A place where legal matters are heard and decided	freetalk
drew	ˈdɹu	past tense of draw	freetalk
egg	ˈɛɡ	An oval or round object laid by a female bird, reptile, fish, or invertebrate	freetalk
element	ˈɛləmənt	A fundamental or essential part	freetalk
elsewhere	ˈɛlˌswɛɹ	In or to another place	freetalk
establish	ɪˈstæblɪʃ	Set up (an organization, system, or set of rules) on a firm or permanent basis	freetalk
extension	ɪkˈstɛnʃən	The action of extending or stretching out	freetalk
files	ˈfaɪlz	A collection of papers or documents stored together	freetalk
founder	ˈfaʊndɝ	A person who establishes an organization or institution	freetalk
gear	ˈɡɪɹ	A toothed wheel that engages with another toothed wheel to transmit motion	freetalk
hills	ˈhɪlz	A naturally raised area of land, not as high or craggy as a mountain	freetalk
hip	ˈhɪp	The projecting part of the body formed by the side of the pelvis and the upper part of the femur	freetalk
hitting	ˈhɪtɪŋ	To strike or come into contact with forcefully	freetalk
increases	ɪnˈkɹisəz	To become or make greater in size, amount, intensity, or degree	freetalk
infrastructure	ˌɪnfɹəˈstɹʌktʃɝ	The basic physical and organizational structures and facilities needed for the operation of a society or enterprise	freetalk
locations	loʊˈkeɪʃənz	A particular place or position	freetalk
loose	ˈlus	Not firmly or tightly fixed in place	freetalk
machines	məˈʃinz	A device that transmits or modifies force or motion	freetalk
men's	ˈmɛnz	Belonging to or relating to men	shadowline
moral	ˈmɔɹəl	Concerned with the principles of right and wrong behavior	freetalk
offensive	əˈfɛnsɪv	causing someone to feel hurt, angry, or upset	freetalk
pa	ˈpɑ	Father	freetalk
package	ˈpækədʒ	A wrapped or boxed object or group of objects	freetalk
pointed	ˈpɔɪntɪd	Having a sharp or tapered end	freetalk
poverty	ˈpɑvɝti	The state of being extremely poor	freetalk
processes	ˈpɹɑsɛsəz	A series of actions or steps taken in order to achieve a particular end	freetalk
processing	ˈpɹɑsɛsɪŋ	The action of dealing with something methodically or systematically	freetalk
qualified	ˈkwɑləˌfaɪd	Officially recognized as being trained or skilled in a particular job or activity	freetalk
railway	ˈɹeɪlˌweɪ	A track or set of tracks made of steel rails along which passenger and freight trains run	freetalk
reaching	ˈɹitʃɪŋ	Extending an arm or hand in a specified direction	freetalk
ridiculous	ɹɪˈdɪkjələs	Deserving or inviting derision or mockery; absurd	freetalk
sensitive	ˈsɛnsətɪv	Easily affected or hurt by something	freetalk
server	ˈsɝvɝ	A person who serves food or drinks to customers	freetalk
shock	ˈʃɑk	A sudden upsetting or surprising event or experience	freetalk
silence	ˈsaɪləns	The absence of sound or noise	freetalk
soldier	ˈsoʊldʒɝ	A person who serves in an army	freetalk
superior	suˈpɪɹiɝ	Higher in rank, status, or quality than others	freetalk
supporters	səˈpɔɹtɝz	A person who approves of and encourages someone or something	freetalk
thick	ˈθɪk	Having a relatively great extent from one surface or side to the opposite; not thin	freetalk
threw	ˈθɹu	Past tense of throw	freetalk
tons	ˈtʌnz	A unit of weight equal to 2,000 pounds	freetalk
transition	tɹænˈzɪʃən	The process or a period of changing from one state or condition to another	freetalk
violent	ˈvaɪələnt	Using or involving physical force intended to hurt, damage, or kill someone or something	freetalk
voters	ˈvoʊtɝz	A person who votes in an election	freetalk
wash	ˈwɑʃ	To clean with water and usually soap or detergent	freetalk
acid	ˈæsəd	A chemical substance that neutralizes alkalis, dissolves some metals, and turns litmus red	freetalk
actress	ˈæktɹəs	A woman who performs in plays, movies, or television shows	freetalk
administrative	ədˈmɪnəˌstɹeɪtɪv	Relating to the running of a business or organization	freetalk
alan	ˈælən	A member of a nomadic people of Iranian descent living in the Caucasus region	freetalk
alongside	əˈlɔŋˈsaɪd	Next to or beside someone or something	freetalk
angel	ˈeɪndʒəl	A spiritual being believed to act as a messenger of God	freetalk
anxiety	æŋˈzaɪəti	A feeling of worry, nervousness, or unease about something with an uncertain outcome	freetalk
babies	ˈbeɪbiz	A very young child	freetalk
bars	ˈbɑɹz	A long, narrow piece of metal or wood used for various purposes	freetalk
bonus	ˈboʊnəs	An extra payment or gift given as a reward for good performance	freetalk
castle	ˈkæsəl	A large building or group of buildings fortified against attack with thick walls, battlements, towers, and in many cases a moat	freetalk
charity	ˈtʃɛɹɪti	The voluntary giving of help, typically in the form of money, to those in need	freetalk
clients	ˈklaɪənts	A person or organization using the services of a professional or company	freetalk
compare	kəmˈpɛɹ	To examine for the purpose of noting similarities and differences	freetalk
contained	kənˈteɪnd	To have or hold within	freetalk
cooking	ˈkʊkɪŋ	The act of preparing food by heating it	freetalk
covering	ˈkʌvɝɪŋ	Something that covers or conceals	freetalk
curious	ˈkjʊɹiəs	Eager to know or learn something	freetalk
directors	dɝˈɛktɝz	A person who supervises the production of a show, movie, or other entertainment	freetalk
discovery	dɪˈskʌvɝi	The act of finding or learning something for the first time	freetalk
discussed	dɪˈskʌst	Talked about something with another person or group	freetalk
duke	ˈduk	A nobleman of the highest rank in the British peerage	freetalk
encourage	ɛnˈkɝɪdʒ	To give support, confidence, or hope to someone	freetalk
enforcement	ɛnˈfɔɹsmənt	The act of enforcing or the state of being enforced	freetalk
featuring	ˈfitʃɝɪŋ	To include as a prominent or important part	freetalk
finals	ˈfaɪnəlz	The last game or match in a sports competition	freetalk
flash	ˈflæʃ	A sudden burst of light or flame	freetalk
formal	ˈfɔɹməl	Suitable for official or important occasions	freetalk
formula	ˈfɔɹmjələ	A mathematical relationship or rule expressed in symbols	freetalk
governments	ˈɡʌvɝmənts	The group of people with the authority to govern a country or state	freetalk
gray	ˈɡɹeɪ	Of a color intermediate between black and white	freetalk
gross	ˈɡɹoʊs	Total, entire, complete	freetalk
horses	ˈhɔɹsəz	A large, solid-hoofed, herbivorous quadruped domesticated since prehistoric times, used for riding and as a draft animal	freetalk
hungry	ˈhʌŋɡɹi	Feeling a need or desire for food	freetalk
informed	ˌɪnˈfɔɹmd	Having or showing knowledge or understanding	freetalk
innocent	ˈɪnəsənt	Not guilty of a crime or offense	freetalk
jeff	ˈdʒɛf	A male given name	freetalk
losses	ˈlɔsəz	The fact or process of losing something	freetalk
mac	ˈmæk	A waterproof raincoat or jacket	freetalk
math	ˈmæθ	The study of numbers, quantities, and shapes	freetalk
mistakes	mɪˈsteɪks	An error or fault resulting from defective judgment, deficient knowledge, or carelessness	freetalk
mystery	ˈmɪstɝi	Something that is difficult or impossible to understand or explain	freetalk
networks	ˈnɛˌtwɝks	A group or system of interconnected people or things	freetalk
palace	ˈpæləs	A large, impressive residence or building	freetalk
passes	ˈpæsəz	To move in a specified direction	freetalk
penalty	ˈpɛnəlti	A punishment imposed for breaking a law or rule	freetalk
pet	ˈpɛt	An animal kept for companionship or pleasure	freetalk
phones	ˈfoʊnz	A device used for transmitting sound, typically through a speaker or earpiece	freetalk
photography	fəˈtɑɡɹəfi	The art or practice of taking and processing photographs	freetalk
producing	pɹəˈdusɪŋ	To make or manufacture something	freetalk
protest	ˈpɹoʊˌtɛst	An expression or declaration of objection, disapproval, or dissent	freetalk
publication	ˌpʌblɪˈkeɪʃən	The act of making information available to the public	freetalk
rating	ˈɹeɪtɪŋ	A classification or ranking based on a scale of quality or importance	freetalk
refer	ɹəˈfɝ	To mention or allude to someone or something in speech or writing	freetalk
respectively	ɹɪˈspɛktɪvli	In the order given	freetalk
scheduled	ˈskɛdʒʊld	Planned or arranged at a certain time	freetalk
select	səˈlɛkt	Carefully choose as being the best or most suitable	freetalk
silent	ˈsaɪlənt	Making no sound; quiet	freetalk
spoken	ˈspoʊkən	Uttered words or sounds	freetalk
successfully	səkˈsɛsfəli	In a successful manner	freetalk
suffer	ˈsʌfɝ	Experience or be subjected to something bad or unpleasant	freetalk
temple	ˈtɛmpəl	A building devoted to the worship, or regarded as the dwelling place, of a god or gods	freetalk
tracks	ˈtɹæks	A mark or series of marks left by the passage of someone or something	freetalk
trail	ˈtɹeɪl	A path or track made by the passage of animals or people	freetalk
uncle	ˈʌŋkəl	The brother of one's parent	freetalk
unusual	əˈnjuˌʒuəl	Not usual; uncommon; rare	freetalk
waters	ˈwɔtɝz	The liquid that descends from the clouds as rain, forms streams, lakes, and seas, and is a major constituent of all living matter	freetalk
woods	ˈwʊdz	A dense forest or area covered with trees	freetalk
yo	ˈjoʊ	Used as a greeting or to attract someone's attention	freetalk
arrival	ɝˈaɪvəl	The act of reaching a destination	freetalk
asks	ˈæsks	To inquire about something	freetalk
assault	əˈsɔlt	A physical attack or threat of attack	freetalk
awareness	əˈwɛɹnəs	Knowledge or perception of a situation or fact	freetalk
badly	ˈbædli	In a severe or harmful manner	freetalk
captured	ˈkæptʃɝd	To take into one's possession or control by force or skill	freetalk
chase	ˈtʃeɪs	To pursue in order to catch or catch up with	freetalk
components	kəmˈpoʊnənts	A part or element of a larger whole	freetalk
concrete	kənˈkɹit	A building material made from a mixture of cement, sand, and water	freetalk
deeply	ˈdipli	To a great depth; far down or in	freetalk
expectations	ˌɛkspɛkˈteɪʃənz	A strong belief that something will happen or be the case in the future	freetalk
explanation	ˌɛkspləˈneɪʃən	A statement or account that makes something clear	freetalk
exposure	ɪkˈspoʊʒɝ	The state of being exposed to something harmful or unpleasant	freetalk
featured	ˈfitʃɝd	Displayed prominently or highlighted	freetalk
fiction	ˈfɪkʃən	Literature that is not based on real events or people	freetalk
guarantee	ˌɡɛɹənˈti	A promise or assurance that something will be done or will happen	freetalk
happiness	ˈhæpinəs	The state of being happy	freetalk
hearts	ˈhɑɹts	The organ in the body that pumps blood	freetalk
horrible	ˈhɔɹəbəl	Causing or likely to cause horror; shocking	freetalk
ideal	aɪˈdil	A standard of perfection or excellence	freetalk
injuries	ˈɪndʒɝiz	Harm or damage done to a person's or animal's body	freetalk
jimmy	ˈdʒɪmi	A short crowbar	freetalk
kelly	ˈkɛli	A shade of green	freetalk
legend	ˈlɛdʒənd	A traditional story sometimes popularly regarded as historical but unauthenticated	freetalk
lieutenant	luˈtɛnənt	A deputy or substitute acting for a superior	freetalk
mood	ˈmud	A temporary state of mind or feeling	freetalk
muscle	ˈmʌsəl	Physical strength or force	freetalk
passion	ˈpæʃən	Strong and barely controllable emotion	freetalk
picking	ˈpɪkɪŋ	The act of selecting or choosing something	freetalk
pleased	ˈplizd	Feeling or showing satisfaction or contentment	freetalk
procedure	pɹəˈsidʒɝ	A series of actions conducted in a certain order	freetalk
producer	pɹəˈdusɝ	A person, company, or country that makes goods or provides services for sale	freetalk
pushing	ˈpʊʃɪŋ	Exerting force on something in order to move it away from oneself	freetalk
rank	ˈɹæŋk	A position in a hierarchy	freetalk
replacement	ɹɪˈpleɪsmənt	The action or process of replacing something	freetalk
retired	ɹɪˈtaɪɹd	Having left one's job and ceased to work	freetalk
roles	ˈɹoʊlz	The function assumed or part played by a person or thing in a particular situation	freetalk
savings	ˈseɪvɪŋz	Money saved, especially through a bank or other financial institution	freetalk
settled	ˈsɛtəld	To establish a residence	freetalk
shadow	ˈʃæˌdoʊ	A dark area or shape produced by a body coming between rays of light and a surface	freetalk
singles	ˈsɪŋɡəlz	A person who is not married	freetalk
tag	ˈtæɡ	A small piece or strip of paper, plastic, or similar material attached to an object to identify it or give instructions	freetalk
tape	ˈteɪp	A long, narrow strip of material used for binding or fastening things together	freetalk
thread	ˈθɹɛd	A long, thin strand of cotton, nylon, or other fibers used in sewing or weaving	freetalk
victoria	vɪkˈtɔɹiə	A state of being victorious or successful	freetalk
visiting	ˈvɪzɪtɪŋ	To go to see or spend time with (someone) socially	freetalk
wage	ˈweɪdʒ	A fixed regular payment, typically paid on a daily or weekly basis, made by an employer to an employee	freetalk
we'd	ˈwid	Short for 'we would' or 'we had'	shadowline
wings	ˈwɪŋz	A pair of movable appendages on the body of a bird or insect, used for flying	freetalk
avenue	ˈævəˌnu	A wide road or thoroughfare	freetalk
bags	ˈbæɡz	A flexible container with an opening at the top, used for carrying things	freetalk
beating	ˈbitɪŋ	A physical act of striking or hitting someone or something repeatedly	freetalk
believes	bɪˈlivz	Accepts as true or real	freetalk
blocks	ˈblɑks	A solid piece of hard material, such as wood or stone, with flat sides	freetalk
boring	ˈbɔɹɪŋ	Not interesting; dull	freetalk
charlie	ˈtʃɑɹli	A male given name	freetalk
checking	ˈtʃɛkɪŋ	To examine or inspect something	freetalk
clock	ˈklɑk	A device for measuring and indicating time, typically by hands moving on a dial	freetalk
commissioner	kəˈmɪʃənɝ	A person with the official duty of overseeing a particular area or activity	freetalk
commitment	kəˈmɪtmənt	The state or quality of being dedicated to a cause or activity	freetalk
confident	ˈkɑnfədənt	Feeling or showing certainty or assurance	freetalk
containing	kənˈteɪnɪŋ	To hold or have within	freetalk
copies	ˈkɑpiz	A thing made to be similar or identical to another	freetalk
crimes	ˈkɹaɪmz	An action or omission that constitutes an offense that may be prosecuted by the state and is punishable by law	freetalk
custom	ˈkʌstəm	A traditional and widely accepted way of behaving or doing something	freetalk
denied	dɪˈnaɪd	Refused to admit the truth or existence of something	freetalk
desk	ˈdɛsk	A piece of furniture with a flat or sloped surface for writing or working	freetalk
drinks	ˈdɹɪŋks	Consume liquid through the mouth	freetalk
ear	ˈiɹ	The organ of hearing and balance in humans and other vertebrates, especially the external part of this organ	freetalk
electricity	ɪˌlɛkˈtɹɪsəti	A physical phenomenon associated with stationary or moving electrons and protons	freetalk
episodes	ˈɛpəˌsoʊdz	A single event or occurrence	freetalk
farmers	ˈfɑɹmɝz	A person who owns or manages a farm	freetalk
grounds	ˈɡɹaʊndz	The solid surface of the earth	freetalk
gym	ˈdʒɪm	A place equipped for physical exercise	freetalk
helpful	ˈhɛlpfəl	Giving or ready to give help	freetalk
horror	ˈhɔɹɝ	An intense feeling of fear, shock, or disgust	freetalk
label	ˈleɪbəl	A small piece of paper, fabric, plastic, or similar material attached to an object and giving information about it	freetalk
locked	ˈlɑkt	Fastened with a lock	freetalk
naked	ˈneɪkəd	Without clothing or covering	freetalk
opens	ˈoʊpənz	To move or adjust something so that it is no longer closed or covered	freetalk
output	ˈaʊtˌpʊt	The amount of something produced by a person, machine, or industry	freetalk
persons	ˈpɝsənz	Individuals	freetalk
pitch	ˈpɪtʃ	A thick, dark, sticky substance obtained from tar or turpentine	freetalk
pizza	ˈpitsə	A dish of Italian origin consisting of a flat, round base of dough baked with a topping of tomato sauce and cheese	freetalk
plain	ˈpleɪn	Not decorated or elaborate	freetalk
pushed	ˈpʊʃt	To exert force on (someone or something) in order to move them away from oneself	freetalk
raising	ˈɹeɪzɪŋ	To lift or move to a higher position	freetalk
rear	ˈɹɪɹ	The back part of something	freetalk
reveal	ɹɪˈvil	Make (previously unknown or secret information) known to others	freetalk
romantic	ɹoʊˈmæntɪk	Relating to love or a close, loving relationship	freetalk
scores	ˈskɔɹz	A group or set of twenty	freetalk
sisters	ˈsɪstɝz	A female sibling	freetalk
speaks	ˈspiks	Utter words	freetalk
stages	ˈsteɪdʒəz	A point, period, or step in a process or development	freetalk
strategic	stɹəˈtidʒɪk	Relating to the identification of long-term goals and the means of achieving them	freetalk
swimming	ˈswɪmɪŋ	The act or sport of moving through water by moving the limbs	freetalk
welfare	ˈwɛlˌfɛɹ	the health, happiness, and fortunes of a person or group	freetalk
winners	ˈwɪnɝz	A person or team that wins a competition or contest	freetalk
wire	ˈwaɪɝ	Metal thread or filament used for conducting electricity or transmitting signals	freetalk
worker	ˈwɝkɝ	a person who works, especially for wages	freetalk
afterwards	ˈæftɝwɝdz	At a later or subsequent time	freetalk
alright	ˌɔlˈɹaɪt	Satisfactory; acceptable	freetalk
android	ˈænˌdɹɔɪd	A robot with a human appearance	freetalk
anger	ˈæŋɡɝ	A strong feeling of displeasure and usually of antagonism	freetalk
architecture	ˈɑɹkəˌtɛktʃɝ	The art or practice of designing and constructing buildings	freetalk
assist	əˈsɪst	To give support or aid	freetalk
attempted	əˈtɛmptɪd	Made an effort to do something	freetalk
behalf	bɪˈhæf	In the interest of; for the benefit of	freetalk
belt	ˈbɛlt	A strip of leather or other material worn around the waist to support clothing or hold weapons	freetalk
capture	ˈkæptʃɝ	To take by force or skill	freetalk
centers	ˈsɛntɝz	A point or place that is equally distant from all sides or boundaries	freetalk
ceremony	ˈsɛɹəˌmoʊni	A formal religious or public occasion	freetalk
comic	ˈkɑmɪk	A humorous or amusing person or thing	freetalk
cops	ˈkɑps	Police officers	freetalk
cuts	ˈkʌts	A wound or incision made by a sharp object	freetalk
designer	dɪˈzaɪnɝ	A person who designs	freetalk
diamond	ˈdaɪmənd	A precious stone consisting of a clear and typically colorless crystalline form of pure carbon	freetalk
disappointed	ˌdɪsəˈpɔɪntɪd	Feeling sad or displeased because something did not meet expectations	freetalk
dressed	ˈdɹɛst	Wearing clothes	freetalk
economics	ˌɛkəˈnɑmɪks	The branch of knowledge concerned with the production, consumption, and transfer of wealth	freetalk
efficient	ɪˈfɪʃənt	Achieving maximum productivity with minimum wasted effort or expense	freetalk
electrical	ɪˈlɛktɹɪkəl	Relating to electricity or electric currents	freetalk
employed	ɛmˈplɔɪd	To be engaged in work for pay	freetalk
enjoying	ˌɛnˈdʒɔɪɪŋ	To take pleasure in; find satisfaction in	freetalk
entering	ˈɛntɝɪŋ	To come or go into (a place)	freetalk
essentially	ɛˈsɛnʃəli	Basically or fundamentally	freetalk
establishment	ɪˈstæblɪʃmənt	The action of establishing something	freetalk
expecting	ɪkˈspɛktɪŋ	To look forward to the probable occurrence or appearance of	freetalk
explains	ɪkˈspleɪnz	Make (an idea, situation, or problem) clear to someone by describing it in more detail	freetalk
flower	ˈflaʊɝ	A plant cultivated for its blooms or blossoms	freetalk
ghost	ˈɡoʊst	The soul of a dead person, a disembodied spirit	freetalk
guests	ˈɡɛsts	A person who is invited to visit or stay in someone's home	freetalk
handed	ˈhændəd	Having a specified number or type of hands	freetalk
hunting	ˈhʌntɪŋ	The activity of pursuing wild animals for food or sport	freetalk
industries	ˈɪndəstɹiz	Economic activity concerned with the processing of raw materials and manufacture of goods in factories	freetalk
jane	ˈdʒeɪn	A girl or woman	freetalk
judges	ˈdʒʌdʒɪz	A person who decides on the outcome of a competition or dispute	freetalk
kit	ˈkɪt	A set of tools or equipment for a specific purpose	freetalk
lab	ˈlæb	A room equipped for scientific experiments or research	freetalk
languages	ˈlæŋɡwədʒəz	A system of communication used by a particular country or community	freetalk
maps	ˈmæps	A representation, usually on a flat surface, of a region of the earth or heavens	freetalk
morgan	ˈmɔɹɡən	A unit of money in ancient Persia	freetalk
na	ˈnɑ	Used to express negation or refusal	freetalk
nervous	ˈnɝvəs	Easily agitated or alarmed	freetalk
newly	ˈnuli	Recently	freetalk
odd	ˈɑd	Not divisible by two	freetalk
op	ˈɑp	A surgical procedure	freetalk
ordinary	ˈɔɹdəˌnɛɹi	Usual or normal	freetalk
participate	pɑɹˈtɪsəˌpeɪt	Take part in an activity or event	freetalk
prayer	ˈpɹɛɹ	A solemn request for help or expression of thanks addressed to God or another deity	freetalk
principles	ˈpɹɪnsəpəlz	A fundamental truth or proposition that serves as the foundation for a system of belief or behavior	freetalk
racist	ˈɹeɪsɪst	A person who believes that a particular race is superior to another	freetalk
rarely	ˈɹɛɹli	Not often; infrequently	freetalk
references	ˈɹɛfɝənsɪz	The act of mentioning or alluding to something	freetalk
sexy	ˈsɛksi	Sexually attractive or exciting	freetalk
skill	ˈskɪl	The ability to do something well; expertise	freetalk
soil	ˈsɔɪl	The top layer of the earth's surface in which plants grow	freetalk
solve	ˈsɑlv	Find an answer or solution to (a problem or question)	freetalk
stomach	ˈstʌmək	The internal organ in which the major part of the digestion of food occurs	freetalk
struck	ˈstɹʌk	past tense of strike	freetalk
studying	ˈstʌdiɪŋ	The act of acquiring knowledge or skill through reading, research, or practice	freetalk
suck	ˈsʌk	To draw into the mouth by contracting the muscles of the lips and mouth to make a partial vacuum	freetalk
supports	səˈpɔɹts	To bear the weight of something	freetalk
trash	ˈtɹæʃ	Discarded items that are no longer wanted or needed	freetalk
ugly	ˈʌɡli	Unpleasant or repulsive in appearance	freetalk
vegas	ˈveɪɡəs	A city in Nevada known for its casinos and entertainment	freetalk
virus	ˈvaɪɹəs	A harmful or corrupting influence	freetalk
walker	ˈwɔkɝ	A person who walks, especially for exercise or as a means of transportation	freetalk
whoever	huˈɛvɝ	Whatever person	freetalk
amounts	əˈmaʊnts	The total number or quantity of something	freetalk
aspect	ˈæˌspɛkt	A particular part or feature of something	freetalk
banned	ˈbænd	Officially or legally prohibited	freetalk
boost	ˈbust	To lift or raise by pushing from behind or below	freetalk
bureau	ˈbjʊɹoʊ	A chest of drawers or a writing desk	freetalk
colonel	ˈkɝnəl	A commissioned officer in the armed forces	freetalk
comfort	ˈkʌmfɝt	A state of physical ease and freedom from pain or constraint	freetalk
controls	kənˈtɹoʊlz	To have power over something or someone	freetalk
cousin	ˈkʌzən	A child of one's uncle or aunt	freetalk
crack	ˈkɹæk	A sudden, sharp noise	freetalk
deck	ˈdɛk	A flat surface capable of supporting weight, typically constructed outdoors and connected to a building	freetalk
demands	dɪˈmændz	Requests for something to be done or provided	freetalk
dies	ˈdaɪz	To cease living; pass away	freetalk
dragon	ˈdɹæɡən	A mythical monster like a giant reptile	freetalk
dramatic	dɹəˈmætɪk	Of or relating to drama or the performance of plays	freetalk
dust	ˈdʌst	Fine, dry particles of matter	freetalk
dutch	ˈdʌtʃ	Of or relating to the Netherlands or its people	freetalk
engineers	ˈɛndʒəˈnɪɹz	A person who designs, builds, or maintains engines or machinery	freetalk
evolution	ˌɛvəˈluʃən	The process by which different kinds of living organisms are thought to have developed and diversified from earlier forms during the history of the earth	freetalk
foods	ˈfudz	Any nutritious substance that people or animals eat or drink to maintain life and growth	freetalk
hired	ˈhaɪɝd	Employed for wages or salary	freetalk
illness	ˈɪlnəs	A disease or period of sickness affecting the body or mind	freetalk
inspiration	ˌɪnspɝˈeɪʃən	The process of being mentally stimulated to do or feel something, especially to do something creative	freetalk
institution	ˌɪnstɪˈtuʃən	An established organization or foundation dedicated to a particular cause or activity	freetalk
kings	ˈkɪŋz	A male ruler of a country or territory	freetalk
knife	ˈnaɪf	A cutting instrument consisting of a blade fixed into a handle	freetalk
lately	ˈleɪtli	Recently	freetalk
lowest	ˈloʊəst	Situated, placed, or occurring at or near the bottom or end of something	freetalk
memorial	məˈmɔɹiəl	Serving to preserve the memory of someone or something	freetalk
minority	maɪˈnɔɹəti	The smaller number or part, especially a number that is less than half of a total	freetalk
mum	ˈmʌm	A person's mother	freetalk
opinions	əˈpɪnjənz	A belief or judgment about something	freetalk
patterns	ˈpætɝnz	A repeated decorative design	freetalk
presents	ˈpɹɛzənts	To give something to someone formally or ceremonially	freetalk
priority	pɹaɪˈɔɹəti	The fact or condition of being regarded or treated as more important than others	freetalk
promotion	pɹəˈmoʊʃən	The act of promoting or being promoted	freetalk
rail	ˈɹeɪl	A horizontal bar, either wooden or metal, that divides a window into panes	freetalk
readers	ˈɹidɝz	A person who reads	freetalk
remote	ɹɪˈmoʊt	Far away in distance	freetalk
repair	ɹɪˈpɛɹ	to fix or mend something that is broken or damaged	freetalk
root	ˈɹut	The part of a plant that attaches it to the ground and absorbs water and nutrients	freetalk
saint	ˈseɪnt	A person acknowledged as holy or virtuous and typically regarded as being in heaven after death	freetalk
steal	ˈstil	To take (something) without permission or legal right and without intending to return it	freetalk
stolen	ˈstoʊlən	past participle of steal	freetalk
telephone	ˈtɛləˌfoʊn	A system for transmitting voices over a distance using wire or radio	freetalk
tho	ˈðoʊ	Although	freetalk
titles	ˈtaɪtəlz	A name that describes someone's position or job	freetalk
trans	ˈtɹænz	Across	freetalk
ups	ˈʌps	Increase in value or amount	freetalk
whereas	wɛˈɹæz	In view of the fact that; considering that	freetalk
abandoned	əˈbændənd	Left without needed protection or care	freetalk
acquired	əˈkwaɪɝd	Obtain	freetalk
actors	ˈæktɝz	A person who acts in a play, movie, or television show	freetalk
alexander	ˌæləɡˈzændɝ	A male given name	freetalk
alliance	əˈlaɪəns	A union or association formed for mutual benefit, especially between countries or organizations	freetalk
annoying	əˈnɔɪɪŋ	Causing irritation or annoyance	freetalk
bid	ˈbɪd	To offer a certain amount of money for something at an auction	freetalk
bro	ˈbɹoʊ	Friend	freetalk
buddy	ˈbʌdi	A close friend or companion	freetalk
buried	ˈbɛɹid	To place (a dead body) in the ground or a tomb	freetalk
butter	ˈbʌtɝ	A solid emulsion of fat globules, air, and water made by churning milk or cream	freetalk
cares	ˈkɛɹz	Feels concern or interest; attaches importance to something	freetalk
conclusion	kənˈkluʒən	The end or finish of an event or process	freetalk
confirm	kənˈfɝm	Establish the truth or correctness of (something previously believed or suspected)	freetalk
congratulations	kənˌɡɹætʃəˈleɪʃənz	The act of congratulating	freetalk
contracts	ˈkɑnˌtɹækts	A written or spoken agreement between two or more parties that is enforceable by law	freetalk
convinced	kənˈvɪnst	To cause someone to believe firmly in the truth of something	freetalk
crap	ˈkɹæp	Nonsense or foolish talk	freetalk
crystal	ˈkɹɪstəl	A clear, transparent mineral or glass resembling ice	freetalk
dean	ˈdin	The head of a college or university faculty	freetalk
decent	ˈdisənt	Conforming with generally accepted standards of respectable or moral behavior	freetalk
decline	dɪˈklaɪn	To refuse or reject something	freetalk
delay	dɪˈleɪ	To make someone or something late or slow	freetalk
describes	dɪˈskɹaɪbz	To give an account of something in words	freetalk
desert	ˈdɛzɝt	A barren area of land with little or no vegetation	freetalk
downtown	ˈdaʊnˈtaʊn	The central part or main business district of a city	freetalk
elite	ɪˈlit	A select group that is superior in terms of ability or qualities	freetalk
enemies	ˈɛnəmiz	A person who is actively opposed or hostile to someone or something	freetalk
forgotten	fɝˈɡɑtən	No longer remembered; not recalled to mind	freetalk
forth	ˈfɔɹθ	Out into view or consideration	freetalk
gods	ˈɡɑdz	(noun) a superhuman being or spirit worshipped as having power over nature or human fortunes	freetalk
hadn't	ˈhædənt	Short for 'had not'	shadowline
hire	ˈhaɪɝ	To employ for wages or salary	freetalk
hop	ˈhɑp	To move by jumping on one foot	freetalk
hopes	ˈhoʊps	A feeling of expectation and desire for a certain thing to happen	freetalk
insane	ˌɪnˈseɪn	Mentally ill or deranged	freetalk
installed	ˌɪnˈstɔld	To place or fix in position for use or service	freetalk
landing	ˈlændɪŋ	The act of coming to rest on a surface after moving through the air	freetalk
layer	ˈleɪɝ	A single thickness of a material covering a surface or forming an overlying part	freetalk
managing	ˈmænədʒɪŋ	To be in charge of controlling or organizing something	freetalk
marry	ˈmɛɹi	To take as a husband or wife	freetalk
nah	ˈnɑ	No	freetalk
nowhere	ˈnoʊˌwɛɹ	Not in or to any place	freetalk
nurse	ˈnɝs	A person trained to care for the sick or infirm	freetalk
obtain	əbˈteɪn	To come into possession of	freetalk
organic	ɔɹˈɡænɪk	relating to or derived from living matter	freetalk
ownership	ˈoʊnɝˌʃɪp	the state or fact of owning something	freetalk
participants	pɑɹˈtɪsəpənts	A person who takes part in an activity or event	freetalk
poetry	ˈpoʊətɹi	Literary work in which special intensity is given to the expression of feelings and ideas by the use of distinctive style and rhythm	freetalk
pot	ˈpɑt	A container, typically round and deep, used for cooking food	freetalk
pray	ˈpɹeɪ	To address a deity with adoration, confession, supplication, or thanksgiving	freetalk
printed	ˈpɹɪntɪd	Text or images produced on paper or another material using a printing press or similar method	freetalk
recall	ˈɹiˌkɔl	Bring back to one's mind from memory	freetalk
rugby	ˈɹʌɡbi	A team sport played with an oval ball by two teams of 15 players	freetalk
sake	ˈseɪk	For the purpose of; in order to achieve a specified aim	freetalk
sheet	ˈʃit	A large rectangular piece of cotton or other fabric used as a covering on a bed	freetalk
signing	ˈsaɪnɪŋ	To write one's name on a document as a way of showing agreement or approval	freetalk
smooth	ˈsmuð	Having an even and regular surface or consistency	freetalk
spiritual	ˈspɪɹɪˌtʃuəl	Relating to or affecting the human spirit or soul	freetalk
stops	ˈstɑps	To cease moving or operating	freetalk
string	ˈstɹɪŋ	A thin piece of cord or twine used for tying or attaching things together	freetalk
sudden	ˈsʌdən	Happening or done quickly and unexpectedly	freetalk
throwing	ˈθɹoʊɪŋ	To propel something through the air with a motion of the arm and hand	freetalk
thrown	ˈθɹoʊn	Past participle of throw	freetalk
vacation	veɪˈkeɪʃən	A period of time devoted to pleasure, rest, or relaxation	freetalk
abroad	əˈbɹɔd	In or to a foreign country or countries	freetalk
assigned	əˈsaɪnd	To give someone a particular job or task to do	freetalk
associate	əˈsoʊsiət	Connect or bring into relation	freetalk
assumed	əˈsumd	To take for granted or without proof	freetalk
bench	ˈbɛntʃ	A long seat for several people, typically made of wood or stone	freetalk
bother	ˈbɑðɝ	To cause annoyance or trouble to	freetalk
broadcast	ˈbɹɔdˌkæst	To transmit a radio or television program for public reception	freetalk
bye	ˈbaɪ	A secondary matter or consideration	freetalk
citizen	ˈsɪtəzən	A legally recognized member of a country	freetalk
cleaning	ˈklinɪŋ	The act of removing dirt or impurities from a surface	freetalk
compete	kəmˈpit	Strive to gain or win something by defeating or establishing superiority over others	freetalk
consists	kənˈsɪsts	to be made up or composed of	freetalk
consumers	kənˈsumɝz	A person who purchases goods and services for personal use	freetalk
contributed	kənˈtɹɪbjutɪd	To give (money or help) in order to achieve or provide something together with other people	freetalk
cricket	ˈkɹɪkət	A game played with a ball and bat by two teams of eleven players	freetalk
critics	ˈkɹɪtɪks	A person who judges the merits of literary, artistic, or musical works	freetalk
damaged	ˈdæmədʒd	harmed or injured	freetalk
disaster	dɪˈzæstɝ	a sudden event, such as an accident or natural catastrophe, that causes great damage or loss	freetalk
discover	dɪˈskʌvɝ	Find (something or someone) unexpectedly or in the course of a search	freetalk
entrance	ˈɛntɹəns	The act of entering or going into a place	freetalk
equally	ˈikwəli	In an equal manner	freetalk
fallen	ˈfɑlən	Having dropped or descended from a higher to a lower level	freetalk
figured	ˈfɪɡjɝd	To understand or solve something	freetalk
fitness	ˈfɪtnəs	The quality of being suitable or appropriate	freetalk
friendship	ˈfɹɛndʃɪp	The state of being friends	freetalk
handling	ˈhændlɪŋ	The act of touching, feeling, or manipulating something with the hands	freetalk
idiot	ˈɪˌdiət	A person of low intelligence or mental capacity	freetalk
intense	ˌɪnˈtɛns	Having a strong or extreme effect	freetalk
keys	ˈkiz	A small metal instrument used for opening locks	freetalk
lawyers	ˈlɔjɝz	A person who practices or studies law	freetalk
lifetime	ˈlaɪfˌtaɪm	The duration of a person's life	freetalk
liquid	ˈlɪkwəd	A substance that flows freely but is of constant volume, having a consistency like that of water or oil	freetalk
makeup	ˈmeɪˌkʌp	The way in which something is composed or arranged	freetalk
mortgage	ˈmɔɹɡədʒ	To convey or pledge (a property) as security for a loan	freetalk
narrative	ˈnæɹətɪv	a story or account of events	freetalk
narrow	ˈnɛɹoʊ	Of small width in relation to length	freetalk
observed	əbˈzɝvd	Notice or perceive (something) and register it as being significant	freetalk
occasionally	əˈkeɪʒənəli	At infrequent or irregular intervals	freetalk
one's	ˈwʌnz	Belonging to a person in general	shadowline
pan	ˈpæn	A shallow, wide, open container used for cooking	freetalk
physics	ˈfɪzɪks	The branch of science concerned with the nature and properties of matter and energy	freetalk
posting	ˈpoʊstɪŋ	The act of displaying or affixing something in a public place	freetalk
potentially	pəˈtɛnʃəli	With the capacity to develop or happen in the future	freetalk
reduction	ɹəˈdʌkʃən	The action or process of making something smaller or less in amount	freetalk
reflect	ɹɪˈflɛkt	To throw back light, heat, or sound without absorbing it	freetalk
refuse	ɹəˈfjuz	To indicate or show that one is not willing to do something	freetalk
researchers	ˈɹisɝtʃɝz	A person who conducts research	freetalk
resource	ˈɹisɔɹs	A natural feature or phenomenon that enhances the quality of human life	freetalk
roger	ˈɹɑdʒɝ	To acknowledge or understand a message, especially in radio communication	freetalk
sciences	ˈsaɪənsəz	The intellectual and practical activity encompassing the systematic study of the structure and behavior of the physical and natural world through observation and experiment	freetalk
serves	ˈsɝvz	Perform duties or services for someone or something	freetalk
shell	ˈʃɛl	The hard outer covering of an egg	freetalk
silly	ˈsɪli	Having or showing a lack of common sense or judgment; foolish	freetalk
subsequent	ˈsʌbsəkwənt	Coming after something in time; following	freetalk
they'd	ˈðeɪd	Short for 'they would' or 'they had'	shadowline
towns	ˈtaʊnz	An urban area that is larger than a village and smaller than a city	freetalk
translation	tɹænzˈleɪʃən	The act or process of translating words or text from one language into another	freetalk
visible	ˈvɪzəbəl	Able to be seen	freetalk
yep	ˈjɛp	Yes	freetalk
adds	ˈædz	To combine two or more numbers to find their total	freetalk
amendment	əˈmɛndmənt	A change or addition to a legal document or law	freetalk
angle	ˈæŋɡəl	The space between two intersecting lines or surfaces at or close to the point where they meet	freetalk
arrive	ɝˈaɪv	Reach a destination	freetalk
belong	bɪˈlɔŋ	To be owned by someone	freetalk
berlin	bɝˈlɪn	The capital city of Germany	freetalk
bishop	ˈbɪʃəp	A high-ranking Christian cleric, usually in charge of a diocese and empowered to confer holy orders	freetalk
channels	ˈtʃænəlz	A length of water wider than a strait, joining two larger areas of water, especially two seas	freetalk
commonly	ˈkɑmənli	In a way that is usual or typical	freetalk
connect	kəˈnɛkt	To join or link together	freetalk
defensive	dɪˈfɛnsɪv	Used or intended to defend or protect	freetalk
designs	dɪˈzaɪnz	Plans or drawings produced to show the look and function of something before it is made	freetalk
efficiency	ɪˈfɪʃənsi	The ability to accomplish a task with minimal waste or effort	freetalk
enterprise	ˈɛntɝˌpɹaɪz	A project or undertaking, typically one that is difficult or requires effort	freetalk
experiment	ɪkˈspɛɹəmənt	A scientific procedure undertaken to make a discovery, test a hypothesis, or demonstrate a known fact	freetalk
females	ˈfiˌmeɪlz	Of or denoting the sex that can bear offspring or produce eggs	freetalk
findings	ˈfaɪndɪŋz	The results of a scientific study or investigation	freetalk
firms	ˈfɝmz	A business organization	freetalk
forum	ˈfɔɹəm	A place, meeting, or medium where ideas and views on a particular issue can be exchanged	freetalk
gifts	ˈɡɪfts	Something given voluntarily without payment in return	freetalk
grass	ˈɡɹæs	Vegetation consisting of short plants with narrow leaves	freetalk
hence	ˈhɛns	As a result	freetalk
increasingly	ɪnˈkɹisɪŋli	In a growing or advancing manner	freetalk
incredibly	ˌɪnˈkɹɛdəbli	In a manner that is difficult to believe; unbelievably	freetalk
jay	ˈdʒeɪ	A foolish or gullible person	freetalk
journalist	ˈdʒɝnələst	A person who writes for newspapers or magazines or prepares news to be broadcast on radio or television	freetalk
kicked	ˈkɪkt	To strike or propel with the foot	freetalk
lessons	ˈlɛsənz	An amount of teaching given at one time; a period of learning or teaching	freetalk
lists	ˈlɪsts	A series of names or items written or printed together in a meaningful grouping	freetalk
maintained	meɪnˈteɪnd	To keep in existence or continuance; preserve	freetalk
mill	ˈmɪl	A building equipped with machinery for grinding grain into flour	freetalk
occasion	əˈkeɪʒən	A particular time or instance of an event	freetalk
oxford	ˈɑksfɝd	A type of shoe with laces	freetalk
pace	ˈpeɪs	A single step taken when walking or running	freetalk
passenger	ˈpæsəndʒɝ	A person who is traveling in a vehicle or on a ship, train, or airplane and is not operating it	freetalk
pen	ˈpɛn	A writing instrument with a nib for applying ink	freetalk
pope	ˈpoʊp	The bishop of Rome and head of the Roman Catholic Church	freetalk
possession	pəˈzɛʃən	The state of having, owning, or controlling something	freetalk
races	ˈɹeɪsəz	A competition of speed, as in running or driving	freetalk
rapid	ˈɹæpəd	Happening in a short time or at a fast pace	freetalk
regulation	ˌɹɛɡjəˈleɪʃən	A rule or directive made and maintained by an authority	freetalk
resident	ˈɹɛzɪdənt	A person who lives in a particular place	freetalk
rocks	ˈɹɑks	A large mass of stone forming a hill, cliff, or other natural feature	freetalk
shaped	ˈʃeɪpt	Having a particular form or appearance	freetalk
sixth	ˈsɪksθ	Coming after the fifth in a series	freetalk
spin	ˈspɪn	To rotate quickly around an axis	freetalk
styles	ˈstaɪlz	A particular way in which something is done, created, or performed	freetalk
subjects	ˈsʌbdʒɪkts	A person or thing that is being discussed, described, or dealt with	freetalk
sucks	ˈsʌks	To be very bad or unpleasant	freetalk
suitable	ˈsutəbəl	Appropriate for a particular person, purpose, or situation	freetalk
thirty	ˈθɝˌdi	The number 30	freetalk
valid	ˈvælɪd	Legally acceptable or binding	freetalk
vital	ˈvaɪtəl	Absolutely necessary or important; essential	freetalk
whilst	ˈwaɪlst	During the time that	freetalk
year's	ˈjɪɹz	Belonging to or relating to year	shadowline
agriculture	ˈæɡɹɪˌkʌltʃɝ	The production of crops, livestock, or poultry	freetalk
alleged	əˈlɛdʒd	Asserted but not proven	freetalk
anna	ˈænə	A former Indian coin worth one sixteenth of a rupee	freetalk
bands	ˈbændz	A thin strip of material used for binding or tying	freetalk
collect	kəˈlɛkt	To bring or gather together in one place	freetalk
commerce	ˈkɑmɝs	The buying and selling of goods and services	freetalk
cop	ˈkɑp	To take or seize	freetalk
creek	ˈkɹik	A small stream or brook	freetalk
currency	ˈkɝənsi	A system of money in general use in a particular country	freetalk
emotions	ɪˈmoʊʃənz	A natural instinctive state of mind deriving from one's circumstances, mood, or relationships with others	freetalk
exhibition	ˌɛksəˈbɪʃən	A public display or demonstration of a skill or item	freetalk
fraud	ˈfɹɔd	Wrongful or criminal deception intended to result in financial or personal gain	freetalk
funeral	ˈfjunɝəl	A ceremony or service held to honor and remember a deceased person	freetalk
genuine	ˈdʒɛnjəwən	Truly what something is said to be; authentic	freetalk
god's	ˈɡɑdz	Belonging to or relating to god	shadowline
honey	ˈhʌni	A sweet, sticky yellowish-brown fluid made by bees	freetalk
honour	ˈɑnɝ	High respect; esteem	freetalk
hook	ˈhʊk	A curved or bent piece of metal or other hard material for catching, holding, or pulling something	freetalk
hunter	ˈhʌntɝ	A person who hunts game or other wild animals for food or sport	freetalk
immigrants	ˈɪməɡɹənts	A person who comes to live permanently in a foreign country	freetalk
improving	ˌɪmˈpɹuvɪŋ	To make or become better	freetalk
instructions	ˌɪnˈstɹʌkʃənz	Directions or orders on how to do something	freetalk
introduce	ˌɪntɹəˈdus	To present or bring into a place or situation for the first time	freetalk
lands	ˈlændz	The solid part of the surface of the earth	freetalk
legacy	ˈlɛɡəsi	Something handed down from an ancestor or predecessor	freetalk
log	ˈlɔɡ	A thick piece of tree trunk or branch, especially one cut for burning in a fire	freetalk
merely	ˈmɪɹli	Only, just, simply	freetalk
monitor	ˈmɑnətɝ	A person who observes, supervises, or checks on something	freetalk
mother's	ˈmʌðɝz	Belonging to or relating to mother	shadowline
prisoners	ˈpɹɪzənɝz	A person who is confined in prison	freetalk
programming	ˈpɹoʊˌɡɹæmɪŋ	The process of writing computer programs	freetalk
publishing	ˈpʌblɪʃɪŋ	Prepare and issue (a book, journal, etc.) for public sale	freetalk
ratio	ˈɹeɪʃiˌoʊ	The quantitative relation between two amounts showing the number of times one value contains or is contained within the other	freetalk
regret	ɹəˈɡɹɛt	Feel sad, repentant, or disappointed over (something that has happened or been done, especially a loss or missed opportunity)	freetalk
rejected	ɹɪˈdʒɛktɪd	Refused to accept or consider	freetalk
remind	ɹiˈmaɪnd	Cause (someone) to remember something	freetalk
resort	ɹɪˈzɔɹt	A place frequented for holidays or recreation	freetalk
resulted	ɹɪˈzʌltɪd	Happened as an effect or outcome	freetalk
reverse	ɹɪˈvɝs	Opposite or contrary in position, direction, order, or effect	freetalk
routine	ɹuˈtin	A sequence of actions regularly followed; a fixed program	freetalk
scary	ˈskɛɹi	Causing fear or fright	freetalk
seed	ˈsid	A small, usually hard structure produced by a plant that can grow into a new plant	freetalk
settle	ˈsɛtəl	To resolve or reach an agreement	freetalk
sin	ˈsɪn	An immoral act considered to be a transgression against divine law	freetalk
spell	ˈspɛl	To form a word by arranging letters in the correct order	freetalk
summary	ˈsʌmɝi	A brief statement or account of the main points of something	freetalk
survival	sɝˈvaɪvəl	The state or fact of continuing to live or exist, typically in spite of difficult circumstances	freetalk
sword	ˈsɔɹd	A weapon with a long metal blade and hilt	freetalk
tongue	ˈtʌŋ	The fleshy muscular organ in the mouth used for tasting, swallowing, and speaking	freetalk
ward	ˈwɔɹd	A person, especially a child, who is under the care and protection of someone else	freetalk
waves	ˈweɪvz	A disturbance on the surface of a liquid body, as the sea or a lake, in the form of a moving ridge or swell	freetalk
achievement	əˈtʃivmənt	Something accomplished successfully; a goal reached	freetalk
argued	ˈɑɹɡjud	Present participle of argue	freetalk
asleep	əˈslip	In or into a state of sleep	freetalk
automatic	ˌɔtəˈmætɪk	Acting or done without conscious thought or intention	freetalk
begun	bɪˈɡʌn	To start or commence	freetalk
behaviour	bɪˈheɪvjɝ	Manner of conducting oneself	freetalk
cents	ˈsɛnts	A monetary unit equal to one hundredth of a dollar	freetalk
coat	ˈkoʊt	An outer garment with sleeves, covering the upper part of the body	freetalk
comprehensive	ˌkɑmpɹiˈhɛnsɪv	Covering completely or broadly	freetalk
consent	kənˈsɛnt	To give permission for something to happen	freetalk
daddy	ˈdædi	A male parent	freetalk
destruction	dɪˈstɹʌkʃən	The action or process of causing so much damage to something that it no longer exists or cannot be repaired	freetalk
diseases	dɪˈzizəz	A disorder of structure or function in a human, animal, or plant, especially one that produces specific signs or symptoms	freetalk
divorce	dɪˈvɔɹs	The legal dissolution of a marriage	freetalk
doc	ˈdɑk	To provide medical care or treatment	freetalk
drove	ˈdɹoʊv	A group of animals being driven in a body	freetalk
ears	ˈɪɹz	The external part of this organ	freetalk
engage	ɛnˈɡeɪdʒ	To participate or become involved in	freetalk
extraordinary	ˌɛkstɹəˈɔɹdəˌnɛɹi	Very unusual or remarkable	freetalk
fate	ˈfeɪt	The development of events beyond a person's control, regarded as determined by a supernatural power	freetalk
frequency	ˈfɹikwənsi	The rate at which something occurs or is repeated over a particular period of time	freetalk
gaming	ˈɡeɪmɪŋ	The act or practice of playing games for amusement or competition	freetalk
gene	ˈdʒin	A unit of heredity that is transferred from a parent to offspring and determines some characteristic of the offspring	freetalk
glory	ˈɡlɔɹi	High renown or honor won by notable achievements	freetalk
headquarters	ˈhɛdˌkwɔɹtɝz	The location where the main offices of an organization are situated	freetalk
heritage	ˈhɛɹətədʒ	Something that is passed down from preceding generations; a tradition	freetalk
initiative	ˌɪˈnɪʃətɪv	The ability to assess and initiate things independently	freetalk
interviews	ˈɪntɝˌvjuz	A formal meeting in which one or more persons question, consult, or evaluate another person	freetalk
jean	ˈdʒin	A durable twilled cotton fabric	freetalk
juice	ˈdʒus	The liquid obtained from fruits or vegetables	freetalk
landscape	ˈlændˌskeɪp	All the visible features of an area of land, often considered in terms of their aesthetic appeal	freetalk
logic	ˈlɑdʒɪk	Reasoning conducted or assessed according to strict principles of validity	freetalk
meets	ˈmits	Come face to face with someone	freetalk
objective	əbˈdʒɛktɪv	Not influenced by personal feelings or opinions; unbiased	freetalk
organisation	ˌɔɹɡənɪˈzeɪʃən	An organized group of people with a particular purpose, such as a business or government agency	freetalk
privacy	ˈpɹaɪvəsi	The state or condition of being free from being observed or disturbed by other people	freetalk
procedures	pɹəˈsidʒɝz	A series of actions conducted in a certain order	freetalk
profits	ˈpɹɑfɪts	The financial gain made in a transaction	freetalk
reducing	ɹəˈdusɪŋ	Make smaller or less in amount, degree, or size	freetalk
regard	ɹɪˈɡɑɹd	Consideration or attention	freetalk
representing	ˌɹɛpɹɪˈzɛntɪŋ	To act or speak on behalf of someone or something	freetalk
residence	ˈɹɛzɪdəns	The place where one lives; a house or home	freetalk
roughly	ˈɹʌfli	Approximately	freetalk
salary	ˈsælɝi	A fixed regular payment, typically paid on a monthly basis, made by an employer to an employee	freetalk
scoring	ˈskɔɹɪŋ	The act of making marks or cuts on a surface	freetalk
script	ˈskɹɪpt	The written text of a play, movie, or broadcast	freetalk
searching	ˈsɝtʃɪŋ	Examining closely or thoroughly	freetalk
sections	ˈsɛkʃənz	A distinct part or portion of something	freetalk
strip	ˈstɹɪp	Remove clothing or covering from oneself or someone else	freetalk
surrounded	sɝˈaʊndɪd	To be encircled or enclosed by something	freetalk
threatened	ˈθɹɛtənd	Expressing a warning of intention to harm or punish	freetalk
transferred	tɹænsˈfɝd	To move from one place to another	freetalk
tube	ˈtub	A long, hollow cylinder used for conveying fluids or gases	freetalk
universities	ˌjunəˈvɝsətiz	Institutions of higher education offering undergraduate and graduate degrees	freetalk
would've	ˈwʊdəv	Short for 'would have'	shadowline
writes	ˈɹaɪts	To form letters, words, or symbols on a surface with a pen, pencil, or typewriter	freetalk
ambassador	æmˈbæsədɝ	A person who represents their country in a foreign land	freetalk
ann	ˈæn	A female given name	freetalk
awarded	əˈwɔɹdɪd	To give as a reward or recognition for merit	freetalk
banking	ˈbæŋkɪŋ	The business conducted or services offered by a bank	freetalk
breast	ˈbɹɛst	The front part of a person's body between the neck and the stomach	freetalk
cant	ˈkænt	Hypocritical and sanctimonious talk, typically of a moral, religious, or political nature	freetalk
carter	ˈkɑɹtɝ	A person who drives a cart	freetalk
chemistry	ˈkɛməstɹi	The branch of science that deals with the composition and properties of substances and the changes they undergo	freetalk
concluded	kənˈkludəd	To bring to an end	freetalk
consumption	kənˈsʌmpʃən	The action of using up a resource	freetalk
corruption	kɝˈʌpʃən	Dishonest or fraudulent conduct by those in power	freetalk
cotton	ˈkɑtən	A soft, white fibrous substance that surrounds the seeds of a tropical and subtropical plant	freetalk
crossed	ˈkɹɔst	To move or extend across something	freetalk
discount	dɪˈskaʊnt	A deduction from the usual cost of something	freetalk
dozen	ˈdʌzən	A group of twelve	freetalk
engines	ˈɛndʒənz	A machine with moving parts that converts power into motion	freetalk
epic	ˈɛpɪk	Heroic; majestic; impressively great	freetalk
exception	ɪkˈsɛpʃən	a person or thing that is excluded from a general statement or rule	freetalk
exit	ˈɛɡzɪt	A way out or passage for leaving a place	freetalk
expand	ɪkˈspænd	To become or make larger or more extensive	freetalk
fancy	ˈfænsi	Elaborate or intricate in design or construction	freetalk
gorgeous	ˈɡɔɹdʒəs	Beautiful or very attractive	freetalk
grateful	ˈɡɹeɪtfəl	Feeling or showing appreciation for something received or done	freetalk
heroes	ˈhɪɹoʊz	A person who is admired for their courage, outstanding achievements, or noble qualities	freetalk
holes	ˈhoʊlz	An opening or hollow place in a solid surface	freetalk
impression	ˌɪmˈpɹɛʃən	An idea, feeling, or opinion about something or someone	freetalk
inches	ˈɪntʃəz	A unit of linear measure equal to one twelfth of a foot	freetalk
indicate	ˈɪndəˌkeɪt	To point out or show	freetalk
input	ˈɪnˌpʊt	Something that is put in	freetalk
johnny	ˈdʒɑni	A man's name	freetalk
josh	ˈdʒɑʃ	To tease or joke with someone in a playful manner	freetalk
knock	ˈnɑk	To strike a surface with a sharp blow	freetalk
leather	ˈlɛðɝ	A material made from the skin of an animal by tanning or a similar process	freetalk
lips	ˈlɪps	Either of the two fleshy parts that form the upper and lower edges of the opening of the mouth	freetalk
luxury	ˈlʌɡʒɝi	A state of great comfort or elegance, especially when involving great expense	freetalk
lyrics	ˈlɪɹɪks	The words of a song	freetalk
manufacturers	ˌmænjəˈfæktʃɝɝz	A person or company that makes goods for sale	freetalk
masters	ˈmæstɝz	A person with the ability or power to control or use something	freetalk
movements	ˈmuvmənts	The act or process of moving from one place to another	freetalk
operated	ˈɑpɝˌeɪtəd	To control or manage the functioning of a machine or system	freetalk
ought	ˈɔt	Used to indicate duty or obligation	freetalk
outcome	ˈaʊtˌkʌm	A final result or consequence	freetalk
painted	ˈpeɪntɪd	Covered with paint	freetalk
poll	ˈpoʊl	A formal collection of opinions or votes, especially for a political or business purpose	freetalk
preferred	pɹəˈfɝd	Liked better or best; liked more	freetalk
pulling	ˈpʊlɪŋ	To exert force on (someone or something) so as to cause movement towards oneself	freetalk
ranked	ˈɹæŋkt	Having a position in a hierarchy or scale	freetalk
referring	ɹɪˈfɝɪŋ	To mention or allude to someone or something	freetalk
removal	ɹɪˈmuvəl	The act of moving something away from a place	freetalk
reporter	ɹɪˈpɔɹtɝ	A person who reports, especially one employed to report news or conduct interviews for newspapers or broadcasts	freetalk
risks	ˈɹɪsks	The possibility of loss, injury, or other adverse or unwelcome circumstance	freetalk
rob	ˈɹɑb	Take property unlawfully from (a person or place) by force or threat of force	freetalk
screaming	ˈskɹimɪŋ	Giving a loud, high-pitched cry	freetalk
sept	ˈsɛpt	A division of a family or clan	freetalk
sequence	ˈsikwəns	A set of related events, movements, or items that follow each other in a particular order	freetalk
stretch	ˈstɹɛtʃ	To extend or lengthen	freetalk
tear	ˈtɛɹ	A drop of salty liquid that comes out of your eye when you cry	freetalk
tennis	ˈtɛnəs	A game played with rackets and a ball by two or four players on a rectangular court	freetalk
terrorist	ˈtɛɹɝɪst	A person who uses violence and intimidation in the pursuit of political aims	freetalk
theater	ˈθiətɝ	A building or outdoor area in which plays and other dramatic performances are given	freetalk
ties	ˈtaɪz	A thing that unites or links people or things together	freetalk
twelve	ˈtwɛlv	The number 12	freetalk
versions	ˈvɝʒənz	A particular form or variant of something	freetalk
virgin	ˈvɝdʒɪn	A person who has never had sexual intercourse	freetalk
voices	ˈvɔɪsəz	Sound produced by the vocal cords	freetalk
wishes	ˈwɪʃɪz	A desire or hope for something to happen	freetalk
wolf	ˈwʊlf	A wild carnivorous mammal of the dog family, living and hunting in packs	freetalk
absence	ˈæbsəns	The state of being away or not being present	freetalk
agricultural	ˌæɡɹəˈkʌltʃɝəl	relating to agriculture	freetalk
asshole	ˈæshoʊl	A contemptible or detestable person	freetalk
ate	ˈeɪt	Simple past tense of eat	freetalk
athletes	ˈæθˌlits	A person who is trained or skilled in exercises, sports, or games requiring physical strength, agility, or stamina	freetalk
bears	ˈbɛɹz	To support or hold up	freetalk
blues	ˈbluz	A feeling of sadness or melancholy	freetalk
boxes	ˈbɑksəz	A container typically made of wood or cardboard, used for storing or transporting items	freetalk
bull	ˈbʊl	A male bovine animal	freetalk
cameras	ˈkæmɝəz	A device for recording visual images in the form of photographs or video	freetalk
commonwealth	ˈkɑmənˌwɛlθ	A political community founded for the common good	freetalk
contribute	kənˈtɹɪbjut	To give (money, time, knowledge, assistance, etc.) to help achieve a common purpose	freetalk
contribution	ˌkɑntɹəˈbjuʃən	The act of giving or supplying something	freetalk
contributions	ˌkɑntɹəˈbjuʃənz	Something that is given or offered to help with a task or purpose	freetalk
couples	ˈkʌpəlz	Two individuals united in a romantic or sexual relationship	freetalk
delicious	dɪˈlɪʃəs	Highly pleasing to the senses, especially to taste or smell	freetalk
deny	dɪˈnaɪ	Refuse to admit the truth or existence of something	freetalk
deserves	dɪˈzɝvz	To be worthy of something due to one's actions or qualities	freetalk
ease	ˈiz	Freedom from difficulty or effort	freetalk
extend	ɪkˈstɛnd	To make longer in space or time	freetalk
fame	ˈfeɪm	The state of being widely known or recognized	freetalk
flood	ˈflʌd	An overflowing of water onto land that is normally dry	freetalk
generated	ˈdʒɛnɝˌeɪtəd	To produce or create something	freetalk
genetic	dʒəˈnɛtɪk	relating to genes or heredity	freetalk
glasses	ˈɡlæsəz	A pair of lenses set in a frame worn on the nose and ears to correct or enhance vision	freetalk
impressed	ˌɪmˈpɹɛst	To feel admiration or respect for someone or something	freetalk
indicated	ˈɪndəˌkeɪtəd	Pointed out or shown	freetalk
instant	ˈɪnstənt	Happening or done immediately	freetalk
investors	ˌɪnˈvɛstɝz	A person who puts money into financial schemes, shares, property, or a commercial venture with the expectation of achieving a profit	freetalk
involves	ˌɪnˈvɑlvz	To include as a necessary part or result	freetalk
kills	ˈkɪlz	Cause the death of	freetalk
liberty	ˈlɪbɝˌti	The state of being free within society from oppressive restrictions imposed by authority on one's way of life, behavior, or political views	freetalk
man's	ˈmænz	Belonging to or relating to man	shadowline
maria	mɝˈiə	Plural of 'mare', meaning a large, dark area on the moon's surface	freetalk
ministers	ˈmɪnəstɝz	A member of the clergy	freetalk
monitoring	ˈmɑnətɝɪŋ	To observe and check the progress or quality of something	freetalk
occurs	əˈkɝz	Happen	freetalk
passengers	ˈpæsəndʒɝz	A person who is traveling in a vehicle, such as a car, bus, or train	freetalk
photographs	ˈfoʊtəˌɡɹæfs	A picture made using a camera, in which an image is focused onto light-sensitive material and then made visible and permanent by chemical treatment	freetalk
principle	ˈpɹɪnsəpəl	A fundamental truth or proposition that serves as the foundation for a system of belief or behavior	freetalk
producers	pɹəˈdusɝz	A person, company, or country that makes goods or provides services for sale	freetalk
progressive	pɹəˈɡɹɛsɪv	Favoring or advocating progress, change, improvement, or reform	freetalk
punishment	ˈpʌnɪʃmənt	The act of punishing someone for a wrongdoing	freetalk
rally	ˈɹæli	To come together for a common purpose or cause	freetalk
rapidly	ˈɹæpədli	At a fast speed; quickly	freetalk
reader	ˈɹidɝ	A person who reads	freetalk
representation	ˌɹɛpɹəzɛnˈteɪʃən	The action of representing or the state of being represented	freetalk
restaurants	ˈɹɛstɝˌɑnts	A place where people pay to sit and eat meals that are cooked and served on the premises	freetalk
reveals	ɹɪˈvilz	Make (previously unknown or secret information) known to others	freetalk
roots	ˈɹuts	The part of a plant that attaches it to the ground and draws nutrients and water from the soil	freetalk
samples	ˈsæmpəlz	A small part or quantity intended to show what the whole is like	freetalk
shops	ˈʃɑps	A place where goods are sold to customers	freetalk
sum	ˈsʌm	The total amount resulting from the addition of two or more numbers	freetalk
swing	ˈswɪŋ	Move or cause to move back and forth or from side to side while suspended or on an axis	freetalk
tail	ˈteɪl	The hindmost part of an animal, especially when extended beyond the rest of the body	freetalk
texts	ˈtɛksts	A written or printed work consisting of multiple pages	freetalk
twin	ˈtwɪn	One of two children born at the same time to the same mother	freetalk
upcoming	ˈʌpˌkʌmɪŋ	Happening or appearing in the near future	freetalk
veterans	ˈvɛtɝənz	A person who has served in the military	freetalk
alert	əˈlɝt	Watchful and ready to act or warn others	freetalk
arena	ɝˈinə	A place or scene of activity, debate, or conflict	freetalk
arguments	ˈɑɹɡjəmənts	An exchange of diverging or opposite views, typically a heated or angry one	freetalk
billy	ˈbɪli	A metal container used for boiling water or cooking over a campfire	freetalk
boom	ˈbum	A deep, resonant sound	freetalk
boots	ˈbuts	A type of footwear that covers the foot and ankle	freetalk
brave	ˈbɹeɪv	Ready to face and endure danger or pain; showing courage	freetalk
claiming	ˈkleɪmɪŋ	State or assert that something is the case without providing evidence or proof	freetalk
column	ˈkɑləm	A vertical pillar or post typically supporting a structure	freetalk
commit	kəˈmɪt	To pledge or bind oneself to a certain course of action	freetalk
compensation	ˌkɑmpənˈseɪʃən	Something, typically money, awarded to someone as a recompense for loss, injury, or suffering	freetalk
composition	ˌkɑmpəˈzɪʃən	The act of combining parts or elements to form a whole	freetalk
computers	kəmˈpjutɝz	An electronic device for storing and processing data	freetalk
conservation	ˌkɑnsɝˈveɪʃən	Preservation, protection, or restoration of the natural environment	freetalk
constitutional	ˌkɑnstəˈtuʃənəl	Relating to a constitution or its provisions	freetalk
crossing	ˈkɹɔsɪŋ	A place where two roads, lines, or paths intersect	freetalk
defending	dɪˈfɛndɪŋ	To protect or guard against attack or harm	freetalk
density	ˈdɛnsəti	The degree of compactness of a substance	freetalk
di	ˈdi	Two	freetalk
difficulty	ˈdɪfəkəlti	The state or condition of being difficult	freetalk
dropping	ˈdɹɑpɪŋ	Fall in small amounts	freetalk
drops	ˈdɹɑps	Fall in small quantities of liquid	freetalk
elementary	ˌɛləˈmɛntɹi	Simple or basic	freetalk
ethnic	ˈɛθnɪk	Relating to a particular race or culture, especially one that is not the majority in a country	freetalk
expenses	ɪkˈspɛnsəz	The cost required for something; the money spent on something	freetalk
fleet	ˈflit	A group of ships sailing together, especially for military purposes	freetalk
foster	ˈfɑstɝ	Encourage the development of (something)	freetalk
fundamental	ˌfʌndəˈmɛntəl	Forming a necessary base or core; of central importance	freetalk
gen	ˈdʒɛn	Information or news	freetalk
genius	ˈdʒinjəs	Exceptional intellectual or creative ability	freetalk
greatly	ˈɡɹeɪtli	To a great extent or degree	freetalk
guidance	ˈɡaɪdəns	The act or process of guiding or showing the way	freetalk
hospitals	ˈhɑˌspɪtəlz	An institution providing medical and surgical treatment and nursing care for sick or injured people	freetalk
infection	ˌɪnˈfɛkʃən	The process of infecting or the state of being infected	freetalk
intention	ˌɪnˈtɛntʃən	A determination to act in a certain way	freetalk
jokes	ˈdʒoʊks	A thing that someone says to cause amusement or laughter, especially a story with a funny punchline	freetalk
knee	ˈni	The joint between the thigh and the lower leg in humans	freetalk
mechanical	məˈkænɪkəl	Operated by a machine or machinery	freetalk
parks	ˈpɑɹks	An area of land set aside for public use, typically for recreation or conservation	freetalk
participation	pɑɹˌtɪsəˈpeɪʃən	The act of taking part in an activity or event	freetalk
periods	ˈpɪɹiədz	A punctuation mark (.) indicating the end of a sentence	freetalk
precious	ˈpɹɛʃəs	Of great value or high price	freetalk
pregnancy	ˈpɹɛɡnənsi	The condition of being pregnant	freetalk
premium	ˈpɹimiəm	A sum added to an ordinary price or charge	freetalk
preparing	pɹiˈpɛɹɪŋ	Make (something) ready for use or consideration	freetalk
pretend	pɹiˈtɛnd	To behave as if something is true when it is not	freetalk
priest	ˈpɹist	A person ordained to perform sacred rites in a religion	freetalk
prominent	ˈpɹɑmənənt	Important; famous	freetalk
proven	ˈpɹuvən	Shown or demonstrated to be true or valid	freetalk
radical	ˈɹædəkəl	Favoring or effecting fundamental or revolutionary changes in current practices, conditions, or institutions	freetalk
remembered	ɹɪˈmɛmbɝd	To have in or be able to bring to one's mind an awareness of (someone or something from the past)	freetalk
requested	ɹɪˈkwɛstɪd	Asked for	freetalk
residential	ˌɹɛzɪˈdɛnʃəl	Suitable for or occupied by residents	freetalk
reward	ɹɪˈwɔɹd	Something given in return for good behavior or effort	freetalk
rings	ˈɹɪŋz	A circular band worn as an ornament or a token of marriage	freetalk
robin	ˈɹɑbən	A small bird with a red or orange breast	freetalk
satellite	ˈsætəˌlaɪt	An artificial body placed in orbit around the earth or moon for communication or research purposes	freetalk
shake	ˈʃeɪk	To move back and forth or up and down quickly and repeatedly	freetalk
shore	ˈʃɔɹ	The land along the edge of a body of water	freetalk
spots	ˈspɑts	A small round mark or stain	freetalk
struggling	ˈstɹʌɡəlɪŋ	Having difficulty or making a great effort	freetalk
substantial	səbˈstænʃəl	Of considerable importance, size, or worth	freetalk
teen	ˈtin	A person aged between 13 and 19 years old	freetalk
temperatures	ˈtɛmpɹətʃɝz	The degree or intensity of heat present in a substance or object	freetalk
transmission	tɹænˈsmɪʃən	The act or process of transmitting something	freetalk
trap	ˈtɹæp	A device used to catch animals	freetalk
uniform	ˈjunəˌfɔɹm	Not changing in form or character; remaining the same in all cases and at all times	freetalk
wildlife	ˈwaɪldˌlaɪf	Animals living in a natural environment, not domesticated	freetalk
wooden	ˈwʊdən	Made of wood	freetalk
aggressive	əˈɡɹɛsɪv	Ready or likely to attack or confront	freetalk
answered	ˈænsɝd	To say or write something as a reply	freetalk
apparent	əˈpɛɹənt	Clearly visible or understood; obvious	freetalk
bang	ˈbæŋ	A sudden loud noise	freetalk
blast	ˈblæst	A sudden and violent gust of wind	freetalk
bones	ˈboʊnz	The hard, rigid organs that make up the skeleton of vertebrates	freetalk
brands	ˈbɹændz	A type of product manufactured by a particular company under a particular name	freetalk
centuries	ˈsɛntʃɝiz	A period of one hundred years	freetalk
communist	ˈkɑmjənəst	A person who supports or advocates for communism	freetalk
complaint	kəmˈpleɪnt	An expression of dissatisfaction or annoyance	freetalk
component	kəmˈpoʊnənt	A part or element of a larger whole	freetalk
connections	kəˈnɛkʃənz	Relationships or associations between people or things	freetalk
courage	ˈkɝədʒ	The ability to do something that frightens one	freetalk
cure	ˈkjʊɹ	Relieve (a person or animal) of the symptoms of a disease or condition	freetalk
del	ˈdɛl	A small valley	freetalk
desperate	ˈdɛspɹɪt	Feeling or showing a hopeless sense that a situation is so bad as to be impossible to deal with	freetalk
diversity	dɪˈvɝsɪti	The state of being diverse; variety	freetalk
duties	ˈdutiz	A moral or legal obligation	freetalk
encouraged	ɛnˈkɝɪdʒd	To give support, confidence, or hope to someone	freetalk
eve	ˈiv	To come or be before in time	freetalk
faculty	ˈfækəlti	An inherent mental or physical power	freetalk
feedback	ˈfidˌbæk	Information about reactions to a product, a person's performance of a task, etc. which is used as a basis for improvement	freetalk
fighter	ˈfaɪtɝ	A person who fights, especially a soldier or a boxer	freetalk
frozen	ˈfɹoʊzən	Turned into ice as a result of extreme cold	freetalk
guards	ˈɡɑɹdz	A person who protects or keeps watch over someone or something	freetalk
hiding	ˈhaɪdɪŋ	conceal oneself	freetalk
humanity	hjuˈmænɪti	The quality or condition of being human	freetalk
innovation	ˌɪnəˈveɪʃən	The action or process of innovating	freetalk
instruments	ˈɪnstɹəmənts	A tool or implement used for a specific purpose	freetalk
invest	ˌɪnˈvɛst	To put money into something in order to earn a profit or interest	freetalk
jacket	ˈdʒækət	A short coat	freetalk
legislative	ˈlɛdʒəˌsleɪtɪv	Relating to the making of laws	freetalk
listing	ˈlɪstɪŋ	A record of a property or item for sale	freetalk
manual	ˈmænjuəl	Done with the hands	freetalk
mothers	ˈmʌðɝz	A female parent	freetalk
murdered	ˈmɝdɝd	To kill (someone) unlawfully and with premeditation	freetalk
nursing	ˈnɝsɪŋ	The profession or practice of providing care for the sick or infirm	freetalk
occupied	ˈɑkjəˌpaɪd	Busy or engaged in a particular activity	freetalk
ongoing	ˈɑnˌɡoʊɪŋ	Continuing to exist or develop	freetalk
operator	ˈɑpɝˌeɪtɝ	A person who operates a machine or device	freetalk
painful	ˈpeɪnfəl	Causing physical pain or suffering	freetalk
pound	ˈpaʊnd	A unit of weight equal to 16 ounces	freetalk
preparation	ˌpɹɛpɝˈeɪʃən	The action or process of making ready or being made ready for use or consideration	freetalk
punch	ˈpʌntʃ	A quick blow with the fist	freetalk
purple	ˈpɝpəl	A color intermediate between red and blue	freetalk
railroad	ˈɹeɪlˌɹoʊd	A track or set of tracks made of steel rails along which trains run	freetalk
registration	ˌɹɛdʒɪˈstɹeɪʃən	The action or process of registering or being registered	freetalk
releases	ɹɪˈlisɪz	Allow (something) to move, act, or flow freely	freetalk
rick	ˈɹɪk	A stack of hay, straw, or similar material	freetalk
romance	ɹoʊˈmæns	A feeling of excitement and mystery associated with love	freetalk
someone's	ˈsʌmˌwʌnz	Belonging to or relating to someone	shadowline
submitted	səbˈmɪtɪd	To present for consideration or approval	freetalk
sufficient	səˈfɪʃənt	Adequate for the purpose; enough	freetalk
survived	sɝˈvaɪvd	Continue to live or exist, especially in spite of danger or hardship	freetalk
suspended	səˈspɛndɪd	temporarily prevent from continuing or being in force	freetalk
technologies	tɛkˈnɑlədʒiz	The application of scientific knowledge for practical purposes, especially in industry	freetalk
tissue	ˈtɪˌsju	A soft, thin piece of paper used for wiping or cleaning	freetalk
trailer	ˈtɹeɪlɝ	A vehicle towed behind another vehicle for transporting goods or people	freetalk
trends	ˈtɹɛndz	A general direction in which something is developing or changing	freetalk
trials	ˈtɹaɪəlz	A test of the performance, qualities, or suitability of someone or something	freetalk
underground	ˈʌndɝˌɡɹaʊnd	Beneath the surface of the ground	freetalk
versus	ˈvɝsəs	Against or in opposition to	freetalk
virtual	ˈvɝtʃuəl	Almost or nearly as described, but not completely or according to strict definition	freetalk
walks	ˈwɔks	Moves on foot at a moderate pace	freetalk
wounded	ˈwundɪd	Injured, especially in a physical way	freetalk
amongst	əˈmʌŋst	In the midst of	freetalk
announcement	əˈnaʊnsmənt	A public or formal notice	freetalk
arranged	ɝˈeɪndʒd	Organized in a particular way	freetalk
arsenal	ˈɑɹsənəl	A collection of weapons and military equipment	freetalk
attending	əˈtɛndɪŋ	To be present at an event or gathering	freetalk
attracted	əˈtɹæktɪd	To cause to draw near or adhere	freetalk
biological	ˌbaɪəˈlɑdʒɪkəl	Relating to biology or living organisms	freetalk
bite	ˈbaɪt	To use the teeth to cut into something	freetalk
blocked	ˈblɑkt	obstructed	freetalk
boards	ˈbɔɹdz	A long, flat piece of sawn timber	freetalk
burned	ˈbɝnd	Injured or damaged by fire or heat	freetalk
categories	ˈkætəˌɡɔɹiz	A class or division of people or things regarded as having particular shared characteristics	freetalk
checks	ˈtʃɛks	To stop or slow down the progress of something	freetalk
chip	ˈtʃɪp	A small piece of something broken off from a larger whole	freetalk
company's	ˈkʌmpəniz	Belonging to or relating to company	shadowline
concerning	kənˈsɝnɪŋ	Relating to; about; regarding	freetalk
dare	ˈdɛɹ	Have the courage to do something	freetalk
database	ˈdeɪtəˌbeɪs	A structured set of data held in a computer, especially one that is accessible in various ways	freetalk
define	dɪˈfaɪn	To state or show the meaning of (a word or phrase)	freetalk
discrimination	dɪˌskɹɪməˈneɪʃən	The unjust or prejudicial treatment of different categories of people or things, especially on the grounds of race, age, or sex	freetalk
disorder	dɪˈsɔɹdɝ	A state of confusion or lack of order	freetalk
distributed	dɪˈstɹɪbjətəd	Spread out or scattered	freetalk
districts	ˈdɪstɹɪkts	An area of a country or city, especially one characterized by a particular feature or activity	freetalk
documentary	ˌdɑkjəˈmɛntɝi	Consisting of or based on official documents	freetalk
domain	doʊˈmeɪn	An area of territory owned or controlled by a ruler or government	freetalk
dynamic	daɪˈnæmɪk	Pertaining to or characterized by energy or effective action; vigorously active or forceful; energetic	freetalk
edited	ˈɛdətəd	Prepare (written material) for publication by correcting, condensing, or otherwise modifying it	freetalk
engagement	ɛnˈɡeɪdʒmənt	The act of engaging or being engaged	freetalk
explore	ɪkˈsplɔɹ	To travel in or through (an unfamiliar area) in order to learn about it	freetalk
favour	ˈfeɪvɝ	An act of kindness or goodwill	freetalk
fewer	ˈfjuɝ	A smaller number of something	freetalk
footage	ˈfʊtɪdʒ	Length or extent of film or video material	freetalk
giants	ˈdʒaɪənts	A person or thing of unusually great size, power, importance, etc	freetalk
grave	ˈɡɹeɪv	A place of burial for a dead body	freetalk
implementation	ˌɪmpləmɛnˈteɪʃən	The act of putting a plan or decision into effect	freetalk
investigate	ˌɪnˈvɛstəˌɡeɪt	Carry out a systematic or formal inquiry to discover and examine the facts of (an incident, allegation, etc.) so as to establish the truth	freetalk
jazz	ˈdʒæz	A type of music of black American origin characterized by improvisation, syncopation, and usually a regular or forceful rhythm	freetalk
laboratory	ˈlæbɹəˌtɔɹi	A room or building equipped for scientific experiments, research, or teaching	freetalk
literary	ˈlɪtɝˌɛɹi	Pertaining to or characteristic of literature	freetalk
mask	ˈmæsk	A covering for all or part of the face, worn as a disguise, or to amuse or terrify others	freetalk
midnight	ˈmɪdˌnaɪt	The middle of the night; 12 o'clock at night	freetalk
mouse	ˈmaʊs	A small rodent with a pointed snout and long tail	freetalk
oscar	ˈɔskɝ	A prestigious award given annually for excellence in the film industry	freetalk
packed	ˈpækt	To fill (a container or space) tightly with something	freetalk
piano	piˈænoʊ	A musical instrument with a keyboard and strings	freetalk
praise	ˈpɹeɪz	The expression of approval or admiration for someone or something	freetalk
presentation	ˌpɹɛzənˈteɪʃən	The act of presenting something to an audience	freetalk
psychology	saɪˈkɑlədʒi	The scientific study of the human mind and behavior	freetalk
relation	ɹiˈleɪʃən	The way in which two or more people or things are connected; a connection	freetalk
restrictions	ɹiˈstɹɪkʃənz	A limiting condition or measure, especially a legal one	freetalk
rocket	ˈɹɑkət	A cylindrical projectile that can be propelled to a great height or distance by the combustion of its contents	freetalk
ruin	ˈɹuən	The physical destruction or disintegration of something	freetalk
sean	ˈʃɔn	A male given name	freetalk
sec	ˈsɛk	A short period of time	freetalk
secrets	ˈsikɹəts	Something that is kept hidden or concealed	freetalk
slave	ˈsleɪv	A person who is the legal property of another and is forced to obey them	freetalk
stability	stəˈbɪlɪti	The state or quality of being stable	freetalk
steady	ˈstɛdi	Firmly fixed, supported, or balanced; not shaking or moving	freetalk
stones	ˈstoʊnz	Hard, solid mineral material forming part of the earth's surface	freetalk
symbol	ˈsɪmbəl	A thing that represents or stands for something else, especially a material object representing something abstract	freetalk
terminal	ˈtɝmənəl	Situated at or forming the end or extremity of something	freetalk
toilet	ˈtɔɪlət	A fixture for defecation and urination, consisting of a bowl and a seat	freetalk
treaty	ˈtɹiti	A formal agreement between two or more states	freetalk
triple	ˈtɹɪpəl	Consisting of three parts or elements	freetalk
unlikely	ənˈlaɪkli	Not likely to happen or be true	freetalk
updates	əpˈdeɪts	Make (something) more modern or up to date	freetalk
viewed	ˈvjud	To look at or see something	freetalk
affair	əˈfɛɹ	An event or happening	freetalk
agenda	əˈdʒɛndə	A list or plan of things to be done or considered	freetalk
bat	ˈbæt	A flying mammal typically active at night	freetalk
bow	ˈbaʊ	To bend the head or body forward in greeting or respect	freetalk
calendar	ˈkæləndɝ	A system of organizing days for social, religious, commercial, or administrative purposes	freetalk
cape	ˈkeɪp	A sleeveless outer garment fastened at the neck and falling loosely over the shoulders	freetalk
collective	kəˈlɛktɪv	Done by people acting as a group	freetalk
conversations	ˌkɑnvɝˈseɪʃənz	An informal exchange of ideas by spoken words	freetalk
cooperation	koʊˌɑpɝˈeɪʃən	the action or process of working together to achieve a common goal	freetalk
craft	ˈkɹæft	An activity involving skill in making things by hand	freetalk
darkness	ˈdɑɹknəs	The absence of light	freetalk
deeper	ˈdipɝ	Extending far down from the top or surface	freetalk
devil	ˈdɛvəl	An evil spirit or being, often associated with Hell and temptation	freetalk
edit	ˈɛdət	Prepare (written material) for publication by correcting, condensing, or otherwise modifying it	freetalk
enable	ɛˈneɪbəl	To make possible or easy	freetalk
equity	ˈɛkwəti	The quality of being fair and impartial	freetalk
estimates	ˈɛstəməts	A rough calculation or guess	freetalk
failing	ˈfeɪlɪŋ	A weakness or fault	freetalk
finishing	ˈfɪnɪʃɪŋ	Completing or reaching the end of a task or activity	freetalk
fortune	ˈfɔɹtʃən	Chance or luck as an arbitrary force affecting human affairs	freetalk
gates	ˈɡeɪts	A barrier that can be opened or closed to control access	freetalk
goodbye	ˌɡʊdˈbaɪ	An expression of good wishes when parting or at the end of a conversation	freetalk
graham	ˈɡɹeɪəm	A type of flour made from whole wheat	freetalk
hardware	ˈhɑɹˌdwɛɹ	Tools, machinery, and other durable equipment	freetalk
hurts	ˈhɝts	Cause physical pain or injury to	freetalk
intellectual	ˌɪntəˈlɛktʃuəl	Relating to the intellect or mind	freetalk
invite	ˌɪnˈvaɪt	To ask someone to go somewhere or do something	freetalk
involvement	ˌɪnˈvɑlvmənt	The act of taking part in something	freetalk
mi	ˈmi	A musical note	freetalk
nuts	ˈnʌts	A hard-shelled fruit or seed with an edible kernel	freetalk
partly	ˈpɑɹtli	To some extent; not completely	freetalk
petition	pəˈtɪʃən	A formal written request, typically signed by many people, appealing to authority in respect of a particular cause	freetalk
phrase	ˈfɹeɪz	A small group of words standing together as a conceptual unit, typically forming a component of a clause	freetalk
physically	ˈfɪzɪkəli	In a way that relates to the body or its physical structure	freetalk
protecting	pɹəˈtɛktɪŋ	To keep safe from harm or danger	freetalk
racial	ˈɹeɪʃəl	Of or relating to race	freetalk
rated	ˈɹeɪtɪd	Assigned a value or rank	freetalk
regime	ɹəˈʒim	A system or planned way of doing things, especially one imposed from above	freetalk
rivers	ˈɹɪvɝz	A plentiful source or supply	freetalk
rounds	ˈɹaʊndz	A circular route or path	freetalk
ruled	ˈɹuld	To exercise authority or dominion over; govern	freetalk
sauce	ˈsɔs	A liquid or semi-solid substance served with food to add flavor or moisture	freetalk
seal	ˈsil	A device or substance used to join two things together or prevent the passage of air or liquid	freetalk
separated	ˈsɛpɝˌeɪtɪd	To move or be moved apart	freetalk
shield	ˈʃild	A broad piece of armor made of rigid material and carried on the arm for protection in hand-to-hand combat	freetalk
similarly	ˈsɪməlɝli	In a similar manner or way	freetalk
slide	ˈslaɪd	Move smoothly along a surface	freetalk
stem	ˈstɛm	The main body or stalk of a plant	freetalk
summit	ˈsʌmət	The highest point or top of a mountain	freetalk
talented	ˈtæləntɪd	Having a natural aptitude or skill for a particular activity or occupation	freetalk
throat	ˈθɹoʊt	The passage from the mouth to the stomach or to the lungs	freetalk
tiger	ˈtaɪɡɝ	A large carnivorous feline mammal (Panthera tigris) native to Asia	freetalk
touched	ˈtʌtʃt	To come into or be in contact with	freetalk
toy	ˈtɔɪ	An object for a child to play with	freetalk
visits	ˈvɪzɪts	An act of going to see a person or place for a period of time	freetalk
warriors	ˈwɔɹiɝz	A person who fights in battles and is known for their courage and skill	freetalk
wisdom	ˈwɪzdəm	The quality of having experience, knowledge, and good judgment	freetalk
accounting	əˈkaʊntɪŋ	The process of keeping financial records	freetalk
alien	ˈeɪliən	A foreigner, especially one who is not a naturalized citizen of the country where they are living	freetalk
attacking	əˈtækɪŋ	To take aggressive action against a person or place	freetalk
awkward	ˈɑkwɝd	Causing difficulty; hard to do or deal with	freetalk
beast	ˈbist	An animal, especially a large or dangerous one	freetalk
beef	ˈbif	The flesh of a cow, bull, or ox, used as food	freetalk
candy	ˈkændi	A sweet food made with sugar or syrup	freetalk
carrier	ˈkæɹiɝ	A person or thing that carries or transports something	freetalk
celebration	ˌsɛləˈbɹeɪʃən	The action of marking one's pleasure at an important event or occasion by engaging in enjoyable activities	freetalk
celebrity	səˈlɛbɹɪti	A famous person	freetalk
certificate	sɝˈtɪfɪkət	A document serving as evidence or as a guarantee	freetalk
cited	ˈsaɪtəd	To quote or refer to (a passage, book, or author) as evidence for or justification of an argument or statement	freetalk
clay	ˈkleɪ	A heavy, sticky earth that is malleable when wet and hard when dry	freetalk
coaching	ˈkoʊtʃɪŋ	The act of training or instructing someone in a particular skill or subject	freetalk
colleagues	ˈkɑliɡz	A person with whom one works, especially in a profession or business	freetalk
constructed	kənˈstɹʌktəd	Built or assembled	freetalk
dated	ˈdeɪtɪd	Showing the signs of age; old-fashioned or out-of-date	freetalk
default	dɪˈfɔlt	Failure to fulfill an obligation, especially a financial one	freetalk
derived	dɝˈaɪvd	Obtain or receive from a source	freetalk
dialogue	ˈdaɪəˌlɔɡ	Conversation between two or more people	freetalk
disabled	dɪˈseɪbəld	(adjective) having a physical or mental condition that limits movements, senses, or activities	freetalk
distinct	dɪˈstɪŋkt	Recognizably different in nature from something else	freetalk
drag	ˈdɹæɡ	Pulling something along the ground	freetalk
educated	ˈɛdʒəˌkeɪtɪd	Showing evidence of a good education; possessing knowledge or intelligence	freetalk
eligible	ˈɛlədʒəbəl	Qualified or entitled to do or receive something	freetalk
estimate	ˈɛstəmət	A rough calculation or guess	freetalk
execution	ˌɛksəˈkjuʃən	The act of carrying out or putting into effect a plan, order, or course of action	freetalk
existed	ɪɡˈzɪstəd	To have actual being; be	freetalk
fifty	ˈfɪfti	The number 50	freetalk
followers	ˈfɑloʊɝz	A person who follows or subscribes to the teachings or beliefs of another	freetalk
fool	ˈful	A person who lacks good sense or judgment	freetalk
framework	ˈfɹeɪmˌwɝk	A basic structure underlying a system or concept	freetalk
franchise	ˈfɹænˌtʃaɪz	An authorization granted by a government or company to an individual or group enabling them to carry out specified commercial activities	freetalk
funded	ˈfʌndəd	Provide money for (a project or activity)	freetalk
furniture	ˈfɝnɪtʃɝ	Objects such as tables, chairs, and beds that are used to make a room suitable for living or working in	freetalk
generations	ˌdʒɛnɝˈeɪʃənz	All of the people born and living at about the same time, regarded collectively	freetalk
guaranteed	ˌɡɛɹənˈtid	Made certain	freetalk
integrated	ˈɪntəˌɡɹeɪtəd	Combined or coordinated into a unified whole	freetalk
intelligent	ˌɪnˈtɛlədʒənt	Having or showing intelligence	freetalk
interaction	ˌɪntɝˈækʃən	Communication or direct involvement with someone or something	freetalk
jet	ˈdʒɛt	A rapid stream of liquid or gas forced out of a small opening	freetalk
journalists	ˈdʒɝnələsts	A person who writes for newspapers or magazines	freetalk
lifestyle	ˈlaɪfˌstaɪl	The way in which a person or group lives	freetalk
lighting	ˈlaɪtɪŋ	The arrangement of lights to achieve a particular effect	freetalk
loop	ˈlup	A shape produced by a curve that bends around and crosses itself	freetalk
mall	ˈmɔl	A large enclosed shopping area with various stores and restaurants	freetalk
overseas	ˈoʊvɝˈsiz	In, to, or from a foreign country or countries across the sea	freetalk
performances	pɝˈfɔɹmənsəz	The action or process of carrying out or accomplishing an action, task, or function	freetalk
polish	ˈpɑlɪʃ	To make something smooth and shiny by rubbing it	freetalk
recommendations	ˌɹɛkəmənˈdeɪʃənz	The act of recommending or suggesting something	freetalk
recover	ɹɪˈkʌvɝ	To regain possession or control of something lost or stolen	freetalk
regarded	ɹɪˈɡɑɹdɪd	To consider or think of in a specified way	freetalk
relax	ɹɪˈlæks	Make or become less tense or anxious	freetalk
reliable	ɹɪˈlaɪəbəl	Able to be trusted or believed	freetalk
rely	ɹɪˈlaɪ	Depend on with full trust or confidence	freetalk
remarkable	ɹɪˈmɑɹkəbəl	Worthy of attention; striking	freetalk
responses	ɹɪˈspɑnsɪz	An answer or reply	freetalk
ruling	ˈɹulɪŋ	An authoritative decision or judgment	freetalk
sacrifice	ˈsækɹəˌfaɪs	An act of giving up something valued for the sake of something else regarded as more important or worthy	freetalk
sole	ˈsoʊl	The underside of a person's foot	freetalk
stopping	ˈstɑpɪŋ	The act of bringing something to an end	freetalk
strategies	ˈstɹætədʒiz	A plan of action designed to achieve a long-term or overall aim	freetalk
succeed	səkˈsid	Achieve desired aim or result	freetalk
tables	ˈteɪbəlz	A piece of furniture with a flat top and one or more legs	freetalk
tale	ˈteɪl	A narrative of real or imaginary events; a story	freetalk
targets	ˈtɑɹɡəts	A person, object, or place selected as the aim of an attack	freetalk
timing	ˈtaɪmɪŋ	The choice, judgment, or control of when something should be done	freetalk
ton	ˈtʌn	A unit of weight equal to 2,000 pounds	freetalk
volunteers	ˌvɑlənˈtɪɹz	A person who freely offers to take part in an enterprise or undertake a task	freetalk
witnesses	ˈwɪtnəsəz	A person who sees an event, typically a crime or accident, take place	freetalk
wore	ˈwɔɹ	past tense of wear	freetalk
worship	ˈwɝʃəp	The feeling or expression of reverence and adoration for a deity	freetalk
worthy	ˈwɝði	Having worth or value	freetalk
acted	ˈæktɪd	Perform a fictional role in a play, movie, or television show	freetalk
alarm	əˈlɑɹm	A sudden fear or distressing suspense caused by an awareness of danger	freetalk
bass	ˈbæs	The lowest adult male singing voice	freetalk
bloody	ˈblʌdi	Covered, smeared, or running with blood	freetalk
breathing	ˈbɹiðɪŋ	The act of taking air into the lungs and expelling it	freetalk
butt	ˈbʌt	The end or extremity of something	freetalk
characteristics	ˌkɛɹəktɝˈɪstɪks	A feature or quality belonging typically to a person, place, or thing and serving to identify it	freetalk
collaboration	kəˌlæbɝˈeɪʃən	The action of working with someone to produce or create something	freetalk
con	ˈkɑn	Persuade someone to do or believe something, typically by use of deception	freetalk
consideration	kənˌsɪdɝˈeɪʃən	Careful thought or attention	freetalk
counts	ˈkaʊnts	To determine the total number of something	freetalk
creates	kɹiˈeɪts	Cause to exist; bring into being	freetalk
crucial	ˈkɹuʃəl	Extremely important or necessary	freetalk
daughters	ˈdɔtɝz	A female child	freetalk
dependent	dɪˈpɛndənt	Relying on someone or something for support or aid	freetalk
discussions	dɪˈskʌʃənz	The action or process of talking about something in order to reach a decision or to exchange ideas	freetalk
drives	ˈdɹaɪvz	Operates a vehicle	freetalk
dual	ˈduəl	Consisting of two parts or elements	freetalk
equipped	ɪˈkwɪpt	Provide with the necessary items for a particular purpose	freetalk
expanded	ɪkˈspændəd	Increased in size or volume	freetalk
experimental	ɪkˌspɛɹɪˈmɛntəl	Relating to or based on experience or observation rather than theory or pure logic	freetalk
feeding	ˈfidɪŋ	The act of giving food to a person or animal	freetalk
filter	ˈfɪltɝ	A device or piece of equipment used to remove impurities or particles from a substance	freetalk
galaxy	ˈɡæləksi	A system of millions or billions of stars, together with gas and dust, held together by gravitational attraction	freetalk
globe	ˈɡloʊb	A spherical or rounded object	freetalk
grades	ˈɡɹeɪdz	A level of quality or rank	freetalk
greece	ˈɡɹis	A country in southeastern Europe	freetalk
gulf	ˈɡʌlf	A deep inlet of the sea almost surrounded by land, with a narrow mouth	freetalk
highlights	ˈhaɪˌlaɪts	The most interesting or exciting part of an event or period of time	freetalk
hoped	ˈhoʊpt	To desire with expectation of fulfillment	freetalk
intent	ˌɪnˈtɛnt	Purpose or goal	freetalk
involve	ˌɪnˈvɑlv	To include as a necessary part or result	freetalk
judgment	ˈdʒʌdʒmənt	The ability to make considered decisions or come to sensible conclusions	freetalk
knight	ˈnaɪt	A man given a rank of honor by a monarch or other leader for his bravery and service	freetalk
las	ˈlɑs	A unit of weight in India, equal to about 1.3 pounds	freetalk
logo	ˈloʊɡoʊ	A symbol or design used to represent a company or organization	freetalk
mature	məˈtʃʊɹ	Fully developed in body or mind, as a person	freetalk
nazi	ˈnɑtsi	A member of the National Socialist German Workers' Party	freetalk
odds	ˈɑdz	The probability that something will happen	freetalk
peaceful	ˈpisfəl	Free from disturbance or conflict	freetalk
photographer	fəˈtɑɡɹəfɝ	A person who takes photographs	freetalk
pin	ˈpɪn	A small, slender, pointed piece of metal used to fasten things together	freetalk
prevention	pɹiˈvɛnʃən	The action of stopping something from happening or arising	freetalk
printing	ˈpɹɪntɪŋ	The process or art of producing books, newspapers, etc., by mechanical means	freetalk
promoting	pɹəˈmoʊtɪŋ	Furthering the growth or development of something	freetalk
publicly	ˈpʌblɪkli	In a manner accessible to or observable by the general population	freetalk
pump	ˈpʌmp	A device used to move fluids or gases by mechanical action	freetalk
repeated	ɹɪˈpitɪd	Happening or occurring more than once	freetalk
replied	ɹɪˈplaɪd	To make an answer in words or writing	freetalk
requests	ɹɪˈkwɛsts	The act of asking for something to be done or given	freetalk
revenge	ɹiˈvɛndʒ	The action of inflicting hurt or harm on someone in retaliation for an injury or wrong	freetalk
satisfied	ˈsætəsˌfaɪd	Pleased or content with something	freetalk
seeds	ˈsidz	A flowering plant's unit of reproduction, capable of developing into another such plant	freetalk
signals	ˈsɪɡnəlz	A gesture, action, or sound used to convey information or instructions	freetalk
slip	ˈslɪp	To slide unintentionally for a short distance	freetalk
spaces	ˈspeɪsəz	An empty area or volume	freetalk
spare	ˈspɛɹ	To refrain from harming or destroying	freetalk
specialist	ˈspɛʃələst	A person who devotes themselves to one particular area of study or work	freetalk
stocks	ˈstɑks	A supply of goods kept on hand for sale to customers	freetalk
stranger	ˈstɹeɪndʒɝ	A person whom one does not know or with whom one is not familiar	freetalk
submit	səbˈmɪt	To yield or surrender to the will or authority of another	freetalk
surprising	sɝˈpɹaɪzɪŋ	Causing surprise or astonishment	freetalk
tap	ˈtæp	To strike lightly	freetalk
threats	ˈθɹɛts	A statement of an intention to inflict pain, injury, damage, or other hostile action on someone in retribution for something done or not done	freetalk
tourism	ˈtʊˌɹɪzəm	The activity of traveling to a place for pleasure	freetalk
volunteer	ˌvɑlənˈtɪɹ	A person who freely offers to take part in an enterprise or undertake a task	freetalk
acceptable	ækˈsɛptəbəl	Able to be agreed upon or approved of	freetalk
allies	ˈælaɪz	A state formally cooperating with another for a military or other purpose	freetalk
attempting	əˈtɛmptɪŋ	To make an effort to achieve or complete something	freetalk
auction	ˈɑkʃən	A public sale in which goods or property are sold to the highest bidder	freetalk
bonds	ˈbɑndz	A strong force of attraction that holds atoms together in a molecule	freetalk
challenging	ˈtʃæləndʒɪŋ	Testing one's abilities or skills	freetalk
chaos	ˈkeɪɑs	Complete disorder and confusion	freetalk
churches	ˈtʃɝtʃɪz	A building used for public Christian worship	freetalk
composed	kəmˈpoʊzd	Having one's feelings and expression under control; calm and self-possessed	freetalk
concentration	ˌkɑnsənˈtɹeɪʃən	The action or power of focusing one's attention or mental effort	freetalk
copper	ˈkɑpɝ	A reddish-brown metal that is a chemical element with the symbol Cu	freetalk
corps	ˈkɔɹ	A military organization consisting of officers and enlisted personnel	freetalk
counting	ˈkaʊntɪŋ	The action of determining the total number of something	freetalk
credits	ˈkɹɛdɪts	Acknowledgment of a source of information or assistance	freetalk
dawn	ˈdɔn	The first appearance of light in the sky before sunrise	freetalk
dispute	dɪˈspjut	A disagreement or argument	freetalk
earnings	ˈɝnɪŋz	Money received for work or services performed	freetalk
editing	ˈɛdətɪŋ	Prepare (written material) for publication by correcting, condensing, or otherwise modifying it	freetalk
everyone's	ˈɛvɹiˌwʌnz	Belonging to or relating to everyone	shadowline
executed	ˈɛksəˌkjutɪd	Carry out or put into effect (a plan, order, or course of action)	freetalk
firing	ˈfaɪɹɪŋ	Discharging a gun or weapon	freetalk
fits	ˈfɪts	A sudden outburst of emotion or action	freetalk
frequent	ˈfɹikwənt	Occurring or appearing often	freetalk
gardens	ˈɡɑɹdənz	A plot of ground where plants are cultivated	freetalk
gathered	ˈɡæðɝd	To bring together into one group or place	freetalk
hilarious	hɪˈlɛɹiəs	Extremely funny or amusing	freetalk
huh	ˈhʌ	Used to express confusion or surprise	freetalk
ignored	ˌɪɡˈnɔɹd	Refused to take notice of or acknowledge	freetalk
improvements	ˌɪmˈpɹuvmənts	The act or process of improving	freetalk
investments	ˌɪnˈvɛstmənts	The action or process of investing money for profit	freetalk
margin	ˈmɑɹdʒən	The edge or border of something	freetalk
mars	ˈmɑɹz	The fourth planet from the sun in our solar system	freetalk
mechanism	ˈmɛkəˌnɪzəm	A system or process for achieving a particular result	freetalk
moderate	ˈmɑdɝət	Average in amount, intensity, quality, or degree	freetalk
opera	ˈɑpɹə	A dramatic work in one or more acts, set to music for singers and instrumentalists	freetalk
overcome	ˈoʊvɝˌkʌm	To defeat or prevail over in a struggle or conflict	freetalk
parallel	ˈpɛɹəˌlɛl	Side by side and having the same distance continuously between them	freetalk
passage	ˈpæsədʒ	A narrow way, typically between buildings or walls	freetalk
pit	ˈpɪt	A large hole in the ground	freetalk
psychological	ˌsaɪkəˈlɑdʒɪkəl	Of or relating to the mind or mental processes	freetalk
publications	ˌpʌblɪˈkeɪʃənz	The act of making information available to the public	freetalk
quest	ˈkwɛst	A search or pursuit made in order to find or obtain something	freetalk
radiation	ˌɹeɪdiˈeɪʃən	The process in which energy is emitted as particles or waves	freetalk
shocked	ˈʃɑkt	To cause someone to feel surprised or upset	freetalk
sized	ˈsaɪzd	Having a particular size or dimensions	freetalk
stroke	ˈstɹoʊk	An act of hitting or striking someone or something with the hand or an object	freetalk
stunning	ˈstʌnɪŋ	Extremely impressive or attractive	freetalk
tanks	ˈtæŋks	A large receptacle or storage container for liquid or gas	freetalk
topics	ˈtɑpɪks	A subject of discussion or conversation	freetalk
trains	ˈtɹeɪnz	A connected series of railroad cars or carriages	freetalk
traveling	ˈtɹævəlɪŋ	The act of going from one place to another, especially over a distance	freetalk
treating	ˈtɹitɪŋ	To act or behave toward someone in a certain way	freetalk
tune	ˈtun	A melody or sequence of notes that is pleasing to the ear	freetalk
utility	juˈtɪləti	The state of being useful, profitable, or beneficial	freetalk
vessel	ˈvɛsəl	A ship or large boat	freetalk
weed	ˈwid	A wild plant growing where it is not wanted and in competition with cultivated plants	freetalk
wherever	wɛˈɹɛvɝ	In or to whatever place	freetalk
acquisition	ˌækwəˈzɪʃən	The act of acquiring or gaining possession of something	freetalk
addressed	əˈdɹɛst	To speak to or write to (someone)	freetalk
angels	ˈeɪndʒəlz	A spiritual being believed to act as an attendant, agent, or messenger of God	freetalk
anime	ˌænɪˈmeɪ	A style of animation that originated in Japan and is characterized by colorful artwork and fantastical themes	freetalk
announce	əˈnaʊns	To make known publicly or officially	freetalk
autumn	ˈɔtəm	The season between summer and winter, characterized by cooler temperatures and falling leaves	freetalk
backed	ˈbækt	Supported or endorsed	freetalk
barry	ˈbæɹi	Covered in bars or stripes	freetalk
bold	ˈboʊld	Showing an ability to take risks; confident and courageous	freetalk
borders	ˈbɔɹdɝz	A line separating two countries, administrative divisions, or areas	freetalk
breathe	ˈbɹið	To take air into the lungs and then expel it	freetalk
choosing	ˈtʃuzɪŋ	To select from a number of possibilities	freetalk
classical	ˈklæsɪkəl	Of or relating to ancient Greek or Latin literature, art, or culture	freetalk
classified	ˈklæsəˌfaɪd	Arrange (information or data) in a systematic order for reference	freetalk
clip	ˈklɪp	A small piece of metal or plastic used to hold things together or in place	freetalk
coaches	ˈkoʊtʃɪz	A person who trains and directs athletes or performers	freetalk
coins	ˈkɔɪnz	A flat, typically round piece of metal with an official stamp, used as money	freetalk
concepts	ˈkɑnsɛpts	A general idea or understanding	freetalk
conspiracy	kənˈspɪɹəsi	A secret plan by a group to do something unlawful or harmful	freetalk
controversy	ˈkɑntɹəˌvɝsi	A prolonged public dispute or debate	freetalk
convince	kənˈvɪns	To cause someone to believe or feel certain about something	freetalk
cooper	ˈkupɝ	A person who makes or repairs barrels and casks	freetalk
disappeared	ˌdɪsəˈpɪɹd	Cease to be visible	freetalk
eh	ˈɛ	Used to seek confirmation or agreement	freetalk
encounter	ɪnˈkaʊntɝ	To meet unexpectedly or in conflict	freetalk
equality	ɪˈkwɑləti	The state of being equal, especially in status, rights, and opportunities	freetalk
exam	ɪɡˈzæm	A formal test of a person's knowledge or proficiency in a subject or skill	freetalk
examination	ɪɡˌzæməˈneɪʃən	The act of looking at or considering something closely and carefully	freetalk
fails	ˈfeɪlz	To be unsuccessful in achieving one's goal	freetalk
father's	ˈfɑðɝz	Belonging to or relating to father	shadowline
federation	ˌfɛdɝˈeɪʃən	A group of states with a central government but independence in internal affairs	freetalk
fiscal	ˈfɪskəl	Of or relating to government revenue, especially taxes	freetalk
guardian	ˈɡɑɹdiən	A person who guards, protects, or looks after something	freetalk
homeless	ˈhoʊmləs	Without a home; having no permanent place of residence	freetalk
instrument	ˈɪnstɹəmənt	A tool or device used for a particular purpose	freetalk
intervention	ˌɪntɝˈvɛnʃən	the action or process of intervening	freetalk
jerry	ˈdʒɛɹi	A male given name	freetalk
lover	ˈlʌvɝ	A person who is in a romantic or sexual relationship with someone	freetalk
mainstream	ˈmeɪnˌstɹim	The ideas, attitudes, or activities that are regarded as normal or conventional; the dominant trend	freetalk
menu	ˈmɛnju	A list of dishes available at a restaurant	freetalk
mounted	ˈmaʊntəd	To climb or ascend onto something	freetalk
mutual	ˈmjutʃuəl	Experienced or done by each of two or more parties towards the other or others	freetalk
nope	ˈnoʊp	A negative response or refusal	freetalk
occasions	əˈkeɪʒənz	A particular time or instance of an event	freetalk
offense	əˈfɛns	Annoyance or resentment caused by a perceived insult or disregard	freetalk
oral	ˈɔɹəl	Spoken rather than written	freetalk
panic	ˈpænɪk	A sudden overwhelming fear or anxiety that causes irrational behavior	freetalk
pays	ˈpeɪz	To give money in exchange for goods or services	freetalk
peoples	ˈpipəlz	A group of persons forming a community, tribe, or nation	freetalk
pursue	pɝˈsu	Follow or chase (someone or something) in order to catch or attack them	freetalk
realise	ˈɹiəˌlaɪz	Become fully aware of something	freetalk
refugees	ˈɹɛˌfjudʒiz	A person who has been forced to leave their country in order to escape war, persecution, or natural disaster	freetalk
removing	ɹiˈmuvɪŋ	To take away or eliminate something	freetalk
requirement	ɹɪˈkwaɪɹmənt	Something that is necessary or mandatory	freetalk
responded	ɹɪˈspɑndɪd	To reply or answer in words or writing	freetalk
rip	ˈɹɪp	Tear or pull (something) quickly or forcibly away from something or someone	freetalk
ruined	ˈɹuənd	Spoiled or destroyed	freetalk
scope	ˈskoʊp	The extent of the area or subject matter that something deals with or to which it is relevant	freetalk
segment	ˈsɛɡmənt	Each of the parts into which something is or may be divided	freetalk
spectrum	ˈspɛktɹəm	A range of colors that is formed when a beam of light is separated into its different wavelengths	freetalk
stays	ˈsteɪz	Remain in a specified place	freetalk
ted	ˈtɛd	To spread out and turn over (cut grass or hay) to dry in the sun	freetalk
terror	ˈtɛɹɝ	Intense fear	freetalk
uh	ˈʌ	Used to indicate hesitation or uncertainty in speech	freetalk
venture	ˈvɛntʃɝ	A risky or daring journey or undertaking	freetalk
virtually	ˈvɝtʃuəli	Almost entirely; nearly	freetalk
waited	ˈweɪtɪd	Stay where one is or delay action until a particular time or event	freetalk
warren	ˈwɔɹən	A network of interconnected burrows where rabbits live	freetalk
worn	ˈwɔɹn	past participle of wear	freetalk
yea	ˈjeɪ	Yes	freetalk
accompanied	əˈkʌmpənid	To go along with someone or something	freetalk
aids	ˈeɪdz	Help or support given to someone or something	freetalk
aimed	ˈeɪmd	Pointed or directed at a target	freetalk
alpha	ˈælfə	The highest ranking individual in a group	freetalk
approaches	əˈpɹoʊtʃəz	Come near or nearer to (someone or something) in distance or time	freetalk
arguing	ˈɑɹɡjuɪŋ	Presenting reasons or evidence in support of an idea or action	freetalk
arrangement	ɝˈeɪndʒmənt	The action, process, or result of arranging or being arranged	freetalk
beliefs	bɪˈlifs	Acceptance that something is true or exists	freetalk
boats	ˈboʊts	A small vessel for travel on water	freetalk
boundaries	ˈbaʊndɝiz	A line that marks the limits of an area	freetalk
brick	ˈbɹɪk	A rectangular block of clay baked by the sun or in a kiln, used as a building material	freetalk
colleges	ˈkɑlɪdʒɪz	An institution of higher education offering courses at the undergraduate level	freetalk
considerable	kənˈsɪdɝəbəl	Large in size, amount, or extent	freetalk
conventional	kənˈvɛnʃənəl	Based on or in accordance with what is generally done or believed	freetalk
designated	ˈdɛzɪɡˌneɪtɪd	Appointed or assigned	freetalk
emperor	ˈɛmpɝɝ	The sovereign or supreme ruler of an empire	freetalk
employers	ɛmˈplɔɪɝz	A person or organization that employs people	freetalk
enormous	ɪˈnɔɹməs	Very large in size, quantity, or extent	freetalk
errors	ˈɛɹɝz	A mistake or inaccuracy	freetalk
focusing	ˈfoʊkəsɪŋ	To concentrate on a particular subject or activity	freetalk
forgive	fɝˈɡɪv	Stop feeling angry or resentful towards someone for an offense, flaw, or mistake	freetalk
gains	ˈɡeɪnz	Obtain or secure (something desired or beneficial)	freetalk
garage	ɡɝˈɑʒ	A building or indoor space for parking or storing vehicles	freetalk
gathering	ˈɡæðɝɪŋ	The act of coming together or assembling	freetalk
guidelines	ˈɡaɪdˌlaɪnz	A general rule, principle, or piece of advice for achieving a desired outcome	freetalk
handled	ˈhændəld	To touch, hold, or manipulate with the hands	freetalk
hosted	ˈhoʊstɪd	To be the host of an event or gathering	freetalk
inquiry	ˌɪnˈkwaɪˌɹi	The act of asking for information	freetalk
inspector	ˌɪnˈspɛktɝ	A person who inspects, especially officially	freetalk
jumped	ˈdʒʌmpt	To spring into the air	freetalk
khan	ˈkɑn	A title for a ruler or leader in certain Asian countries	freetalk
li	ˈli	A Chinese unit of distance, equal to about one-third of a mile	freetalk
lion	ˈlaɪən	A brave or strong person	freetalk
loaded	ˈloʊdɪd	Containing a load or cargo	freetalk
lonely	ˈloʊnli	Sad because one has no friends or company	freetalk
maintaining	meɪnˈteɪnɪŋ	To keep in existence or continuance; preserve	freetalk
measured	ˈmɛʒɝd	Determined by a standard unit of measurement	freetalk
mercy	ˈmɝsi	Compassion or forgiveness shown towards someone whom it is within one's power to punish or harm	freetalk
nevertheless	ˌnɛvɝðəˈlɛs	In spite of that; however	freetalk
newspapers	ˈnuzˌpeɪpɝz	A printed publication containing news, articles, and advertisements	freetalk
outer	ˈaʊtɝ	Located on the outside or farther from the center	freetalk
oxygen	ˈɑksədʒən	A chemical element with the symbol O and atomic number 8	freetalk
pipe	ˈpaɪp	A tube of metal, plastic, or other material used to convey water, gas, oil, or other fluid substances	freetalk
pissed	ˈpɪst	Very angry or annoyed	freetalk
poem	ˈpoʊəm	A composition in verse	freetalk
powder	ˈpaʊdɝ	A fine substance made up of small particles	freetalk
powered	ˈpaʊɝd	Having the ability to produce power or energy	freetalk
promises	ˈpɹɑməsəz	A declaration or assurance that one will do a particular thing or that a particular thing will happen	freetalk
quotes	ˈkwoʊts	A quotation from a text or speech	freetalk
racism	ˈɹeɪˌsɪzəm	Prejudice, discrimination, or antagonism directed against someone of a different race based on the belief that one's own race is superior	freetalk
ratings	ˈɹeɪtɪŋz	An evaluation of the worth, quality, or significance of something	freetalk
reads	ˈɹidz	To look at and comprehend the meaning of written or printed matter	freetalk
recovered	ɹəˈkʌvɝd	To regain possession or control of something lost or stolen	freetalk
refers	ɹəˈfɝz	To mention or allude to someone or something	freetalk
rude	ˈɹud	Discourteous or impolite in behavior or speech	freetalk
screw	ˈskɹu	A metal fastener with a helical ridge, used to join objects together	freetalk
seventh	ˈsɛvənθ	Constituting number seven in a sequence	freetalk
shelter	ˈʃɛltɝ	A place giving temporary protection from bad weather or danger	freetalk
signature	ˈsɪɡnətʃɝ	A person's name written in a distinctive way as a form of identification	freetalk
sooner	ˈsunɝ	A person who arrives or does something before another	freetalk
spider	ˈspaɪdɝ	An eight-legged arachnid that spins webs to catch prey	freetalk
strikes	ˈstɹaɪks	To hit forcibly or sharply	freetalk
suggesting	səˈdʒɛstɪŋ	To mention or introduce an idea for consideration	freetalk
suits	ˈsuts	A set of clothes made to be worn together, typically consisting of a jacket and trousers or a jacket and skirt	freetalk
toys	ˈtɔɪz	An object for a child to play with	freetalk
tracking	ˈtɹækɪŋ	The action of following or monitoring something	freetalk
tribute	ˈtɹɪbjut	An act, statement, or gift that is intended to show gratitude, respect, or admiration	freetalk
trigger	ˈtɹɪɡɝ	A small device that releases a spring or catch and so sets off a mechanism, especially in a firearm	freetalk
vary	ˈvɛɹi	To change or alter in form, appearance, or nature	freetalk
venue	ˈvɛnju	The place where an event takes place	freetalk
wages	ˈweɪdʒəz	Payment for work or services	freetalk
wells	ˈwɛlz	A source of water from the ground	freetalk
wheels	ˈwilz	A circular object that rotates on an axle and is used for transportation	freetalk
ye	ˈji	You (archaic pronoun)	freetalk
abortion	əˈbɔɹʃən	The deliberate termination of a human pregnancy	freetalk
accuracy	ˈækjɝəsi	The quality or state of being correct or precise	freetalk
applying	əˈplaɪɪŋ	Make a formal application or request	freetalk
artificial	ˌɑɹtəˈfɪʃəl	Made or produced by human beings rather than occurring naturally	freetalk
belongs	bɪˈlɔŋz	To be the property of someone or something	freetalk
beneath	bɪˈniθ	In a lower position than	freetalk
bullet	ˈbʊlət	A small metal projectile shot from a firearm	freetalk
carl	ˈkɑɹl	A man of low birth; a churl	freetalk
celebrated	ˈsɛləˌbɹeɪtɪd	Widely known and admired	freetalk
consistently	kənˈsɪstəntli	In a way that does not change or vary	freetalk
conversion	kənˈvɝʒən	The act or process of changing from one form, function, or state to another	freetalk
copyright	ˈkɑpiˌɹaɪt	The exclusive legal right to reproduce, publish, sell, or distribute an original work of authorship	freetalk
counties	ˈkaʊntiz	A political and administrative division of a state, providing certain local governmental services	freetalk
democrat	ˈdɛməˌkɹæt	A person who believes in or supports democracy	freetalk
deposit	dəˈpɑzɪt	To put or set down, especially for safekeeping	freetalk
destination	ˌdɛstəˈneɪʃən	The place to which someone or something is going or being sent	freetalk
dirt	ˈdɝt	Any unclean substance, such as mud or dust, that soils surfaces	freetalk
diverse	daɪˈvɝs	Showing a great deal of variety or difference	freetalk
divine	dɪˈvaɪn	Of, from, or like God or a god	freetalk
emails	iˈmeɪlz	Messages distributed electronically from one computer user to one or more recipients via a network	freetalk
er	ɝ	Used to express hesitation or uncertainty	freetalk
exclusively	ɪksˈklusɪvli	Solely; only	freetalk
export	ˈɛkspɔɹt	Send (goods or services) to another country for sale	freetalk
fastest	ˈfæstəst	Moving or capable of moving quickly	freetalk
formerly	ˈfɔɹmɝli	In the past	freetalk
functional	ˈfʌŋkʃənəl	Designed to be practical and useful rather than attractive	freetalk
gather	ˈɡæðɝ	To bring together into one group or place	freetalk
grandfather	ˈɡɹændˌfɑðɝ	The father of one's father or mother	freetalk
habit	ˈhæbət	A settled or regular tendency or practice, especially one that is hard to give up	freetalk
indicates	ˈɪndɪˌkeɪts	To point out or show something	freetalk
isolated	ˈaɪsəˌleɪtəd	Separated from others	freetalk
jealous	ˈdʒɛləs	Feeling or showing envy of someone or their achievements	freetalk
knocked	ˈnɑkt	To strike a surface noisily to attract attention	freetalk
landed	ˈlændəd	Arrived on the ground or another surface after falling or being thrown	freetalk
laughed	ˈlæft	past tense of laugh	freetalk
laura	ˈlɔɹə	A female given name	freetalk
lazy	ˈleɪzi	Unwilling to work or use energy	freetalk
mama	ˈmɑmə	Mother	freetalk
marshall	ˈmɑɹʃəl	An officer of the highest rank in the armed forces	freetalk
modified	ˈmɑdəˌfaɪd	Changed in form or character	freetalk
municipal	mjuˈnɪsəpəl	Relating to a city or town	freetalk
naval	ˈneɪvəl	Of or relating to ships or shipping	freetalk
neighbors	ˈneɪbɝz	A person who lives near or next to another	freetalk
nelson	ˈnɛlsən	A wrestling hold in which one arm is passed under the opponent's arm from behind and the hand is applied to the neck or head	freetalk
neutral	ˈnutɹəl	Not taking sides in a conflict or disagreement	freetalk
noble	ˈnoʊbəl	Having or showing fine personal qualities or high moral principles	freetalk
oldest	ˈoʊldəst	Having lived or existed for the longest period of time	freetalk
pat	ˈpæt	To lightly touch or tap with the hand	freetalk
picks	ˈpɪks	To select or choose from a group	freetalk
popularity	ˌpɑpjəˈlɛɹəti	The state or condition of being liked, admired, or supported by many people	freetalk
professionals	pɹəˈfɛʃənəlz	A person engaged in a specified activity as one's main paid occupation rather than as a pastime	freetalk
pussy	ˈpʊsi	A domestic cat	freetalk
reactions	ɹiˈækʃənz	An action performed or a feeling experienced in response to a situation or event	freetalk
relate	ɹɪˈleɪt	To make a connection between two things	freetalk
robot	ˈɹoʊˌbɑt	A machine capable of carrying out a complex series of actions automatically	freetalk
sacred	ˈseɪkɹəd	Regarded with reverence or respect	freetalk
securities	sɪˈkjʊɹətiz	The state of being free from danger or threat	freetalk
shoe	ˈʃu	A covering for the foot, typically made of leather or rubber	freetalk
speakers	ˈspikɝz	A person who speaks	freetalk
springs	ˈspɹɪŋz	Move or jump suddenly or rapidly upward or forward	freetalk
spy	ˈspaɪ	A person who secretly collects and reports information about the activities, movements, and plans of an enemy or competitor	freetalk
steven	ˈstivən	To declare or announce	freetalk
suggestions	səˈdʒɛstʃənz	An idea or plan put forward for consideration	freetalk
supplied	səˈplaɪd	To provide something that is needed or wanted	freetalk
suspension	səˈspɛnʃən	The action of suspending someone or something	freetalk
terrorism	ˈtɛɹɝˌɪzəm	The use of violence and intimidation in the pursuit of political aims	freetalk
terry	ˈtɛɹi	A type of fabric with loops on one or both sides	freetalk
toxic	ˈtɑksɪk	Poisonous	freetalk
treasury	ˈtɹɛʒɝi	A place where money is kept, especially a government department responsible for managing public revenue	freetalk
tunnel	ˈtʌnəl	An underground passage or tube for vehicles, pedestrians, or utilities	freetalk
unions	ˈjunjənz	An organized association of workers formed to protect and further their rights and interests	freetalk
upgrade	əpˈɡɹeɪd	Raise (something) to a higher standard, in particular improve (equipment or machinery) by adding or replacing components	freetalk
warrant	ˈwɔɹənt	Justify or necessitate	freetalk
wider	ˈwaɪdɝ	Having a greater extent from side to side	freetalk
wound	ˈwaʊnd	An injury to living tissue caused by a cut, blow, or other impact	freetalk
actively	ˈæktɪvli	In a way that involves physical activity or movement	freetalk
ai	ˈaɪ	A type of three-toed sloth found in South America	freetalk
applies	əˈplaɪz	Make a formal application or request	freetalk
arrangements	ɝˈeɪndʒmənts	The action, process, or result of arranging or being arranged	freetalk
asset	ˈæˌsɛt	A useful or valuable thing, person, or quality	freetalk
assuming	əˈsumɪŋ	To take for granted or without proof	freetalk
backing	ˈbækɪŋ	Support or help given to someone or something	freetalk
baker	ˈbeɪkɝ	A person who bakes bread, cakes, etc	freetalk
blessed	ˈblɛst	Made holy; consecrated	freetalk
brush	ˈbɹʌʃ	An implement with a handle and a block of bristles, hair, or wire, used for cleaning or painting	freetalk
burden	ˈbɝdən	A heavy load or weight	freetalk
carries	ˈkæɹiz	To support and move something from one place to another	freetalk
casual	ˈkæʒəwəl	relaxed and unconcerned	freetalk
certified	ˈsɝtəˌfaɪd	Officially recognized as possessing certain qualifications or meeting certain standards	freetalk
charter	ˈtʃɑɹtɝ	A contract by which an entire ship, or part of it, is leased for a voyage or a stated time	freetalk
chef	ˈʃɛf	A professional cook	freetalk
city's	ˈsɪtiz	Belonging to or relating to city	shadowline
civilian	səˈvɪljən	A person not in the armed services or the police force	freetalk
coalition	ˌkoʊəˈlɪʃən	An alliance for combined action	freetalk
cock	ˈkɑk	A male bird, especially a rooster	freetalk
complain	kəmˈpleɪn	Express dissatisfaction or annoyance about something	freetalk
complaints	kəmˈpleɪnts	An expression of dissatisfaction or annoyance	freetalk
controversial	ˌkɑntɹəˈvɝʃəl	Giving rise or likely to give rise to controversy or public disagreement	freetalk
describing	dɪˈskɹaɪbɪŋ	To give an account of something in words	freetalk
differently	ˈdɪfɹəntli	In a different manner or way	freetalk
directions	dɝˈɛkʃənz	Guidance or instructions on how to do something	freetalk
discipline	ˈdɪsəplən	Training to ensure proper behavior or control	freetalk
discussing	dɪˈskʌsɪŋ	To talk about something with another person or group	freetalk
disgusting	dɪsˈɡʌstɪŋ	Causing a strong feeling of dislike or revulsion	freetalk
dominant	ˈdɑmənənt	Most important, powerful, or influential	freetalk
earning	ˈɝnɪŋ	To gain or receive in return for labor or service	freetalk
emma	ˈɛmə	A female given name	freetalk
essay	ɛˈseɪ	A short piece of writing on a particular subject	freetalk
expense	ɪkˈspɛns	The cost required for something	freetalk
explaining	ɪkˈspleɪnɪŋ	Make (an idea, situation, or problem) clear to someone by describing it in more detail	freetalk
furthermore	ˈfɝðɝˌmɔɹ	In addition; moreover	freetalk
graphic	ˈɡɹæfɪk	Giving a clear and vivid picture; vividly descriptive	freetalk
healing	ˈhilɪŋ	The process of making or becoming sound or healthy again	freetalk
hiring	ˈhaɪɹɪŋ	Employing someone for wages	freetalk
hosts	ˈhoʊsts	A person who receives or entertains guests	freetalk
implemented	ˈɪmpləˌmɛntəd	Put (a decision, plan, agreement, etc.) into effect	freetalk
instantly	ˈɪnstəntli	Immediately	freetalk
invasion	ˌɪnˈveɪʒən	An instance of invading a country or region with an armed force	freetalk
jumping	ˈdʒʌmpɪŋ	To spring clear of the ground or other support by a sudden muscular effort	freetalk
laptop	ˈlæpˌtɑp	A portable computer that can be used on one's lap	freetalk
legendary	ˈlɛdʒənˌdɛɹi	Of, based on, or described in legend	freetalk
maker	ˈmeɪkɝ	One who makes something	freetalk
opponents	əˈpoʊnənts	A person who competes against another in a contest or conflict	freetalk
outdoor	ˈaʊtˌdɔɹ	relating to, done, or used in the open air	freetalk
palm	ˈpɑm	The inner surface of the hand between the wrist and fingers	freetalk
parker	ˈpɑɹkɝ	A person who parks vehicles	freetalk
photograph	ˈfoʊtəˌɡɹæf	A picture made using a camera, in which an image is focused onto light-sensitive material and then made visible and permanent by chemical treatment	freetalk
pole	ˈpoʊl	A long, slender, rounded piece of wood or metal used for support or as a weapon	freetalk
pub	ˈpʌb	A place where alcoholic drinks are served	freetalk
quarters	ˈkwɔɹtɝz	One of four equal parts of something	freetalk
rangers	ˈɹeɪndʒɝz	A person who ranges or roves	freetalk
ranks	ˈɹæŋks	A row or line of people or things	freetalk
reception	ɹɪˈsɛpʃən	The action or process of receiving something	freetalk
recipe	ˈɹɛsəpi	A set of instructions for preparing a particular dish, including a list of the ingredients required	freetalk
regulatory	ˈɹɛɡjələˌtɔɹi	Serving or intended to regulate something	freetalk
reviewed	ɹiˈvjud	Examine or assess something formally with the possibility or intention of instituting change if necessary	freetalk
rolls	ˈɹoʊlz	To move by turning over and over	freetalk
rubber	ˈɹʌbɝ	An eraser	freetalk
secured	sɪˈkjʊɹd	Fixed or fastened firmly in place	freetalk
serial	ˈsɪˌɹiəl	Consisting of, forming, or arranged in a series	freetalk
settings	ˈsɛtɪŋz	The place or type of surroundings where something is positioned or where an event takes place	freetalk
shed	ˈʃɛd	A small building used for storage or as a workshop	freetalk
snake	ˈsneɪk	A long, legless reptile that moves by sliding over rough surfaces	freetalk
sponsored	ˈspɑnsɝd	To support financially	freetalk
stealing	ˈstilɪŋ	Take (another person's property) without permission or legal right and without intending to return it	freetalk
strict	ˈstɹɪkt	Demanding that rules or commands be obeyed exactly	freetalk
subsequently	ˈsʌbsəkwəntli	Following in time; coming after something else	freetalk
substance	ˈsʌbstəns	The physical matter of which a person or thing consists	freetalk
suggestion	səˈdʒɛstʃən	The act of suggesting	freetalk
syndrome	ˈsɪnˌdɹoʊm	A group of symptoms that consistently occur together and characterize a particular condition	freetalk
tasks	ˈtæsks	A piece of work to be done or undertaken	freetalk
trips	ˈtɹɪps	A journey or excursion, especially for pleasure	freetalk
ultra	ˈʌltɹə	Beyond what is usual or ordinary; extreme	freetalk
unexpected	ˌʌnɪkˈspɛktɪd	Not expected or anticipated	freetalk
usage	ˈjusədʒ	The way in which something is used or employed	freetalk
worlds	ˈwɝldz	The earth, together with all of its countries, peoples, and natural features	freetalk
accidentally	ˌæksəˈdɛntəli	Happening by chance or without intention	freetalk
affordable	əˈfɔɹdəbəl	Able to be afforded or paid for without causing financial strain	freetalk
amateur	ˈæməˌtɝ	A person who engages in a pursuit, especially a sport, on an unpaid basis	freetalk
appeals	əˈpilz	To make a serious or urgent request	freetalk
batman	ˈbætˌmæn	A soldier assigned to an officer as a servant	freetalk
bearing	ˈbɛɹɪŋ	The manner in which one carries or conducts oneself	freetalk
beats	ˈbits	To strike or hit repeatedly	freetalk
bin	ˈbɪn	A container for storing items	freetalk
biology	baɪˈɑlədʒi	The study of living organisms	freetalk
bobby	ˈbɑbi	A British police officer	freetalk
briefly	ˈbɹifli	For a short period of time	freetalk
canal	kəˈnæl	An artificial waterway constructed for navigation, irrigation, or drainage	freetalk
cancelled	ˈkænsəld	To decide or announce that (a planned event) will not take place	freetalk
charlotte	ˈʃɑɹlət	A dessert consisting of a mold of sponge cake or bread filled with fruit or custard	freetalk
cheaper	ˈtʃipɝ	Costing less money	freetalk
climb	ˈklaɪm	To move upward, especially by using the hands and feet	freetalk
com	ˈkɑm	With; together; jointly	freetalk
competing	kəmˈpitɪŋ	Engaging in a contest or rivalry	freetalk
completion	kəmˈpliʃən	The action or process of finishing something	freetalk
cruise	ˈkɹuz	To sail about on a pleasure trip	freetalk
custody	ˈkʌstədi	the protective care or guardianship of someone or something	freetalk
delete	dɪˈlit	Remove or obliterate (something) by striking or crossing out	freetalk
demonstrated	ˈdɛmənˌstɹeɪtɪd	Showed clearly	freetalk
departure	dɪˈpɑɹtʃɝ	The act of leaving or setting out	freetalk
developers	dɪˈvɛləpɝz	A person or thing that develops something	freetalk
developments	dɪˈvɛləpmənts	The act or process of developing	freetalk
dig	ˈdɪɡ	To break up, turn over, or remove earth, sand, etc., with a tool or machine	freetalk
eagles	ˈiɡəlz	A large bird of prey with a hooked beak and long wings	freetalk
employer	ɛmˈplɔɪɝ	A person or organization that employs people	freetalk
explosion	ɪkˈsploʊʒən	The act or instance of exploding	freetalk
fever	ˈfivɝ	A high body temperature, typically accompanied by shivering and sweating	freetalk
fluid	ˈfluəd	A substance that flows and takes the shape of its container	freetalk
folk	ˈfoʊk	People in general	freetalk
generate	ˈdʒɛnɝˌeɪt	To produce or create something	freetalk
handsome	ˈhænsəm	Pleasing in appearance; attractive	freetalk
ho	ˈhoʊ	Used to attract attention or express surprise or joy	freetalk
holidays	ˈhɑləˌdeɪz	A day of festivity or recreation when no work is done	freetalk
hotels	hoʊˈtɛlz	A place providing accommodation and meals for travelers	freetalk
imagination	ˌɪˌmædʒəˈneɪʃən	The ability to form mental images or concepts not present to the senses	freetalk
integration	ˌɪntəˈɡɹeɪʃən	The act or process of combining or coordinating different elements into a unified whole	freetalk
integrity	ˌɪnˈtɛɡɹəti	the quality of being honest and having strong moral principles	freetalk
interpretation	ˌɪnˌtɝpɹɪˈteɪʃən	The action of explaining the meaning of something	freetalk
leaf	ˈlif	The main lateral appendage of a plant, which is typically flat, thin, and green, and is the main site of photosynthesis	freetalk
legitimate	ləˈdʒɪtəmət	Conforming to the law or to rules	freetalk
lightning	ˈlaɪtnɪŋ	A sudden electrostatic discharge during an electrical storm	freetalk
loads	ˈloʊdz	A large quantity or amount	freetalk
longest	ˈlɔŋɡəst	Extending for a considerable distance	freetalk
magical	ˈmædʒɪkəl	Relating to or resembling magic	freetalk
mills	ˈmɪlz	A building equipped with machinery for grinding grain into flour	freetalk
motivation	ˌmoʊtəˈveɪʃən	The reason or reasons one has for acting or behaving in a particular way	freetalk
nasty	ˈnæsti	Highly unpleasant, especially in taste or smell	freetalk
oliver	ˈɑləvɝ	A male given name	freetalk
outfit	ˈaʊtˌfɪt	A set of clothes worn together, especially for a particular occasion or purpose	freetalk
pension	ˈpɛnʃən	A regular payment made during a person's retirement from an investment fund to which that person or their employer has contributed during their working life	freetalk
permit	pɝˈmɪt	To allow or give permission for something to happen	freetalk
perry	ˈpɛɹi	A fermented alcoholic beverage made from pears	freetalk
plates	ˈpleɪts	A flat, round dish used for serving food	freetalk
pleasant	ˈplɛzənt	Giving a sense of happy satisfaction or enjoyment	freetalk
portrait	ˈpɔɹtɹət	A painting, drawing, photograph, or engraving of a person	freetalk
productive	pɹəˈdʌktɪv	Producing or able to produce large amounts of goods, crops, or other commodities	freetalk
reminds	ɹiˈmaɪndz	To cause (someone) to remember someone or something	freetalk
reserves	ɹɪˈzɝvz	A supply of a commodity not needed for immediate use but available if required	freetalk
safely	ˈseɪfli	In a manner that is free from harm or danger	freetalk
shirts	ˈʃɝts	A garment for the upper body typically having a collar, sleeves, and a front opening	freetalk
shorter	ˈʃɔɹtɝ	Having little length	freetalk
slight	ˈslaɪt	Small in degree or amount	freetalk
socialist	ˈsoʊʃələst	A person who advocates or practices socialism	freetalk
streaming	ˈstɹimɪŋ	The act, process, or method of transmitting data over a computer network in a continuous flow	freetalk
sue	ˈsu	To institute legal proceedings against someone	freetalk
targeted	ˈtɑɹɡətɪd	Select as an object of attention or attack	freetalk
tension	ˈtɛnʃən	The state of being stretched tight	freetalk
theories	ˈθɪɹiz	A supposition or a system of ideas intended to explain something, especially one based on general principles independent of the thing to be explained	freetalk
touching	ˈtʌtʃɪŋ	Adj. Affecting or moving emotionally	freetalk
transactions	tɹænˈzækʃənz	An instance of buying or selling something	freetalk
twist	ˈtwɪst	To turn or rotate around a central point	freetalk
ugh	ˈʌɡ	Used to express disgust, frustration, or annoyance	freetalk
unemployment	ˌʌnɪmˈplɔɪmənt	The state of being unemployed	freetalk
unity	ˈjunəti	The state of being united or joined as a whole	freetalk
useless	ˈjusləs	Not fulfilling or not expected to achieve the intended purpose	freetalk
viewers	ˈvjuɝz	A person who watches or looks at something, especially television or a film	freetalk
winds	ˈwɪndz	Air in natural motion	freetalk
woke	ˈwoʊk	past tense of wake	freetalk
abilities	əˈbɪləˌtiz	The power or capacity to do something	freetalk
advocate	ˈædvəkət	A person who publicly supports or recommends a particular cause or policy	freetalk
aims	ˈeɪmz	To intend or direct for a particular purpose or goal	freetalk
arc	ˈɑɹk	A curved line or shape	freetalk
backup	ˈbæˌkʌp	A reserve or substitute	freetalk
beaten	ˈbitən	Defeated in a game or competition	freetalk
bitter	ˈbɪtɝ	Having a sharp, pungent taste or smell	freetalk
blown	ˈbloʊn	Past participle of blow	freetalk
branches	ˈbɹæntʃəz	A part of a tree that grows out from the trunk	freetalk
campaigns	kæmˈpeɪnz	A series of organized activities or events with a specific goal	freetalk
chips	ˈtʃɪps	A small piece of wood, plastic, or other material used in a game for keeping score	freetalk
clever	ˈklɛvɝ	Quick to understand, learn, and devise or apply ideas; intelligent	freetalk
clinic	ˈklɪnɪk	A place where medical treatment is given to outpatients	freetalk
closest	ˈkloʊsəst	Close in proximity or distance	freetalk
collections	kəˈlɛkʃənz	The action or process of collecting something	freetalk
continuous	kənˈtɪnjuəs	Continuing without interruption	freetalk
converted	kənˈvɝtɪd	Change in form, character, or function	freetalk
correctly	kɝˈɛktli	In a way that is accurate or true	freetalk
creator	kɹiˈeɪtɝ	A person or thing that brings something into existence	freetalk
creatures	ˈkɹitʃɝz	An animal, especially a non-human	freetalk
criteria	kɹaɪˈtɪɹiə	A principle or standard by which something may be judged or decided	freetalk
declined	dɪˈklaɪnd	To refuse or reject something	freetalk
detective	dɪˈtɛktɪv	A person who investigates crimes and gathers information	freetalk
difficulties	ˈdɪfəkəltiz	The state or condition of being difficult	freetalk
disability	ˌdɪsəˈbɪlɪti	A physical or mental condition that limits a person's movements, senses, or activities	freetalk
dish	ˈdɪʃ	A shallow, flat container for serving food	freetalk
duck	ˈdʌk	A waterbird with a broad blunt bill, short legs, webbed feet, and a waddling gait	freetalk
egyptian	ɪˈdʒɪpʃən	Of or relating to Egypt	freetalk
evaluation	ɪˌvæljuˈeɪʃən	The act of determining or fixing the value or worth of something	freetalk
excess	ˈɛkˌsɛs	An amount of something that is more than necessary, permitted, or desirable	freetalk
farming	ˈfɑɹmɪŋ	The activity or business of growing crops and raising livestock	freetalk
fence	ˈfɛns	A barrier enclosing a field or yard	freetalk
fighters	ˈfaɪtɝz	A person who fights, especially as a soldier or a boxer	freetalk
flights	ˈflaɪts	The act of flying through the air	freetalk
forcing	ˈfɔɹsɪŋ	Compelling someone to do something against their will	freetalk
forming	ˈfɔɹmɪŋ	To create or establish something	freetalk
franklin	ˈfɹæŋklɪn	A freeholder who was not of noble birth in medieval England	freetalk
gradually	ˈɡɹædʒuəli	In a gradual manner; slowly or by degrees	freetalk
gravity	ˈɡɹævəti	The force that attracts a body toward the center of the earth, or toward any other physical body having mass	freetalk
habits	ˈhæbəts	A settled or regular tendency or practice, especially one that is hard to give up	freetalk
highlight	ˈhaɪˌlaɪt	An area of lightest value in a painting or other artwork	freetalk
holder	ˈhoʊldɝ	a person who holds something	freetalk
hood	ˈhʊd	A covering for the head and neck, often attached to a jacket or cloak	freetalk
hung	ˈhʌŋ	past tense of hang	freetalk
identical	aɪˈdɛntɪkəl	Similar in every detail; exactly alike	freetalk
imperial	ˌɪmˈpɪɹiəl	Relating to an empire or emperor	freetalk
investigations	ˌɪnˌvɛstəˈɡeɪʃənz	The act or process of investigating	freetalk
ken	ˈkɛn	Range of sight or knowledge	freetalk
legally	ˈliɡəli	In a manner that is permitted by law	freetalk
lied	ˈlaɪd	A false statement made with deliberate intent to deceive	freetalk
listened	ˈlɪsənd	Paid attention to sound	freetalk
males	ˈmeɪlz	Of or denoting the sex that produces small, typically motile gametes, especially spermatozoa, with which a female may be fertilized or inseminated to produce offspring	freetalk
manufacturer	ˌmænjəˈfæktʃɝɝ	A person or company that makes goods for sale	freetalk
meters	ˈmitɝz	A unit of length equal to 100 centimeters	freetalk
nail	ˈneɪl	A horny covering on the upper surface of the tip of the finger and toe in humans and other primates	freetalk
negotiations	nəˌɡoʊʃiˈeɪʃənz	Discussion aimed at reaching an agreement	freetalk
nonsense	ˈnɑnsɛns	Words or ideas that are foolish or absurd	freetalk
operational	ˌɑpɝˈeɪʃənəl	In working order; functioning	freetalk
owns	ˈoʊnz	Have possession of	freetalk
phoenix	ˈfinɪks	A mythical bird that is cyclically regenerated or reborn	freetalk
playoffs	ˈpleɪˌɔfs	A series of games to determine a champion	freetalk
poet	ˈpoʊət	A person who writes poems	freetalk
quoted	ˈkwoʊtɪd	Give someone (the estimated price of a job or service)	freetalk
relating	ɹɪˈleɪtɪŋ	To have a connection or association with something	freetalk
repeatedly	ɹɪˈpitɪdli	Again and again	freetalk
rolled	ˈɹoʊld	To move by turning over and over	freetalk
scientist	ˈsaɪəntɪst	A person who is trained in a science and whose job involves doing scientific research or solving scientific problems	freetalk
sink	ˈsɪŋk	A basin with a water supply and drainage system for washing and cooking	freetalk
skip	ˈskɪp	Move along lightly, stepping from one foot to the other with a hop or bounce	freetalk
slavery	ˈsleɪvɝi	The state of being a slave	freetalk
snap	ˈsnæp	To make a sudden, sharp cracking sound	freetalk
sorts	ˈsɔɹts	A category or class of things with similar characteristics	freetalk
souls	ˈsoʊlz	The spiritual or immaterial part of a human being, often regarded as immortal	freetalk
stole	ˈstoʊl	past tense of steal	freetalk
swim	ˈswɪm	Move through water by moving the body in a way that keeps it afloat	freetalk
swiss	ˈswɪs	A type of cheese	freetalk
transaction	tɹænˈzækʃən	An instance of buying or selling something	freetalk
transformation	ˌtɹænsfɝˈmeɪʃən	a thorough or dramatic change in form or appearance	freetalk
veteran	ˈvɛtɝən	A person who has had long experience in a particular field or activity	freetalk
vulnerable	ˈvʌlnɝəbəl	susceptible to physical or emotional harm	freetalk
wealthy	ˈwɛlθi	Having a great deal of money, resources, or assets	freetalk
additionally	əˈdɪʃəˌnʌli	In addition; also	freetalk
attract	əˈtɹækt	To draw by appealing to the emotions or senses	freetalk
beta	ˈbeɪtə	The second letter of the Greek alphabet	freetalk
blowing	ˈbloʊɪŋ	Moving air forcefully	freetalk
bored	ˈbɔɹd	Feeling weary because one is unoccupied or lacks interest in one's current activity	freetalk
bronze	ˈbɹɑnz	A yellowish-brown alloy of copper with up to one-third tin	freetalk
bug	ˈbʌɡ	A small insect	freetalk
caring	ˈkɛɹɪŋ	Feeling or showing concern for others	freetalk
catching	ˈkætʃɪŋ	Receiving or acquiring something thrown, tossed, or dropped	freetalk
cave	ˈkeɪv	A hollow in the earth, especially one opening more or less horizontally into a hill, mountain, etc	freetalk
cheating	ˈtʃitɪŋ	Act dishonestly or unfairly in order to gain an advantage	freetalk
chronic	ˈkɹɑnɪk	Continuing or occurring again and again for a long time	freetalk
cleared	ˈklɪɹd	Remove obstructions from	freetalk
communicate	kəˈmjunəˌkeɪt	Share or exchange information or ideas	freetalk
convicted	kənˈvɪktəd	Found or proved guilty	freetalk
cultures	ˈkʌltʃɝz	The arts and other manifestations of human intellectual achievement regarded collectively	freetalk
dealt	ˈdɛlt	Past tense of deal	freetalk
delayed	dɪˈleɪd	Make (someone or something) late or slow	freetalk
demonstrate	ˈdɛmənˌstɹeɪt	Show clearly	freetalk
departments	dɪˈpɑɹtmənts	A distinct part of a larger organization or system	freetalk
depend	dɪˈpɛnd	To rely on or trust in someone or something	freetalk
developer	dɪˈvɛləpɝ	A person or company that develops real estate	freetalk
diagnosis	ˌdaɪəɡˈnoʊsəs	The identification of the nature of an illness or other problem by examination of the symptoms	freetalk
dismissed	dɪˈsmɪst	To allow or cause someone to leave	freetalk
distinguished	dɪˈstɪŋɡwɪʃt	Recognized for excellence or achievement	freetalk
dose	ˈdoʊs	A quantity of medicine or drug taken at one time	freetalk
eighth	ˈeɪtθ	Constituting number eight in a sequence	freetalk
experiments	ɪkˈspɛɹəmənts	A scientific procedure undertaken to make a discovery, test a hypothesis, or demonstrate a known fact	freetalk
flesh	ˈflɛʃ	The soft substance consisting of muscle and fat that is found between the skin and bones of a human or an animal	freetalk
flip	ˈflɪp	To turn over quickly or lightly	freetalk
forty	ˈfɔɹti	The number equivalent to the product of four and ten	freetalk
generous	ˈdʒɛnɝəs	Showing kindness and willingness to give more than is necessary or expected	freetalk
hated	ˈheɪtəd	To feel intense or passionate dislike for someone or something	freetalk
implement	ˈɪmpləmənt	A tool or utensil used for a particular purpose	freetalk
incorporated	ˌɪnˈkɔɹpɝˌeɪtɪd	Formed into a corporation	freetalk
influenced	ˈɪnfluənst	To have an effect on or impact someone or something	freetalk
kidding	ˈkɪdɪŋ	Joking or teasing in a playful manner	freetalk
laser	ˈleɪzɝ	A device that generates an intense beam of coherent monochromatic light	freetalk
loyal	ˈlɔɪəl	Giving or showing firm and constant support or allegiance	freetalk
marijuana	ˌmɛɹəˈwɑnə	Cannabis plant, especially the dried leaves and flowers, often smoked for its psychoactive effects	freetalk
mentally	ˈmɛntəli	relating to the mind	freetalk
missions	ˈmɪʃənz	An important assignment carried out for political, religious, or commercial purposes	freetalk
occupation	ˌɑkjəˈpeɪʃən	A person's job or profession	freetalk
opponent	əˈpoʊnənt	A person who competes against another in a contest or conflict	freetalk
paintings	ˈpeɪntɪŋz	A picture or design made using paint	freetalk
patch	ˈpætʃ	A piece of material used to mend a hole or tear	freetalk
patience	ˈpeɪʃəns	the capacity to accept or tolerate delay, trouble, or suffering without getting angry or upset	freetalk
pic	ˈpɪk	A brief written message or note	freetalk
pointing	ˈpɔɪntɪŋ	Directing someone's attention or indicating a direction with a finger or object	freetalk
pollution	pəˈluʃən	The presence in or introduction into the environment of a substance or thing that has harmful or poisonous effects	freetalk
precisely	pɹɪˈsaɪsli	Exactly	freetalk
prisoner	ˈpɹɪzənɝ	A person who is confined in prison or kept in custody	freetalk
privilege	ˈpɹɪvlədʒ	A special right, advantage, or immunity granted or available only to a particular person or group	freetalk
proposals	pɹəˈpoʊzəlz	A plan or suggestion put forward for consideration or discussion	freetalk
protests	ˈpɹoʊˌtɛsts	Expressing strong disapproval or objection	freetalk
punk	ˈpʌŋk	A worthless person	freetalk
regards	ɹɪˈɡɑɹdz	Good wishes or greetings	freetalk
relatives	ˈɹɛlətɪvz	A person connected by blood or marriage	freetalk
resist	ɹɪˈzɪst	To withstand the action or effect of	freetalk
solely	ˈsoʊəli	Not involving anyone or anything else; only	freetalk
stepped	ˈstɛpt	To move by lifting one foot and putting it down in a different place	freetalk
striking	ˈstɹaɪkɪŋ	Attracting attention by reason of being unusual, extreme, or prominent	freetalk
terrorists	ˈtɛɹɝəsts	A person who uses violence and intimidation in the pursuit of political aims	freetalk
tourist	ˈtʊɹəst	A person who is traveling or visiting a place for pleasure	freetalk
transit	ˈtɹænzɪt	The act of passing across or through a place	freetalk
trucks	ˈtɹʌks	A large, heavy motor vehicle used for transporting goods or materials	freetalk
trusted	ˈtɹʌstɪd	Believed in	freetalk
vessels	ˈvɛsəlz	A ship or large boat	freetalk
villa	ˈvɪlə	A large and luxurious country residence	freetalk
volumes	ˈvɑljumz	The amount of space that a substance or object occupies	freetalk
websites	ˈwɛbˌsaɪts	A location connected to the internet that maintains one or more pages on the World Wide Web	freetalk
wireless	ˈwaɪɹlɪs	Not using wires to transmit signals or data	freetalk
wondered	ˈwʌndɝd	To have a feeling of surprise or curiosity	freetalk
wrap	ˈɹæp	To cover or enclose something in paper or cloth	freetalk
wright	ˈɹaɪt	A person who constructs or repairs something	freetalk
yoga	ˈjoʊɡə	A system of exercises for attaining bodily or mental control and well-being	freetalk
adopt	əˈdɑpt	To take up and practice or use	freetalk
airlines	ˈɛɹˌlaɪnz	A company that provides scheduled flights for passengers and cargo	freetalk
alaska	əˈlæskə	A state in the United States known for its vast wilderness and natural beauty	freetalk
albums	ˈælbəmz	A collection of recordings, typically in the form of a CD or vinyl record	freetalk
america's	əˈmɛɹəkəz	Belonging to or relating to america	shadowline
anytime	ˈɛniˌtaɪm	At any time	freetalk
bacteria	bækˈtɪɹiə	Microscopic organisms that can cause disease or aid in digestion	freetalk
beings	ˈbiɪŋz	Existence	freetalk
beside	bɪˈsaɪd	At the side of; next to	freetalk
blade	ˈbleɪd	The flat cutting edge of a knife or weapon	freetalk
boot	ˈbut	A sturdy item of footwear covering the foot and ankle, and sometimes the lower leg	freetalk
bottles	ˈbɑtəlz	A container typically made of glass or plastic, used for storing liquids	freetalk
bucks	ˈbʌks	A male deer	freetalk
bulk	ˈbʌlk	The mass or magnitude of something large	freetalk
camps	ˈkæmps	A place with temporary accommodations for a group of people, typically in tents or cabins	freetalk
cargo	ˈkɑɹˌɡoʊ	Goods carried on a ship, aircraft, or vehicle	freetalk
census	ˈsɛnsəs	An official count or survey of a population, typically recording various details of individuals	freetalk
coastal	ˈkoʊstəl	Relating to or located on a coast	freetalk
coin	ˈkɔɪn	A flat, typically round piece of metal with an official stamp, used as money	freetalk
colored	ˈkʌlɝd	Having color	freetalk
commentary	ˈkɑmənˌtɛɹi	An expression of opinions or explanations about an event or situation	freetalk
confusion	kənˈfjuʒən	Lack of understanding or uncertainty	freetalk
congressional	kənˈɡɹɛʃənəl	Of or relating to a congress	freetalk
corn	ˈkɔɹn	A tall cereal plant that produces large grains, or kernels, set in rows on a cob	freetalk
cried	ˈkɹaɪd	Past tense of cry	freetalk
customs	ˈkʌstəmz	The official department that administers and collects duties on imported goods	freetalk
dealer	ˈdilɝ	A person or business that buys and sells goods or services	freetalk
deemed	ˈdimd	Regarded or considered in a specified way	freetalk
destiny	ˈdɛstəni	The events that will necessarily happen to a particular person or thing in the future	freetalk
distant	ˈdɪstənt	Far away in space or time	freetalk
electronics	ˌɪˌlɛkˈtɹɑnɪks	The branch of physics and technology concerned with the design and application of circuits using transistors and microchips	freetalk
emerging	ɪˈmɝdʒɪŋ	Move out of or away from something and come into view	freetalk
emotion	ɪˈmoʊʃən	A natural instinctive state of mind deriving from one's circumstances, mood, or relationships with others	freetalk
emphasis	ˈɛmfəsəs	Special importance, value, or prominence given to something	freetalk
ethics	ˈɛθɪks	Moral principles that govern a person's behavior or the conducting of an activity	freetalk
excitement	ɪkˈsaɪtmənt	A feeling of great enthusiasm and eagerness	freetalk
exploration	ˌɛksplɝˈeɪʃən	The action of exploring an unfamiliar area	freetalk
fights	ˈfaɪts	To engage in physical combat or struggle	freetalk
filling	ˈfɪlɪŋ	The act of making something full	freetalk
filming	ˈfɪlmɪŋ	The act of recording moving images on film or video	freetalk
graphics	ˈɡɹæfɪks	The visual representation of data or information	freetalk
humor	ˈhjumɝ	The quality of being amusing or entertaining	freetalk
insight	ˈɪnˌsaɪt	The capacity to gain an accurate and deep understanding of a person or thing	freetalk
invested	ˌɪnˈvɛstəd	To put money into something in order to earn a profit or interest	freetalk
it'd	ˈɪtəd	Short for 'it would' or 'it had'	shadowline
lit	ˈlɪt	illuminated	freetalk
mar	ˈmɑɹ	To damage or spoil the appearance of	freetalk
meals	ˈmilz	The food eaten or prepared for eating at one time	freetalk
nerve	ˈnɝv	Courage or bravery	freetalk
nightmare	ˈnaɪtˌmɛɹ	A frightening or unpleasant dream	freetalk
operators	ˈɑpɝˌeɪtɝz	A person who operates a machine or device	freetalk
overnight	ˈoʊvɝˈnaɪt	During the night	freetalk
partially	ˈpɑɹʃəli	To some extent; not completely	freetalk
participating	pɑɹˈtɪsəˌpeɪtɪŋ	Taking part in an activity or event	freetalk
pie	ˈpaɪ	A baked dish of fruit, meat, or vegetables typically with a top and base of pastry	freetalk
platforms	ˈplætˌfɔɹmz	A raised level surface on which people or things can stand	freetalk
populations	ˌpɑpjəˈleɪʃənz	All the inhabitants of a particular town, area, or country	freetalk
poster	ˈpoʊstɝ	A large printed picture or notice used for decoration or advertisement	freetalk
practically	ˈpɹæktɪkli	Almost, nearly	freetalk
preserve	pɹəˈzɝv	Maintain in its original or existing state	freetalk
produces	pɹəˈdusəz	To bring into existence; create	freetalk
qualify	ˈkwɑləˌfaɪ	To be entitled to a particular benefit or privilege	freetalk
raid	ˈɹeɪd	A sudden attack on an enemy by troops, aircraft, or other armed forces	freetalk
ram	ˈɹæm	A male sheep	freetalk
ranging	ˈɹeɪndʒɪŋ	To vary within specified limits	freetalk
ranking	ˈɹæŋkɪŋ	A position in a hierarchy or scale	freetalk
receives	ɹəˈsivz	To take or acquire something given, offered, or sent	freetalk
respective	ɹɪˈspɛktɪv	Belonging or relating separately to each of two or more people or things	freetalk
restricted	ɹiˈstɹɪktəd	Limited in extent, number, scope, or action	freetalk
routes	ˈɹuts	A way or course taken in getting from a starting point to a destination	freetalk
sandy	ˈsændi	Covered with or consisting of sand	freetalk
scenario	sɪˈnɛɹioʊ	A postulated sequence of events	freetalk
sheep	ˈʃip	A domesticated ruminant animal with a thick woolly coat	freetalk
situated	ˈsɪtʃuˌeɪtɪd	Located or placed in a particular position	freetalk
slaves	ˈsleɪvz	A person who is the legal property of another and is forced to obey them	freetalk
spotted	ˈspɑtɪd	Marked with spots	freetalk
spreading	ˈspɹɛdɪŋ	To extend over a larger area	freetalk
sustainable	səˈsteɪnəbəl	Able to be maintained at a certain rate or level	freetalk
sustained	səˈsteɪnd	Continuing for an extended period of time without interruption	freetalk
taxi	ˈtæksi	A car that carries passengers for a fare	freetalk
themes	ˈθimz	The subject of a piece of writing, speech, art, etc	freetalk
threatening	ˈθɹɛtənɪŋ	To be a source of danger or harm	freetalk
tobacco	təˈbæˌkoʊ	A preparation of the nicotine-rich leaves of an American plant, which are cured by a process of drying and fermentation for smoking or chewing	freetalk
trace	ˈtɹeɪs	A mark or other indication of the existence or passing of something	freetalk
trapped	ˈtɹæpt	To be caught or confined in a confined space	freetalk
turner	ˈtɝnɝ	A person or thing that turns or is used for turning something	freetalk
uncomfortable	ənˈkʌmfɝtəbəl	Causing or feeling slight pain or physical discomfort	freetalk
wasted	ˈweɪstɪd	To use or expend carelessly or extravagantly	freetalk
weakness	ˈwiknəs	The state or condition of lacking strength or power	freetalk
widespread	ˈwaɪdˈspɹɛd	Existing or happening over a large area or among many people	freetalk
accepting	ækˈsɛptɪŋ	Willing to receive or welcome	freetalk
accessible	ækˈsɛsəbəl	Easy to approach, reach, or use	freetalk
acknowledge	ækˈnɑlɪdʒ	Accept or admit the existence or truth of	freetalk
advised	ædˈvaɪzd	Offer suggestions or recommendations	freetalk
advisory	ædˈvaɪzɝi	Having the power or authority to give advice or recommend	freetalk
animation	ˌænəˈmeɪʃən	The state of being full of life or vigor	freetalk
assignment	əˈsaɪnmənt	A task or piece of work assigned to someone	freetalk
balanced	ˈbælənst	Kept or placed in a steady position so as not to fall	freetalk
bare	ˈbɛɹ	Without covering or clothing	freetalk
basement	ˈbeɪsmənt	The lowest floor of a building, partly or entirely below ground level	freetalk
bases	ˈbeɪsəz	The bottom support of a structure	freetalk
battles	ˈbætəlz	A fight between armed forces	freetalk
bias	ˈbaɪəs	A tendency to lean in a certain direction or favor one thing over another	freetalk
bits	ˈbɪts	A small piece, part, or quantity of something	freetalk
cancel	ˈkænsəl	To decide or announce that a planned event will not take place	freetalk
carpet	ˈkɑɹpət	A thick woven fabric used as a floor covering	freetalk
ceiling	ˈsilɪŋ	The upper interior surface of a room	freetalk
cherry	ˈtʃɛɹi	A small, round fruit with a red or black skin and a single hard seed inside	freetalk
chill	ˈtʃɪl	A feeling of coldness	freetalk
classification	ˌklæsəfəˈkeɪʃən	The action or process of classifying something	freetalk
clue	ˈklu	A piece of evidence or information used in the detection of a crime or solving of a mystery	freetalk
codes	ˈkoʊdz	A system of words, letters, figures, or symbols used to represent others	freetalk
cole	ˈkoʊl	A type of cabbage	freetalk
collapse	kəˈlæps	To fall down or inward suddenly	freetalk
collecting	kəˈlɛktɪŋ	To bring or gather together in one place	freetalk
compound	ˈkɑmpaʊnd	A thing that is composed of two or more separate elements	freetalk
conscious	ˈkɑnʃəs	Aware of and able to think and understand	freetalk
consecutive	kənˈsɛkjətɪv	Following one after another in order	freetalk
contents	ˈkɑntɛnts	The things that are held or included in something	freetalk
costume	kɑˈstum	A set of clothes in a style typical of a particular country or historical period	freetalk
deleted	dɪˈlitəd	Remove or obliterate (something) by striking or crossing out	freetalk
devoted	dɪˈvoʊtɪd	Very loving or loyal	freetalk
displayed	dɪˈspleɪd	To show or exhibit	freetalk
dominated	ˈdɑməˌneɪtəd	To have control or power over	freetalk
earl	ˈɝl	A British nobleman ranking above a viscount and below a marquess	freetalk
endless	ˈɛndləs	Having no end; infinite	freetalk
escaped	ɪˈskeɪpt	To get away; to break free	freetalk
examine	ɪɡˈzæmɪn	To inspect or scrutinize closely	freetalk
floating	ˈfloʊtɪŋ	Moving or staying on the surface of a liquid without sinking	freetalk
garbage	ˈɡɑɹbɪdʒ	Waste material or unwanted items	freetalk
gospel	ˈɡɑspəl	The teachings of Jesus Christ	freetalk
grain	ˈɡɹeɪn	A small, hard seed or fruit of a cereal plant	freetalk
grid	ˈɡɹɪd	A network of uniformly spaced horizontal and perpendicular lines used for locating points	freetalk
grows	ˈɡɹoʊz	To increase in size or amount	freetalk
heating	ˈhitɪŋ	The process of making something warmer, especially a room or building	freetalk
identification	aɪˌdɛntəfəˈkeɪʃən	The action or process of identifying someone or something	freetalk
knees	ˈniz	The joint between the thigh and the lower leg in humans	freetalk
lap	ˈlæp	The flat area between the waist and knees of a seated person	freetalk
lions	ˈlaɪənz	A large wild cat with a tawny coat and a long mane	freetalk
liver	ˈlɪvɝ	A large, reddish-brown organ in the body that secretes bile and is essential for digestion	freetalk
metro	ˈmɛˌtɹoʊ	A rapid transit system in a city	freetalk
metropolitan	ˌmɛtɹəˈpɑlətən	Relating to a large city or its surrounding area	freetalk
mines	ˈmaɪnz	Explosive devices placed underground to destroy enemy targets	freetalk
mixture	ˈmɪkstʃɝ	A combination of different elements or substances	freetalk
nominated	ˈnɑməˌneɪtəd	To officially suggest someone for a position or honor	freetalk
oak	ˈoʊk	A type of tree that produces acorns	freetalk
parliamentary	ˌpɑɹləˈmɛntɝi	Relating to, enacted by, or suitable for a parliament	freetalk
patent	ˈpætənt	Easily recognizable; obvious	freetalk
perception	pɝˈsɛpʃən	The ability to see, hear, or become aware of something through the senses	freetalk
physician	fəˈzɪʃən	A person who is qualified to practice medicine	freetalk
proceed	pɹəˈsid	To move forward or carry on with an action or course of action	freetalk
proceedings	pɹoʊˈsidɪŋz	The action of carrying on an activity or event	freetalk
pupils	ˈpjupəlz	A student in school	freetalk
reserved	ɹɪˈzɝvd	Kept for a particular purpose or person	freetalk
restore	ɹɪˈstɔɹ	To bring back to a former or original condition	freetalk
rifle	ˈɹaɪfəl	To search quickly through something in a rough or disorderly manner	freetalk
rival	ˈɹaɪvəl	A person or thing competing with another for the same objective or for superiority in the same field of activity	freetalk
runner	ˈɹʌnɝ	A person who runs, especially as a sport or for exercise	freetalk
sadly	ˈsædli	In a sad manner	freetalk
she'd	ˈʃid	Short for 'she would' or 'she had'	shadowline
she'll	ˈʃil	Short for 'she will'	shadowline
shoulders	ˈʃoʊldɝz	The part of the body between the neck and upper arm	freetalk
significance	səɡˈnɪfɪkəns	The quality of being important or having meaning	freetalk
sits	ˈsɪts	To rest on the buttocks or haunches	freetalk
sizes	ˈsaɪzəz	The dimensions, proportions, amount, or extent of something	freetalk
slept	ˈslɛpt	past tense of sleep	freetalk
soap	ˈsoʊp	A substance used for washing and cleaning, made of a compound of natural oils or fats with sodium hydroxide or another strong alkali	freetalk
spray	ˈspɹeɪ	A fine mist of liquid particles in the air	freetalk
stored	ˈstɔɹd	To put away for future use	freetalk
stressed	ˈstɹɛst	Feeling worried or anxious	freetalk
structural	ˈstɹʌktʃɝəl	Related to the arrangement or organization of parts in a whole	freetalk
suite	ˈswit	A set of connected rooms, especially in a hotel	freetalk
tropical	ˈtɹɑpɪkəl	Of, typical of, or peculiar to the tropics	freetalk
unnecessary	ənˈnɛsəˌsɛɹi	Not needed; not essential	freetalk
verse	ˈvɝs	A single line of poetry	freetalk
victor	ˈvɪktɝ	a person who defeats an enemy or opponent in a battle, game, or other competition	freetalk
vintage	ˈvɪntɪdʒ	The year or place in which wine, especially wine of high quality, was produced	freetalk
warned	ˈwɔɹnd	To give notice of impending danger or harm	freetalk
acres	ˈeɪkɝz	A unit of land area equal to 43,560 square feet	freetalk
adapted	əˈdæptɪd	Make (something) suitable for a new use or purpose	freetalk
adoption	əˈdɑpʃən	The act of legally taking another's child and bringing it up as one's own	freetalk
anonymous	əˈnɑnəməs	Without any name acknowledged	freetalk
approaching	əˈpɹoʊtʃɪŋ	Coming near or nearer in space or time	freetalk
artistic	ɑɹˈtɪstɪk	Having or revealing natural creative skill or ability	freetalk
attendance	əˈtɛndəns	The act of being present at a place or event	freetalk
aviation	ˌeɪviˈeɪʃən	The operation of aircraft	freetalk
barrel	ˈbæɹəl	A cylindrical container used for storing liquids or other substances	freetalk
beds	ˈbɛdz	A piece of furniture for sleep or rest	freetalk
beloved	bɪˈlʌvd	Dearly loved	freetalk
bless	ˈblɛs	To consecrate or make holy by a religious rite	freetalk
boxing	ˈbɑksɪŋ	The sport or practice of fighting with the fists, especially as a form of organized sport	freetalk
celebrating	ˈsɛləˌbɹeɪtɪŋ	To observe (a day) or commemorate (an event) with ceremonies or festivities	freetalk
charging	ˈtʃɑɹdʒɪŋ	To demand payment	freetalk
chemicals	ˈkɛmɪkəlz	Any substance used in or resulting from a reaction involving changes to atoms or molecules	freetalk
chuck	ˈtʃʌk	To throw or toss something with a quick motion	freetalk
cinema	ˈsɪnəmə	A movie theater	freetalk
colonial	kəˈloʊniəl	Of, relating to, or characteristic of a colony	freetalk
comics	ˈkɑmɪks	A form of visual art consisting of images and text, often in a sequential format, to tell a story or convey information	freetalk
compliance	kəmˈplaɪəns	The act of conforming, obeying, or yielding to a request or demand	freetalk
contrary	ˈkɑntɹɛɹi	Opposite in nature, direction, or meaning	freetalk
controlling	kənˈtɹoʊlɪŋ	To exercise authority or influence over	freetalk
corporations	ˌkɔɹpɝˈeɪʃənz	A company or group of people authorized to act as a single entity and recognized as such in law	freetalk
couch	ˈkaʊtʃ	A piece of furniture for seating multiple people	freetalk
country's	ˈkʌntɹiz	Belonging to or relating to country	shadowline
crush	ˈkɹʌʃ	To press or squeeze with force	freetalk
dam	ˈdæm	A barrier constructed to hold back water and raise its level, forming a reservoir	freetalk
decrease	dɪˈkɹis	To become smaller or fewer	freetalk
defeated	dɪˈfitəd	Overcome in a contest or conflict	freetalk
diabetes	ˌdaɪəˈbitiz	A condition characterized by excessive thirst and the excretion of large amounts of urine	freetalk
dressing	ˈdɹɛsɪŋ	The act of putting on clothes	freetalk
expanding	ɪkˈspændɪŋ	Becoming or making larger in size or volume	freetalk
fears	ˈfɪɹz	An unpleasant emotion caused by the belief that someone or something is dangerous, likely to cause pain, or a threat	freetalk
genre	ˈʒɑnɹə	A category of artistic composition, as in music or literature, characterized by similarities in form, style, or subject matter	freetalk
gentle	ˈdʒɛntəl	Mild or kind in disposition or behavior	freetalk
grammar	ˈɡɹæmɝ	The system and structure of a language, including syntax, morphology, and phonology	freetalk
illustrated	ˈɪləˌstɹeɪtəd	Show or demonstrate by example or by making clear or explicit	freetalk
invented	ˌɪnˈvɛntəd	Create or design (something that has not existed before)	freetalk
jake	ˈdʒeɪk	A male given name	freetalk
jam	ˈdʒæm	A sweet spread made from fruit and sugar	freetalk
kent	ˈkɛnt	Know or understand	freetalk
lease	ˈlis	A contract granting use or occupation of property during a specified period in exchange for a specified rent	freetalk
lens	ˈlɛnz	A piece of glass or other transparent material with curved sides for concentrating or dispersing light rays	freetalk
licensed	ˈlaɪsənst	Officially permitted or authorized to do something	freetalk
loyalty	ˈlɔɪəlti	The quality of being loyal; faithfulness or devotion to a person, country, group, or cause	freetalk
magnetic	mæɡˈnɛtɪk	Having the power to attract objects made of iron or steel	freetalk
metres	ˈmitɝz	The basic unit of length in the metric system, equal to 100 centimetres	freetalk
monsters	ˈmɑnstɝz	An imaginary creature that is typically large, ugly, and frightening	freetalk
mysterious	mɪˈstɪɹiəs	Difficult or impossible to understand or explain	freetalk
notion	ˈnoʊʃən	A general understanding or idea	freetalk
partial	ˈpɑɹʃəl	Favoring one side in a dispute over another	freetalk
piss	ˈpɪs	Urine	freetalk
placing	ˈpleɪsɪŋ	To put in a particular position or location	freetalk
propaganda	ˌpɹɑpəˈɡændə	Information, ideas, or rumors spread to help or harm a person, group, movement, institution, nation, etc	freetalk
rat	ˈɹæt	A rodent with a pointed snout, long tail, and sharp teeth	freetalk
reflection	ɹɪˈflɛkʃən	The throwing back by a body or surface of light, heat, or sound without absorbing it	freetalk
reminded	ɹiˈmaɪndɪd	To cause (someone) to remember someone or something	freetalk
resolve	ɹiˈzɑlv	Settle or find a solution to (a problem or dispute)	freetalk
revolutionary	ˌɹɛvəˈluʃəˌnɛɹi	Involving or causing a complete or dramatic change	freetalk
scandal	ˈskændəl	An action or event regarded as morally or legally wrong and causing general public outrage	freetalk
shine	ˈʃaɪn	Give out a bright light	freetalk
si	ˈsi	Yes	freetalk
simultaneously	ˌsaɪməlˈteɪniəsli	At the same time	freetalk
substitute	ˈsʌbstəˌtut	A person or thing acting or serving in place of another	freetalk
surveillance	sɝˈveɪləns	Close observation, especially of a suspected spy or criminal	freetalk
tactics	ˈtæktɪks	An action or strategy carefully planned to achieve a specific end	freetalk
testimony	ˈtɛstəˌmoʊni	A formal written or spoken statement, especially one given in a court of law	freetalk
treasure	ˈtɹɛʒɝ	A collection of valuable objects	freetalk
trophy	ˈtɹoʊfi	A prize or memento awarded for a specific achievement or victory	freetalk
tweet	ˈtwit	A short message posted on the social media platform Twitter	freetalk
underlying	ˌʌndɝˈlaɪɪŋ	Lying or situated beneath something else	freetalk
unfair	ənˈfɛɹ	Not just or equitable	freetalk
villages	ˈvɪlədʒəz	A small community or group of houses in a rural area	freetalk
acceptance	ækˈsɛptəns	The action or process of accepting or being accepted	freetalk
accidents	ˈæksədənts	An unfortunate incident that happens unexpectedly and unintentionally, typically resulting in harm or damage	freetalk
affects	əˈfɛkts	To have an influence on or make a difference to	freetalk
annually	ˈænjuəli	Once a year	freetalk
apologize	əˈpɑləˌdʒaɪz	Express regret for something that one has done wrong	freetalk
appreciated	əˈpɹiʃiˌeɪtɪd	To recognize the full worth of	freetalk
approached	əˈpɹoʊtʃt	To come near or nearer to in space or time	freetalk
arriving	ɝˈaɪvɪŋ	To reach a destination	freetalk
ash	ˈæʃ	The powdery residue left after something is burned	freetalk
aunt	ˈænt	The sister of one's parent	freetalk
benjamin	ˈbɛndʒəmən	A male given name	freetalk
bubble	ˈbʌbəl	A thin sphere of liquid enclosing air or another gas	freetalk
buyers	ˈbaɪɝz	A person who purchases goods or services	freetalk
casino	kəˈsinoʊ	A building or room used for social gatherings, entertainment, dancing, etc	freetalk
charts	ˈtʃɑɹts	A sheet presenting information in the form of graphs or tables	freetalk
clouds	ˈklaʊdz	A visible mass of condensed water vapor floating in the atmosphere, typically high above the ground	freetalk
connecting	kəˈnɛktɪŋ	Joining or linking together	freetalk
counsel	ˈkaʊnsəl	Advice or guidance, especially given by a knowledgeable person	freetalk
creature	ˈkɹitʃɝ	An animal, especially a non-human	freetalk
deadly	ˈdɛdli	Causing or able to cause death	freetalk
decides	ˌdɪˈsaɪdz	To make a choice or come to a conclusion	freetalk
desired	dɪˈzaɪɝd	To wish or long for; want	freetalk
determination	dɪˌtɝməˈneɪʃən	The act of coming to a decision or of fixing or settling a purpose	freetalk
embrace	ɛmˈbɹeɪs	To hold someone closely in one's arms	freetalk
emerged	ɪˈmɝdʒd	Move out of or away from something and come into view	freetalk
exhibit	ɪɡˈzɪbɪt	To show or display something for others to see	freetalk
flew	ˈflu	past tense of fly	freetalk
gentleman	ˈdʒɛntəlmən	A man of good social position, especially one of wealth and leisure	freetalk
hammer	ˈhæmɝ	A metal ball with a long handle, thrown for distance in a track-and-field event	freetalk
hosting	ˈhoʊstɪŋ	The act of providing accommodations or services for guests or visitors	freetalk
icon	ˈaɪkɑn	A person or thing regarded as a representative symbol or as worthy of veneration	freetalk
imposed	ˌɪmˈpoʊzd	Force (something unwelcome or unfamiliar) to be accepted or put in place	freetalk
indigenous	ˌɪnˈdɪdʒənəs	Originating or occurring naturally in a particular place; native	freetalk
infinite	ˈɪnfənət	limitless or endless in space, extent, or size	freetalk
installation	ˌɪnstəˈleɪʃən	The action or process of installing something	freetalk
inter	ˌɪnˈtɝ	To bury a dead body	freetalk
interactions	ˌɪntɝˈækʃənz	The act of communicating or working together	freetalk
introducing	ˌɪntɹəˈdusɪŋ	Presenting or bringing something into a place or group for the first time	freetalk
kicking	ˈkɪkɪŋ	To strike or propel with the foot	freetalk
laying	ˈleɪɪŋ	To put something down in a horizontal position	freetalk
legislature	ˈlɛdʒəˌsleɪtʃɝ	A body of persons having the power to make laws for a country or state	freetalk
liability	ˌlaɪəˈbɪlɪti	The state of being responsible for something, especially by law	freetalk
makers	ˈmeɪkɝz	One who makes something	freetalk
manhattan	mænˈhætən	A borough of New York City	freetalk
marathon	ˈmɛɹəˌθɑn	A long-distance running race	freetalk
marvel	ˈmɑɹvəl	A wonderful or astonishing person or thing	freetalk
moreover	mɔˈɹoʊvɝ	Besides; in addition	freetalk
organisations	ˌɔɹɡənɪˈzeɪʃənz	A group of people working together to achieve a common goal	freetalk
ours	ˈaʊɝz	Belonging to us	freetalk
parade	pɝˈeɪd	A public procession, especially one celebrating a special day or event	freetalk
paradise	ˈpɛɹəˌdaɪs	An ideal or idyllic place or state	freetalk
perceived	pɝˈsivd	Become aware or conscious of (something)	freetalk
planes	ˈpleɪnz	A flat surface on which a straight line joining any two points would wholly lie	freetalk
politician	ˌpɑləˈtɪʃən	A person who is professionally involved in politics	freetalk
preliminary	pɹɪˈlɪməˌnɛɹi	An action or event preceding or preparing for something more important or serious	freetalk
premiere	pɹɛˈmɪɹ	The first public performance or showing of a play, movie, or musical composition	freetalk
presidency	ˈpɹɛzədənsi	The office or term of a president	freetalk
reaches	ˈɹitʃəz	To extend or stretch out	freetalk
react	ɹiˈækt	To respond or behave in a particular way in response to something	freetalk
realistic	ˌɹiəˈlɪstɪk	Having or showing a sensible and practical idea of what can be achieved or expected	freetalk
remarks	ɹɪˈmɑɹks	Comments or observations made about something	freetalk
retain	ɹɪˈteɪn	To keep possession of	freetalk
rocky	ˈɹɑki	Covered with or full of rocks	freetalk
saints	ˈseɪnts	A person acknowledged as holy or virtuous	freetalk
satisfaction	ˌsætəsˈfækʃən	The fulfillment or gratification of a desire or need	freetalk
scratch	ˈskɹætʃ	To mark or cut a surface with a sharp object	freetalk
shade	ˈʃeɪd	A color, especially a variety of a color	freetalk
sheets	ˈʃits	A large rectangular piece of cotton or other fabric used as a covering on a bed	freetalk
sheriff	ˈʃɛɹəf	A law enforcement officer in a county	freetalk
shy	ˈʃaɪ	Nervous or timid in the company of others	freetalk
sometime	ˈsʌmˌtaɪm	At an unspecified or indefinite time in the future	freetalk
spirits	ˈspɪɹɪts	The non-physical part of a person which is the seat of emotions and character	freetalk
sporting	ˈspɔɹtɪŋ	Engaging in sports or athletic activities	freetalk
strictly	ˈstɹɪktli	In a stringent or exact manner	freetalk
sunshine	ˈsʌnˌʃaɪn	Direct sunlight unbroken by cloud	freetalk
teens	ˈtinz	The numbers 13-19 in a sequence	freetalk
thou	ˈðaʊ	You	freetalk
tier	ˈtiɹ	One of a series of rows or levels placed one above the other	freetalk
tommy	ˈtɑmi	A British soldier	freetalk
travelling	ˈtɹævəlɪŋ	The act of going from one place to another, especially over a long distance	freetalk
vocal	ˈvoʊkəl	Expressed in spoken words	freetalk
warrior	ˈwɔɹiɝ	A person engaged in or experienced in warfare	freetalk
woman's	ˈwʊmənz	Belonging to or relating to woman	shadowline
worries	ˈwɝiz	Feel anxious or troubled about actual or potential problems	freetalk
yield	ˈjild	Produce or provide (a natural, agricultural, or industrial product)	freetalk
accomplished	əˈkɑmplɪʃt	Successfully completed or achieved	freetalk
admission	ædˈmɪʃən	The act of allowing someone to enter a place or join an organization	freetalk
adventures	ædˈvɛntʃɝz	An exciting or unusual experience	freetalk
aka	ˈɑkə	Also known as	freetalk
appearing	əˈpɪɹɪŋ	To come into sight	freetalk
bacon	ˈbeɪkən	Cured meat from the back or sides of a pig	freetalk
barrier	ˈbæɹiɝ	A fence or other obstacle that prevents movement or access	freetalk
believing	bɪˈlivɪŋ	Accepting something as true or real	freetalk
blacks	ˈblæks	Of the darkest color owing to the absence of or complete absorption of light	freetalk
bombs	ˈbɑmz	A weapon that explodes with great force	freetalk
burst	ˈbɝst	Break open or apart suddenly and violently, especially as a result of internal pressure	freetalk
caps	ˈkæps	A type of head covering	freetalk
casting	ˈkæstɪŋ	An object made by pouring molten metal or other material into a mold	freetalk
cattle	ˈkætəl	Domesticated bovine animals raised for meat or milk	freetalk
classroom	ˈklæsˌɹum	A room in which a class of students is taught	freetalk
collins	ˈkɑlɪnz	A tall iced drink made with liquor, lemon juice, sugar, and soda water	freetalk
colours	ˈkʌlɝz	The property possessed by an object of producing different sensations on the eye as a result of the way it reflects or emits light	freetalk
compromise	ˈkɑmpɹəˌmaɪz	A settlement of differences by mutual concessions	freetalk
convenient	kənˈvinjənt	Fitting in well with a person's needs, activities, and plans	freetalk
costa	ˈkɔstɑ	A rib or riblike part	freetalk
criminals	ˈkɹɪmənəlz	A person who has committed a crime	freetalk
crop	ˈkɹɑp	A cultivated plant that is grown as food, especially a grain, fruit, or vegetable	freetalk
earthquake	ˈɝθˌkweɪk	A sudden shaking of the ground caused by movements of the earth's tectonic plates	freetalk
elderly	ˈɛldɝli	Advanced in age	freetalk
eliminate	ɪˈlɪməˌneɪt	To completely remove or get rid of something	freetalk
embarrassing	ɪmˈbɛɹəsɪŋ	Causing someone to feel self-conscious or ashamed	freetalk
farmer	ˈfɑɹmɝ	A person who owns or manages a farm for the purpose of cultivating land or raising livestock	freetalk
finest	ˈfaɪnəst	Of high quality or excellence	freetalk
grants	ˈɡɹænts	A sum of money given by an organization, especially a government, for a particular purpose	freetalk
harbor	ˈhɑɹbɝ	A place on the coast where ships may moor in shelter	freetalk
hates	ˈheɪts	Feel intense or passionate dislike for someone	freetalk
incidents	ˈɪnsədənts	An event or occurrence	freetalk
inform	ˌɪnˈfɔɹm	To give knowledge or facts to someone	freetalk
ion	ˈaɪən	An atom or molecule with a net electric charge due to the loss or gain of one or more electrons	freetalk
lesbian	ˈlɛzbiən	A woman who is sexually attracted to other women	freetalk
lovers	ˈlʌvɝz	A person who is in a romantic or sexual relationship with another	freetalk
mathematics	ˌmæθəˈmætɪks	The study of numbers, quantities, shapes, and patterns	freetalk
medication	ˌmɛdəˈkeɪʃən	A substance used for medical treatment	freetalk
minded	ˈmaɪndəd	Having a particular kind of mind or inclination	freetalk
morris	ˈmɔɹəs	A lively English dance performed by a group of dancers wearing bells and ribbons	freetalk
par	ˈpɑɹ	Equal in value or standing	freetalk
podcast	ˈpɔdˌkæst	A digital audio or video file or recording that can be streamed or downloaded from the internet	freetalk
portfolio	pɔɹtˈfoʊliˌoʊ	A large, thin, flat case for loose sheets of paper such as drawings or maps	freetalk
productivity	ˌpɹoʊdəkˈtɪvəti	The state or quality of being productive	freetalk
promoted	pɹəˈmoʊtɪd	To advance or raise in rank or position	freetalk
protocol	ˈpɹoʊtəˌkɑl	The official procedure or system of rules governing affairs of state or diplomatic occasions	freetalk
quietly	ˈkwaɪətli	In a quiet manner	freetalk
replacing	ɹɪˈpleɪsɪŋ	To put back in a former place or position	freetalk
responsibilities	ɹiˌspɑnsəˈbɪlətiz	The state or fact of having a duty to deal with something or of having control over someone	freetalk
salad	ˈsæləd	A dish of raw vegetables, fruits, or other ingredients, typically served with a dressing	freetalk
scholarship	ˈskɑlɝˌʃɪp	Academic study or achievement; learning	freetalk
screening	ˈskɹinɪŋ	The act of examining or testing something	freetalk
sends	ˈsɛndz	To cause to go or be taken to a destination	freetalk
smiling	ˈsmaɪlɪŋ	Showing happiness or amusement by turning up the corners of the mouth	freetalk
soup	ˈsup	A liquid food made by boiling meat, fish, or vegetables in water	freetalk
southeast	ˌsaʊˈθist	The direction halfway between south and east	freetalk
stake	ˈsteɪk	A sum of money or something else of value gambled on the outcome of a risky game or venture	freetalk
stating	ˈsteɪtɪŋ	Present participle of state	freetalk
strain	ˈstɹeɪn	To exert oneself to the utmost	freetalk
suspected	səˈspɛktɪd	Regarded with suspicion or mistrust	freetalk
swift	ˈswɪft	happening quickly or promptly	freetalk
tackle	ˈtækəl	To deal with (a problem or difficult task)	freetalk
tigers	ˈtaɪɡɝz	A large carnivorous feline mammal, Panthera tigris, native to Asia	freetalk
timeline	ˈtaɪmlaɪn	A linear representation of important events in chronological order	freetalk
torture	ˈtɔɹtʃɝ	The action or practice of inflicting severe pain on someone as a punishment or to force them to do or say something	freetalk
traded	ˈtɹeɪdɪd	Past tense of trade	freetalk
translated	tɹænzˈleɪtɪd	Express the sense of words or text in another language	freetalk
tricks	ˈtɹɪks	A cunning or deceitful action or device	freetalk
twins	ˈtwɪnz	Two children or animals born at the same time from the same mother	freetalk
urgent	ˈɝdʒənt	Requiring immediate action or attention	freetalk
vegetables	ˈvɛdʒtəbəlz	Plants cultivated for their edible parts, such as roots, stems, leaves, or seeds	freetalk
vertical	ˈvɝtɪkəl	Perpendicular to the plane of the horizon; upright	freetalk
violation	vaɪəˈleɪʃən	The act of violating or the state of being violated	freetalk
wallet	ˈwɔlət	A small, flat, folding case for carrying paper money, credit cards, and identification cards	freetalk
welsh	ˈwɛltʃ	To fail to honor a debt or obligation	freetalk
workshop	ˈwɝkˌʃɑp	A room or building where goods are manufactured or repaired	freetalk
wrapped	ˈɹæpt	Covered or enclosed in paper or other material	freetalk
aboard	əˈbɔɹd	On or onto a ship, aircraft, or other vehicle	freetalk
abstract	æbˈstɹækt	Existing in thought or as an idea but not having a physical or concrete existence	freetalk
accent	əkˈsɛnt	A distinctive way of pronouncing a language, typically associated with a particular country, region, or social group	freetalk
addiction	əˈdɪkʃən	The fact or condition of being addicted to a particular substance, thing, or activity	freetalk
associates	əˈsoʊsiəts	Connect or bring into relation, as thought, feeling, memory, etc	freetalk
awake	əˈweɪk	To stop sleeping	freetalk
beam	ˈbim	A long piece of wood, metal, or other material used as a horizontal support in construction	freetalk
beans	ˈbinz	To hit someone on the head	freetalk
binding	ˈbaɪndɪŋ	A strong covering holding the pages of a book together	freetalk
blank	ˈblæŋk	(adj.) Not marked or filled in	freetalk
buffalo	ˈbʌfəˌloʊ	A large mammal with horns and a shaggy coat, native to Africa and Asia	freetalk
commons	ˈkɑmənz	A piece of open land for public use	freetalk
conservatives	kənˈsɝvətɪvz	Holding to traditional attitudes and values and cautious about change or innovation, typically in relation to politics or religion	freetalk
contacts	ˈkɑnˌtækts	The act or state of touching or meeting	freetalk
conviction	kənˈvɪkʃən	A firmly held belief or opinion	freetalk
corrupt	kɝˈʌpt	Having or showing a willingness to act dishonestly in return for money or personal gain	freetalk
cow	ˈkaʊ	A fully grown female animal of a domesticated breed of ox, kept to produce milk or beef	freetalk
curve	ˈkɝv	A smoothly flowing line or surface that deviates from straightness	freetalk
depressed	dɪˈpɹɛst	Feeling sad or despondent	freetalk
deserved	dɪˈzɝvd	To be worthy of something due to one's actions or qualities	freetalk
dining	ˈdaɪnɪŋ	The act of eating a meal	freetalk
disorders	dɪˈsɔɹdɝz	A state of confusion or disturbance	freetalk
duration	ˈdʊˈɹeɪʃən	The time during which something continues	freetalk
encouraging	ɛnˈkɝɪdʒɪŋ	Giving someone support, confidence, or hope	freetalk
farms	ˈfɑɹmz	An area of land and its buildings used for growing crops and raising animals	freetalk
fifteen	fɪfˈtin	The number that is one more than fourteen and one less than sixteen	freetalk
flows	ˈfloʊz	Move along or out steadily and continuously in a current or stream	freetalk
genes	ˈdʒinz	A unit of heredity that is transferred from a parent to offspring and is held to determine some characteristic of the offspring	freetalk
graduated	ˈɡɹædʒuˌeɪtɪd	To receive a degree or diploma from a school or university	freetalk
grandmother	ˈɡɹændˌmʌðɝ	The mother of one's father or mother	freetalk
harsh	ˈhɑɹʃ	Unpleasantly rough or jarring to the senses	freetalk
heights	ˈhaɪts	The measurement from base to top	freetalk
horn	ˈhɔɹn	A hard permanent outgrowth, often curved and pointed, found in pairs on the heads of certain mammals	freetalk
hurry	ˈhɝi	Move or act quickly	freetalk
immune	ˌɪˈmjun	Protected from a disease or the like, as by inoculation	freetalk
inflation	ˌɪnˈfleɪʃən	A general increase in prices and fall in the purchasing value of money	freetalk
ingredients	ˌɪnˈɡɹidiənts	A component of a mixture or compound	freetalk
inspection	ˌɪnˈspɛkʃən	The act of examining or reviewing something closely	freetalk
install	ˌɪnˈstɔl	To place or fix in position for use or service	freetalk
instruction	ˌɪnˈstɹʌkʃən	The act of teaching or providing knowledge or information	freetalk
intensity	ɪnˈtɛnsəti	The quality or state of being intense	freetalk
inventory	ˌɪnvənˈtɔɹi	A complete list of items such as property, goods in stock, or the contents of a building	freetalk
investigated	ˌɪnˈvɛstəˌɡeɪtəd	To carry out a systematic or formal inquiry to discover and examine the facts of (an incident, allegation, etc.) so as to establish the truth	freetalk
invitation	ˌɪnvɪˈteɪʃən	A written or verbal request inviting someone to go somewhere or to do something	freetalk
judicial	dʒuˈdɪʃəl	relating to the administration of justice or the courts	freetalk
justify	ˈdʒʌstəˌfaɪ	Show or prove to be right or reasonable	freetalk
kyle	ˈkaɪl	A narrow channel or strait of water	freetalk
lakes	ˈleɪks	A large body of water surrounded by land	freetalk
lean	ˈlin	To incline or bend from a vertical position	freetalk
lecture	ˈlɛktʃɝ	An educational talk given to a group of people, typically in a formal setting	freetalk
libraries	ˈlaɪbɹɛˌɹiz	A building or room containing collections of books, periodicals, and sometimes films and recorded music for people to read, borrow, or refer to	freetalk
logical	ˈlɑdʒɪkəl	Characterized by clear, sound reasoning	freetalk
mason	ˈmeɪsən	A person who builds with stone or brick	freetalk
meaningful	ˈminɪŋfəl	Having significance or purpose	freetalk
migration	maɪˈɡɹeɪʃən	Movement from one place to another	freetalk
missile	ˈmɪsəl	An object or weapon that is thrown or projected at a target	freetalk
motivated	ˈmoʊtəˌveɪtəd	Provided with a motive or given incentive for action	freetalk
muscles	ˈmʌsəlz	Strength or force of body or mind; power of sustained exertion, controlled by the will	freetalk
nancy	ˈnænsi	A male given name	freetalk
northwest	ˌnɔɹˈθwɛst	The direction halfway between north and west	freetalk
nurses	ˈnɝsəz	A person trained to care for the sick or infirm	freetalk
organ	ˈɔɹɡən	A musical instrument with pipes and keys used to produce sound	freetalk
patrol	pəˈtɹoʊl	The act of moving about an area, especially by a group of people or vehicles, to ensure safety or security	freetalk
pearl	ˈpɝl	A smooth, rounded bead formed within the shells of certain mollusks	freetalk
peer	ˈpɪɹ	A person who is equal to another in abilities, qualifications, age, background, or social status	freetalk
pepper	ˈpɛpɝ	A pungent, hot-tasting powder or seed obtained from some plants, used as a spice	freetalk
pig	ˈpɪɡ	An omnivorous domesticated hoofed mammal with sparse bristly hair and a flat snout for rooting in the soil	freetalk
pile	ˈpaɪl	A heap of things laid or lying one on top of another	freetalk
plug	ˈplʌɡ	A piece of solid material fitting tightly into a hole and blocking it up	freetalk
provision	pɹəˈvɪʒən	The action of providing or supplying something	freetalk
releasing	ɹiˈlisɪŋ	Allow (something) to move, act, or flow freely	freetalk
requiring	ɹiˈkwaɪɝɪŋ	To need or demand something as necessary or essential	freetalk
revised	ɹɪˈvaɪzd	To make changes or corrections to something	freetalk
rod	ˈɹɑd	A thin straight bar, especially of wood or metal	freetalk
scream	ˈskɹim	A loud, sharp, piercing cry	freetalk
stairs	ˈstɛɹz	A series of steps for ascending or descending	freetalk
staring	ˈstɛɹɪŋ	To gaze fixedly and intently	freetalk
statistical	stəˈtɪstɪkəl	Of or relating to statistics	freetalk
sticks	ˈstɪks	A thin piece of wood that is used for various purposes	freetalk
strangers	ˈstɹeɪndʒɝz	People whom one does not know or with whom one is not familiar	freetalk
succeeded	səkˈsidɪd	Achieved a desired aim or result	freetalk
sweat	ˈswɛt	Moisture exuded through the pores of the skin, typically in profuse quantities when undergoing strenuous physical exertion	freetalk
switched	ˈswɪtʃt	Changed or exchanged	freetalk
tattoo	ˌtæˈtu	A permanent mark or design made on the skin by a process of pricking and ingraining an indelible pigment	freetalk
teenage	ˈtiˌneɪdʒ	relating to or characteristic of a person aged between 13 and 19 years old	freetalk
thunder	ˈθʌndɝ	A loud rumbling or crashing noise heard after a lightning flash due to the expansion of rapidly heated air	freetalk
tours	ˈtʊɹz	A journey for pleasure or education	freetalk
tragedy	ˈtɹædʒədi	An event causing great suffering, destruction, and distress	freetalk
trauma	ˈtɹɔmə	A deeply distressing or disturbing experience	freetalk
wrestling	ˈɹɛslɪŋ	The sport or activity of grappling with an opponent and trying to throw or hold them down	freetalk
zoo	ˈzu	A place where wild animals are kept for public exhibition	freetalk
accordance	əˈkɔɹdəns	Agreement or harmony	freetalk
acquire	əˈkwaɪɝ	To come into possession or ownership of something	freetalk
activist	ˈæktəvəst	a person who campaigns to bring about political or social change	freetalk
activists	ˈæktəvəsts	A person who campaigns to bring about political or social change	freetalk
addresses	ˈæˈdɹɛsɪz	The location where someone lives or can be reached	freetalk
alike	əˈlaɪk	In the same or a similar way	freetalk
applicable	ˈæpləkəbəl	Capable of being applied	freetalk
arrow	ˈæɹoʊ	A slender, straight, pointed missile shot from a bow and having feathers at the end to stabilize flight	freetalk
availability	əˌveɪləˈbɪləti	The quality of being able to be used or obtained	freetalk
aw	ˈɔ	Expressing mild disappointment or sympathy	freetalk
ba	ˌbiˈeɪ	A sound made by sheep	freetalk
bend	ˈbɛnd	To curve or flex something	freetalk
boundary	ˈbaʊndɝi	A line that marks the limits of an area	freetalk
breach	ˈbɹitʃ	An act of breaking or failing to observe a law, agreement, or code of conduct	freetalk
cabin	ˈkæbən	A small, simple house, especially one made of wood	freetalk
cage	ˈkeɪdʒ	A structure of bars or wires in which birds or animals are confined	freetalk
chancellor	ˈtʃænsəlɝ	The head of a university	freetalk
cheers	ˈtʃɪɹz	A toast or salutation before drinking	freetalk
circles	ˈsɝkəlz	A round plane figure whose boundary consists of points equidistant from a fixed point	freetalk
closet	ˈklɑzət	A small room or cupboard used for storage	freetalk
combine	ˈkɑmbaɪn	To join or unite together	freetalk
companion	kəmˈpænjən	A person who accompanies or associates with another	freetalk
comparing	kəmˈpɛɹɪŋ	To examine the similarities and differences between two or more things	freetalk
consciousness	ˈkɑnʃəsnəs	The state of being aware of and able to think and perceive one's surroundings	freetalk
consultant	kənˈsʌltənt	A person who provides expert advice professionally	freetalk
controller	kənˈtɹoʊlɝ	A person or thing that controls or regulates	freetalk
corresponding	ˌkɔɹəˈspɑndɪŋ	Similar in character, form, or function	freetalk
courtesy	ˈkɝtəsi	Polite behavior	freetalk
damages	ˈdæmədʒəz	Harm or injury caused to a person or property	freetalk
demanding	dɪˈmændɪŋ	Requiring much skill or effort	freetalk
disc	ˈdɪsk	A flat, thin, circular object	freetalk
dishes	ˈdɪʃəz	A container, usually flat and round, used for serving food	freetalk
dozens	ˈdʌzənz	A group of twelve	freetalk
eagle	ˈiɡəl	A large bird of prey with a hooked beak and strong talons	freetalk
eaten	ˈitən	Consume food	freetalk
embassy	ˈɛmbəsi	A body of persons entrusted with a mission to a sovereign or government, especially an ambassador and his or her staff	freetalk
engaging	ɛnˈɡeɪdʒɪŋ	Charming or attractive	freetalk
fascinating	ˈfæsəˌneɪtɪŋ	Extremely interesting or captivating	freetalk
financing	fəˈnænsɪŋ	The act of providing funds for a project or business	freetalk
fitted	ˈfɪtəd	Made or shaped to fill a particular space or to cover a particular object	freetalk
flexible	ˈflɛksəbəl	Capable of bending easily without breaking	freetalk
gaining	ˈɡeɪnɪŋ	Obtain or secure (something desired or beneficial)	freetalk
gentlemen	ˈdʒɛntəlmɪn	A man of good social standing and behavior	freetalk
goodness	ˈɡʊdnəs	The quality of being morally good or virtuous	freetalk
guilt	ˈɡɪlt	The fact of having committed a specified or implied offense or crime	freetalk
haven	ˈheɪvən	A place of safety or refuge	freetalk
helicopter	ˈhɛlɪˌkɑptɝ	A type of aircraft that derives both lift and propulsion from one or more sets of horizontally revolving overhead rotors	freetalk
homework	ˈhoʊmˌwɝk	Schoolwork assigned to be done outside of class	freetalk
households	ˈhaʊsˌhoʊldz	A group of people living together in a single dwelling	freetalk
iconic	ˌaɪˈkɑnɪk	Relating to or characteristic of an icon	freetalk
infected	ˌɪnˈfɛktɪd	Contaminated with a disease-causing organism	freetalk
keen	ˈkin	Sharp or penetrating in character or quality	freetalk
lesser	ˈlɛsɝ	Smaller in size, amount, or importance than something else	freetalk
liberals	ˈlɪˌbɝəlz	Open to new behavior or opinions and willing to discard traditional values	freetalk
lip	ˈlɪp	Either of the two fleshy parts that form the upper and lower edges of the opening of the mouth	freetalk
mandatory	ˈmændəˌtɔɹi	Required by law or rules	freetalk
manufactured	ˌmænjəˈfæktʃɝd	Made or produced by human hands or machinery, especially on a large scale	freetalk
mechanics	məˈkænɪks	The branch of physics that deals with the action of forces on bodies	freetalk
mere	ˈmɪɹ	Used to emphasize how small or insignificant something is	freetalk
miracle	ˈmɪɹəkəl	An extraordinary event manifesting divine intervention in human affairs	freetalk
mud	ˈmʌd	Soft, wet earth	freetalk
murphy	ˈmɝfi	A potato	freetalk
observation	ˌɑbzɝˈveɪʃən	The action or process of observing something or someone carefully or in order to gain information	freetalk
operates	ˈɑpɝˌeɪts	Functioning or running	freetalk
owe	ˈoʊ	To be under obligation to pay or repay (money or something else) to someone in return for something received	freetalk
permitted	pɝˈmɪtɪd	Allowed	freetalk
phenomenon	fəˈnɑməˌnɑn	A fact or situation that is observed to exist or happen, especially one whose cause or explanation is in question	freetalk
playoff	ˈpleɪˌɔf	A series of games to determine a champion	freetalk
precise	pɹɪˈsaɪs	Clearly expressed or delineated; definite	freetalk
profession	pɹəˈfɛʃən	A paid occupation, especially one that involves prolonged training and a formal qualification	freetalk
prospect	ˈpɹɑspɛkt	The possibility or likelihood of something happening in the future	freetalk
protective	pɹəˈtɛktɪv	Having the function or purpose of protecting	freetalk
providers	pɹəˈvaɪdɝz	A person or company that supplies goods or services	freetalk
publisher	ˈpʌblɪʃɝ	A person or company that prepares and issues books, journals, or music for sale	freetalk
reportedly	ɹɪˈpɔɹtədli	According to report or rumor	freetalk
retreat	ɹiˈtɹit	Withdraw to a quiet or secluded place	freetalk
rookie	ˈɹʊki	A new recruit or member, especially a new member of a sports team	freetalk
sandwich	ˈsændwɪtʃ	A food consisting of two pieces of bread with a filling between them	freetalk
seeks	ˈsiks	Attempt to find or obtain	freetalk
sentences	ˈsɛntənsəz	A set of words that is complete in itself, typically containing a subject and predicate	freetalk
separation	ˌsɛpɝˈeɪʃən	The action of moving or being moved apart	freetalk
sexually	ˈsɛkʃuəli	In a manner relating to or involving sex	freetalk
ski	ˈski	A long, narrow piece of wood or metal used for gliding over snow	freetalk
skilled	ˈskɪld	Having or showing skill	freetalk
sterling	ˈstɝlɪŋ	British currency	freetalk
surgeon	ˈsɝdʒən	A doctor who performs surgery	freetalk
theft	ˈθɛft	The act of stealing; the wrongful taking and carrying away of the personal goods or property of another	freetalk
um	ˈʌm	Used to indicate hesitation or a pause in speech	freetalk
understands	ˌʌndɝˈstændz	Perceive the intended meaning of words or language	freetalk
valve	ˈvælv	A device for controlling the flow of a fluid or gas	freetalk
visa	ˈvizə	An endorsement on a passport indicating that the holder is allowed to enter, leave, or stay for a specified period of time in a country	freetalk
washing	ˈwɑʃɪŋ	The act of cleaning something with water and soap	freetalk
adjacent	əˈdʒeɪsənt	Next to or adjoining something else	freetalk
agreements	əˈɡɹimənts	A mutual understanding or arrangement between two or more parties	freetalk
appreciation	əˌpɹiʃiˈeɪʃən	Recognition and enjoyment of the good qualities of someone or something	freetalk
athletic	æθˈlɛtɪk	Physically strong, fit, and active	freetalk
authorized	ˈɔθɝˌaɪzd	Officially approved or permitted	freetalk
banner	ˈbænɝ	A long strip of cloth bearing a slogan or design, carried in a demonstration or procession	freetalk
blew	ˈblu	Past tense of blow	freetalk
blocking	ˈblɑkɪŋ	The action of obstructing or impeding something	freetalk
brad	ˈbɹæd	A small, slender wire nail with a small, sharp head	freetalk
charm	ˈtʃɑɹm	The power or quality of pleasing or delighting	freetalk
chasing	ˈtʃeɪsɪŋ	Pursuing or following someone or something in order to catch or capture them	freetalk
climbing	ˈklaɪmɪŋ	Moving upward, especially by using the hands and feet to ascend a steep incline	freetalk
colony	ˈkɑləni	A group of people who settle in a new country or area	freetalk
complaining	kəmˈpleɪnɪŋ	Expressing dissatisfaction or annoyance	freetalk
cookies	ˈkʊkiz	A small sweet baked food typically containing flour, sugar, and eggs	freetalk
cruel	ˈkɹuəl	Willfully causing pain or suffering to others	freetalk
curriculum	kɝˈɪkjələm	The subjects comprising a course of study in a school or college	freetalk
deadline	ˈdɛdˌlaɪn	A time or date by which something must be done or completed	freetalk
deer	ˈdɪɹ	A hoofed mammal of the family Cervidae, typically with antlers and a brown coat	freetalk
delta	ˈdɛltə	A triangular tract of sediment deposited at the mouth of a river	freetalk
demanded	dɪˈmændəd	To ask for with authority	freetalk
dive	ˈdaɪv	Plunge headfirst into water	freetalk
divide	dɪˈvaɪd	Separate or split into parts	freetalk
easter	ˈistɝ	A Christian festival celebrating the resurrection of Jesus Christ	freetalk
electoral	ɪˈlɛktɝəl	relating to elections or the process of voting	freetalk
eleven	ɪˈlɛvən	The number that is one more than ten	freetalk
entity	ˈɛntəti	A thing with distinct and independent existence	freetalk
excessive	ɪkˈsɛsɪv	More than is necessary, normal, or desirable	freetalk
exercises	ˈɛksɝˌsaɪzəz	Physical activities done to improve health or strength	freetalk
feminist	ˈfɛmənɪst	A person who supports the belief in the social, political, and economic equality of the sexes	freetalk
governing	ˈɡʌvɝnɪŋ	To control or direct the actions or behavior of (verb)	freetalk
ham	ˈhæm	The thigh of a hog, salted, and smoked	freetalk
interface	ˈɪntɝˌfeɪs	A point where two systems, subjects, organizations, etc., meet and interact	freetalk
ios	ˈioʊs	A mobile operating system developed by Apple Inc	freetalk
jewelry	ˈdʒuəlɹi	Personal ornaments, such as rings, necklaces, or bracelets, that are typically made from precious metals and gemstones	freetalk
journalism	ˈdʒɝnəˌlɪzəm	The activity or profession of writing for newspapers, magazines, or news websites	freetalk
jungle	ˈdʒʌŋɡəl	An area of land overgrown with dense forest and tangled vegetation, typically in a tropical climate	freetalk
linear	ˈlɪniɝ	Arranged in or extending along a straight or nearly straight line	freetalk
occasional	əˈkeɪʒənəl	Occurring or appearing at irregular or infrequent intervals	freetalk
oriented	ˈɔɹiˌɛntəd	Align or position towards a specified direction	freetalk
pilots	ˈpaɪləts	A person who operates an aircraft	freetalk
prayers	ˈpɹɛɹz	A solemn request for help or expression of thanks addressed to God or another deity	freetalk
predicted	pɹɪˈdɪktɪd	Stated or estimated as likely to happen in the future	freetalk
pressed	ˈpɹɛst	Squeezed or compacted together	freetalk
preventing	pɹɪˈvɛntɪŋ	To stop something from happening	freetalk
provisions	pɹəˈvɪʒənz	The action of providing or supplying something	freetalk
pursuit	pɝˈsut	The act of pursuing or chasing after something	freetalk
rap	ˈɹæp	A quick, sharp knock or blow	freetalk
reflected	ɹɪˈflɛktɪd	To throw back light, heat, or sound without absorbing it	freetalk
reminder	ɹiˈmaɪndɝ	A thing that causes someone to remember something	freetalk
restored	ɹɪˈstɔɹd	To bring back to a former or original condition	freetalk
resume	ɹɪˈzum	Begin again after a pause or interruption	freetalk
rev	ˈɹɛv	Increase in speed or activity	freetalk
ridge	ˈɹɪdʒ	A long, narrow elevation of land	freetalk
scholars	ˈskɑlɝz	A learned or erudite person, especially one who has profound knowledge in a particular subject	freetalk
sealed	ˈsild	Closed or secured with a seal	freetalk
sounded	ˈsaʊndɪd	To give forth or emit a sound	freetalk
sri	ˈʃɹi	A title of respect for a Hindu spiritual leader or teacher	freetalk
streams	ˈstɹimz	A small, narrow river	freetalk
strongest	ˈstɹɔŋɡəst	Having great physical power or strength	freetalk
tends	ˈtɛndz	To be disposed or inclined	freetalk
tribe	ˈtɹaɪb	A social division in a traditional society consisting of families or communities linked by social, economic, religious, or blood ties	freetalk
unfortunate	ənˈfɔɹtʃənət	Not favored by fortune; unsuccessful; unlucky	freetalk
variable	ˈvɛɹiəbəl	Able or likely to change or be changed	freetalk
worrying	ˈwɝiɪŋ	Causing anxiety or concern	freetalk
xi	ˈʃi	The 14th letter of the Greek alphabet	freetalk
zones	ˈzoʊnz	An area or region with distinct characteristics or purposes	freetalk
ace	ˈeɪs	A playing card with a single spot	freetalk
adjusted	əˈdʒʌstɪd	Altered or changed to fit a particular purpose or situation	freetalk
alternate	ˈɔltɝnət	Occurring in turn; succeeding each other in a regular sequence	freetalk
arrives	ɝˈaɪvz	Reach a destination	freetalk
artwork	ˈɑɹˌtwɝk	A piece of art, such as a painting or sculpture	freetalk
athlete	ˈæθˌlit	A person trained or skilled in exercises, sports, or games requiring physical strength, agility, or stamina	freetalk
attraction	əˈtɹækʃən	The action or power of evoking interest, pleasure, or liking	freetalk
babe	ˈbeɪb	A very young child	freetalk
bankruptcy	ˈbæŋkɹəpsi	The state of being completely lacking in a particular quality or value	freetalk
canon	ˈkænən	A general law, rule, principle, or criterion by which something is judged	freetalk
capabilities	ˌkeɪpəˈbɪlətiz	The power or ability to do something	freetalk
cared	ˈkɛɹd	felt concern or interest	freetalk
chains	ˈtʃeɪnz	A series of connected links or rings used for fastening or securing objects	freetalk
closure	ˈkloʊʒɝ	The act of closing or shutting something	freetalk
cognitive	ˈkɑɡnɪtɪv	Relating to the process of knowing, including awareness, perception, reasoning, and judgment	freetalk
competitors	kəmˈpɛtətɝz	A person or group that competes against others	freetalk
convert	ˈkɑnvɝt	Change or turn into something different	freetalk
cooked	ˈkʊkt	Prepared food by heating	freetalk
cups	ˈkʌps	A small open container used for drinking	freetalk
deciding	ˌdɪˈsaɪdɪŋ	To make a choice or come to a conclusion	freetalk
defender	dɪˈfɛndɝ	A person who defends someone or something	freetalk
dental	ˈdɛntəl	relating to teeth or dentistry	freetalk
diplomatic	ˌdɪpləˈmætɪk	Of or relating to diplomacy	freetalk
divisions	dɪˈvɪʒənz	The action of separating something into parts or groups	freetalk
drum	ˈdɹʌm	A cylindrical container or receptacle, especially one used for storing liquids	freetalk
editorial	ˌɛdəˈtɔɹiəl	An article in a newspaper or magazine expressing the opinion of the editor or publisher	freetalk
enabled	ɛˈneɪbəld	To make possible or easy	freetalk
entertaining	ˌɛntɝˈteɪnɪŋ	Providing amusement or enjoyment	freetalk
est	ˈɛst	superlative form of the adjective 'good'	freetalk
establishing	ɪˈstæblɪʃɪŋ	Set up or found	freetalk
eternal	ɪˈtɝnəl	Lasting or existing forever; without end	freetalk
freeze	ˈfɹiz	(verb) to become hardened into ice or into a solid body	freetalk
generic	dʒəˈnɛɹɪk	Characteristic of or relating to a class or group of things; not specific	freetalk
grandma	ˈɡɹændmɑ	The mother of one's parent	freetalk
grip	ˈɡɹɪp	To hold tightly	freetalk
handful	ˈhændˌfʊl	The amount that a hand can hold or grasp	freetalk
happily	ˈhæpəli	In a happy manner	freetalk
harmony	ˈhɑɹməni	Agreement in action, opinion, feeling, etc.; accord	freetalk
hmm	hm	Used to express hesitation or uncertainty	freetalk
humble	ˈhʌmbəl	Having or showing a modest or low estimate of one's own importance	freetalk
hurting	ˈhɝtɪŋ	To cause physical pain or injury to someone or something	freetalk
hybrid	ˈhaɪbɹəd	A thing made by combining two different elements	freetalk
intentions	ˌɪnˈtɛntʃənz	A determination to act in a certain way	freetalk
investing	ˌɪnˈvɛstɪŋ	Expend money with the expectation of achieving a profit or material result	freetalk
keyboard	ˈkiˌbɔɹd	A set of keys on a musical instrument	freetalk
lasting	ˈlæstɪŋ	Enduring for a long time	freetalk
locally	ˈloʊkəli	In a particular area or neighborhood	freetalk
loses	ˈluzəz	To be deprived of or cease to have possession of something	freetalk
mild	ˈmaɪld	Not severe or harsh in nature	freetalk
minimal	ˈmɪnəməl	Of a minimum amount, quantity, or degree	freetalk
mixing	ˈmɪksɪŋ	Combine (different substances) to form a single substance	freetalk
molecular	məˈlɛkjəlɝ	Relating to or consisting of molecules	freetalk
nearest	ˈnɪɹəst	Closest in space or time	freetalk
neighbor	ˈneɪbɝ	a person living near or next door to the speaker or person referred to	freetalk
noon	ˈnun	The middle of the day; 12 o'clock in the daytime	freetalk
nowadays	ˈnaʊəˌdeɪz	At the present time	freetalk
openly	ˈoʊpənli	In a way that is not hidden or secret	freetalk
overview	ˈoʊvɝˌvju	A general summary or survey of a subject	freetalk
pairs	ˈpɛɹz	Two corresponding things designed for use together	freetalk
parish	ˈpæɹɪʃ	An administrative district typically having its own church and a priest or pastor	freetalk
pathetic	pəˈθɛtɪk	Arousing pity, especially through vulnerability or sadness	freetalk
poems	ˈpoʊəmz	A composition in verse	freetalk
possibilities	ˌpɑsəˈbɪlətiz	The state or fact of being possible	freetalk
potato	pəˈteɪˌtoʊ	A starchy plant tuber that is one of the most important food crops, cooked and eaten as a vegetable	freetalk
potter	ˈpɑtɝ	A vessel for boiling or cooking food	freetalk
preference	ˈpɹɛfɝəns	A greater liking for one alternative over another or others	freetalk
promising	ˈpɹɑməsɪŋ	Showing potential for success or excellence	freetalk
proportion	pɹəˈpɔɹʃən	A part, share, or number considered in comparative relation to a whole	freetalk
purchases	ˈpɝtʃəsəz	The act of buying goods or services	freetalk
rage	ˈɹeɪdʒ	Violent, uncontrollable anger	freetalk
reflects	ɹɪˈflɛkts	To throw back light, heat, or sound without absorbing it	freetalk
respected	ɹɪˈspɛktɪd	Admired for qualities or achievements	freetalk
restoration	ˌɹɛstɝˈeɪʃən	The action of returning something to a former condition	freetalk
selfish	ˈsɛlfɪʃ	Concerned chiefly or only with oneself	freetalk
sergeant	ˈsɑɹdʒənt	A noncommissioned officer in the army or air force	freetalk
silk	ˈsɪlk	A fabric made from this fiber	freetalk
stamp	ˈstæmp	A small piece of paper with a design on it that is stuck onto a letter or package before it is posted	freetalk
throne	ˈθɹoʊn	A ceremonial chair for a monarch	freetalk
thy	ˈðaɪ	belonging to or associated with the person being spoken to	freetalk
urge	ˈɝdʒ	To try to persuade or convince someone to do something	freetalk
voter	ˈvoʊtɝ	A person who votes in an election	freetalk
warner	ˈwɔɹnɝ	A person who warns or advises	freetalk
wasting	ˈweɪstɪŋ	To use or expend carelessly or extravagantly	freetalk
witch	ˈwɪtʃ	A woman thought to have magic powers, especially evil ones	freetalk
advantages	ædˈvæntɪdʒɪz	A condition or circumstance that puts one in a favorable or superior position	freetalk
ally	ˈælaɪ	A person or group that is united with another for a common purpose	freetalk
archives	ˈɑɹˌkaɪvz	A collection of historical documents or records	freetalk
array	ɝˈeɪ	An impressive display or range of a particular type of thing	freetalk
assisted	əˈsɪstɪd	Helped or aided in doing something	freetalk
backs	ˈbæks	The rear surface of the human body from the shoulders to the hips	freetalk
belly	ˈbɛli	The front part of the human body below the chest, containing the stomach and bowels	freetalk
booth	ˈbuθ	A small temporary structure for selling goods or providing services	freetalk
breakdown	ˈbɹeɪkˌdaʊn	A failure of a relationship or system	freetalk
bridges	ˈbɹɪdʒəz	A structure carrying a road, path, railroad, or canal across a river, ravine, road, railroad, or other obstacle	freetalk
brutal	ˈbɹutəl	Savagely violent or cruel	freetalk
calculated	ˈkælkjəˌleɪtɪd	Carefully thought out or planned	freetalk
cam	ˈkæm	A rotating or sliding piece in a mechanical linkage used especially in transforming rotary motion into linear motion or vice versa	freetalk
centres	ˈsɛntɝz	Plural of center	freetalk
chapters	ˈtʃæptɝz	One of the main divisions of a book, typically with a number or title	freetalk
citizenship	ˈsɪtɪzənˌʃɪp	The status of being a citizen	freetalk
civilians	səˈvɪljənz	A person not in the armed services or the police force	freetalk
cliff	ˈklɪf	A steep rock face, especially at the edge of the sea	freetalk
conflicts	kənˈflɪkts	A serious disagreement or argument	freetalk
consensus	kənˈsɛnsəs	General agreement among a group	freetalk
cycling	ˈsaɪkəlɪŋ	The act or sport of riding or traveling on a bicycle	freetalk
declaration	ˌdɛklɝˈeɪʃən	The act of making a formal or explicit statement	freetalk
derby	ˈdɝbi	A horse race for three-year-old horses	freetalk
distinction	dɪˈstɪŋkʃən	A difference or contrast between similar things or people	freetalk
donations	doʊˈneɪʃənz	Something that is given to a charity or organization	freetalk
draws	ˈdɹɔz	To produce a picture or diagram by making lines and marks on paper	freetalk
examined	ɪɡˈzæmənd	To inspect or scrutinize closely	freetalk
facial	ˈfeɪʃəl	Of or relating to the face	freetalk
faithful	ˈfeɪθfəl	Loyal, constant, and steadfast in affection or allegiance	freetalk
fatal	ˈfeɪtəl	Causing or capable of causing death	freetalk
fig	ˈfɪɡ	A sweet, pear-shaped fruit with many small seeds	freetalk
fitting	ˈfɪtɪŋ	Suitable or appropriate for a particular purpose or situation	freetalk
genuinely	ˈdʒɛnjəwənli	In a sincere and honest manner	freetalk
hardest	ˈhɑɹdəst	Most difficult	freetalk
holland	ˈhɑlənd	A region and former province on the western coast of the Netherlands	freetalk
honored	ˈɑnɝd	Regarded with great respect or admiration	freetalk
hunger	ˈhʌŋɡɝ	A strong desire or craving for food	freetalk
hurricane	ˈhɝəˌkeɪn	A violent storm with strong winds and heavy rain	freetalk
implications	ˌɪmpləˈkeɪʃənz	The conclusion that can be drawn from something	freetalk
import	ˌɪmˈpɔɹt	Bring (goods or services) into a country from abroad for sale	freetalk
innovative	ˈɪnəˌveɪtɪv	Introducing or using new ideas or methods	freetalk
jurisdiction	ˌdʒʊɹəsˈdɪkʃən	The power, right, or authority to interpret and apply the law	freetalk
laughter	ˈlæftɝ	The action or sound of laughing	freetalk
lemon	ˈlɛmən	A yellow citrus fruit with a sour taste	freetalk
les	ˈlɛs	Not as much as	freetalk
lifted	ˈlɪftəd	To raise or elevate to a higher position	freetalk
loading	ˈloʊdɪŋ	The act of placing a load or cargo on a vehicle or ship	freetalk
lung	ˈlʌŋ	Either of the two organs in the chest that you use for breathing	freetalk
matching	ˈmætʃɪŋ	Corresponding in pattern, color, or design	freetalk
mighty	ˈmaɪti	Having great power or strength	freetalk
monetary	ˈmɑnəˌtɛɹi	Relating to money or currency	freetalk
novels	ˈnɑvəlz	A long fictional narrative in prose	freetalk
nutrition	nuˈtɹɪʃən	The process of providing or obtaining the food necessary for health and growth	freetalk
ore	ˈɔɹ	A metal-bearing mineral or rock	freetalk
os	ˈɑs	Bone	freetalk
outcomes	ˈaʊtˌkʌmz	A final result or consequence	freetalk
outta	ˈutə	Out of	freetalk
pine	ˈpaɪn	An evergreen coniferous tree that bears cones and has needle-like leaves	freetalk
polls	ˈpoʊlz	A sampling or collection of opinions or votes from a group of people	freetalk
poorly	ˈpuɹli	In a manner lacking skill or ability	freetalk
pose	ˈpoʊz	To assume a particular attitude or position for a specific purpose	freetalk
pour	ˈpɔɹ	To cause (a liquid) to flow in a steady stream	freetalk
provider	pɹəˈvaɪdɝ	One that provides	freetalk
publish	ˈpʌblɪʃ	Prepare and issue for public distribution or sale	freetalk
purely	ˈpjʊɹli	Solely or entirely	freetalk
ralph	ˈɹælf	To vomit	freetalk
rental	ˈɹɛntəl	The act of renting or leasing property	freetalk
resolved	ɹiˈzɑlvd	Firm in purpose or intent; determined	freetalk
rewards	ɹɪˈwɔɹdz	Something given in return for good behavior or achievement	freetalk
sang	ˈsæŋ	past tense of sing	freetalk
seemingly	ˈsimɪŋli	Appearing to be true or real, but not necessarily so	freetalk
senators	ˈsɛnətɝz	A member of a senate	freetalk
severely	səˈvɪɹli	In a very serious or harsh manner	freetalk
shark	ˈʃɑɹk	A large predatory fish with sharp teeth and a streamlined body	freetalk
shocking	ˈʃɑkɪŋ	Causing intense surprise, disgust, or horror	freetalk
southwest	ˌsaʊˈθwɛst	The direction halfway between south and west	freetalk
studios	ˈstudiˌoʊz	A room or building where an artist, photographer, or musician works	freetalk
survivors	sɝˈvaɪvɝz	A person who continues to live after an event in which others have died	freetalk
tales	ˈteɪlz	A narrative that relates details or facts	freetalk
technically	ˈtɛknɪkəli	According to the facts or exact meaning of something	freetalk
titled	ˈtaɪtəld	Having a title or name	freetalk
traditions	tɹəˈdɪʃənz	The transmission of customs or beliefs from generation to generation	freetalk
unlimited	ənˈlɪmətɪd	Not limited; unrestricted	freetalk
washed	ˈwɑʃt	To clean with water and usually soap or detergent	freetalk
watches	ˈwɑtʃəz	To look at or observe attentively over a period of time	freetalk
advise	ædˈvaɪz	Offer suggestions or recommendations	freetalk
anxious	ˈæŋkʃəs	Experiencing worry or unease about something with an uncertain outcome	freetalk
appearances	əˈpɪɹənsəz	The way that someone or something looks to other people	freetalk
bee	ˈbi	A flying insect that collects nectar and pollen to make honey	freetalk
bombing	ˈbɑmɪŋ	The act of dropping explosives from an aircraft	freetalk
cafe	kəˈfeɪ	A small restaurant serving light meals and drinks	freetalk
challenged	ˈtʃæləndʒd	To question the truth or validity of something	freetalk
cigarettes	ˌsɪɡɝˈɛts	A cylindrical roll of finely cut tobacco cured for smoking	freetalk
colin	ˈkoʊlɪn	A male given name	freetalk
consisting	kənˈsɪstɪŋ	To be made up or composed of	freetalk
cult	ˈkʌlt	A system of religious veneration and devotion directed towards a particular figure or object	freetalk
dairy	ˈdɛɹi	A building or room where milk and cream are kept and butter and cheese are made	freetalk
darling	ˈdɑɹlɪŋ	A person who is dearly loved or cherished	freetalk
delighted	dɪˈlaɪtəd	Feeling or showing great pleasure or satisfaction	freetalk
delivering	dɪˈlɪvɝɪŋ	To bring or transport something to a destination	freetalk
destroying	dɪˈstɹɔɪɪŋ	To cause great damage or harm to something	freetalk
diary	ˈdaɪɝi	A book in which one keeps a daily record of events, experiences, and thoughts	freetalk
disagree	dɪsəˈɡɹi	Have a different opinion	freetalk
disappear	ˌdɪsəˈpɪɹ	Cease to be visible	freetalk
drill	ˈdɹɪl	A tool with a rotating cutting tip for making holes in hard substances	freetalk
earliest	ˈɝliəst	Happening or existing before others in time or order	freetalk
edges	ˈɛdʒəz	The outside limit of an object, area, or surface	freetalk
entries	ˈɛntɹiz	The act of entering	freetalk
evolved	ɪˈvɑlvd	Develop gradually	freetalk
exports	ˈɛkspɔɹts	Goods or services sent to another country for sale	freetalk
fixing	ˈfɪksɪŋ	The act of repairing or making something right	freetalk
flags	ˈflæɡz	A symbol or emblem of a particular country, state, institution, or organization	freetalk
flies	ˈflaɪz	(verb) moves through the air using wings	freetalk
forecast	ˈfɔɹˌkæst	Predict or estimate (a future event or trend)	freetalk
governance	ˈɡʌvɝnəns	The action or manner of governing a state, organization, or group	freetalk
heated	ˈhitəd	Made hot or warm	freetalk
hug	ˈhʌɡ	To embrace someone or something tightly with one's arms	freetalk
importantly	ˌɪmˈpɔɹtəntli	In a way that is significant or of great importance	freetalk
indicating	ˈɪndəˌkeɪtɪŋ	Pointing out or showing something	freetalk
indoor	ˈɪnˌdɔɹ	Situated, conducted, or used within a building or under cover	freetalk
influential	ˌɪnfluˈɛnʃəl	Having the power to affect someone or something	freetalk
intend	ˌɪnˈtɛnd	Have in mind as a purpose	freetalk
invisible	ˌɪnˈvɪzəbəl	Unable to be seen; not visible	freetalk
jeans	ˈdʒinz	A type of pants made of denim fabric	freetalk
jets	ˈdʒɛts	A rapid stream of liquid or gas forced out of a small opening	freetalk
lasted	ˈlæstəd	To continue in existence or operation for a specified time	freetalk
lawsuit	ˈlɔˌsut	A legal action started by a person or organization against another person or organization	freetalk
leak	ˈlik	(verb) To allow liquid or gas to escape through a hole or crack	freetalk
lighter	ˈlaɪtɝ	A device used to produce a flame for lighting cigarettes or fires	freetalk
mentions	ˈmɛnʃənz	Refer to something briefly or casually	freetalk
meter	ˈmitɝ	A unit of length equal to 100 centimeters	freetalk
mice	ˈmaɪs	Plural of mouse	freetalk
musicians	mjuˈzɪʃənz	A person who plays a musical instrument	freetalk
olive	ˈɑləv	A small oval fruit with a hard pit and bitter flesh	freetalk
passionate	ˈpæʃənət	Showing or expressing strong emotions or beliefs	freetalk
potatoes	pəˈteɪtoʊz	A starchy plant tuber that is one of the most important food crops, cooked and eaten as a vegetable	freetalk
prevented	pɹɪˈvɛntɪd	To stop something from happening	freetalk
receiver	ɹəˈsivɝ	A person who receives something	freetalk
recommendation	ˌɹɛkəmənˈdeɪʃən	A suggestion or proposal for someone to consider	freetalk
riot	ˈɹaɪət	A violent disturbance of the peace by a crowd	freetalk
rogers	ˈɹɑdʒɝz	To annoy or bother someone	freetalk
roster	ˈɹɑstɝ	A list or plan showing the order in which a group of people will take turns to perform a particular job	freetalk
safer	ˈseɪfɝ	Free from danger or harm	freetalk
sells	ˈsɛlz	To exchange for money	freetalk
sentenced	ˈsɛntənst	To declare the punishment decided for a crime	freetalk
servant	ˈsɝvənt	A person who performs duties for others, especially a domestic worker	freetalk
setup	ˈsɛˌtʌp	The way in which something is arranged or organized	freetalk
should've	ˈʃʊdəv	Short for 'should have'	shadowline
skull	ˈskʌl	The bony framework of the head, enclosing the brain and supporting the face	freetalk
slot	ˈslɑt	A narrow opening or groove	freetalk
smash	ˈsmæʃ	Break violently into pieces	freetalk
statue	ˈstæˌtʃu	A representation of a person or animal in a three-dimensional form, typically made of a durable material	freetalk
surprisingly	sɝˈpɹaɪzɪŋli	In a way that causes surprise or astonishment	freetalk
surrender	sɝˈɛndɝ	To give up or hand over control or possession	freetalk
suspicious	səˈspɪʃəs	Having or showing a cautious distrust of someone or something	freetalk
team's	ˈtimz	Belonging to or relating to team	shadowline
teenager	ˈtiˌneɪdʒɝ	A person aged between 13 and 19 years old	freetalk
tender	ˈtɛndɝ	Showing gentleness or kindness	freetalk
thoroughly	ˈθɝoʊli	In a thorough manner; completely or entirely	freetalk
treatments	ˈtɹitmənts	The manner in which someone behaves towards or deals with someone or something	freetalk
tweeted	ˈtwitɪd	To post a message on Twitter	freetalk
vacuum	ˈvækjum	A space entirely devoid of matter	freetalk
variations	ˌvɛɹiˈeɪʃənz	A different form or version of something	freetalk
where's	ˈwɛɹz	Short for 'where is' or 'where has'	shadowline
wont	ˈwoʊnt	Accustomed or used to	freetalk
acknowledged	ækˈnɑlɪdʒd	Recognized or accepted as true or valid	freetalk
advances	ədˈvænsəz	To move forward in a purposeful way	freetalk
agrees	əˈɡɹiz	To have the same opinion or be in harmony	freetalk
allegations	ˌæləˈɡeɪʃənz	A claim or assertion that someone has done something wrong or illegal	freetalk
anticipated	ænˈtɪsəˌpeɪtɪd	Regarded as probable or likely to happen	freetalk
approve	əˈpɹuv	To officially agree to or accept something	freetalk
architect	ˈɑɹkəˌtɛkt	A person who designs buildings and advises in their construction	freetalk
basin	ˈbeɪsən	A wide, round, open container with a flat bottom used for holding liquids	freetalk
beneficial	ˌbɛnəˈfɪʃəl	Favorable or advantageous	freetalk
bleeding	ˈblidɪŋ	(verb) to lose blood	freetalk
breed	ˈbɹid	A group of animals or plants with similar characteristics that can produce offspring	freetalk
breeding	ˈbɹidɪŋ	The producing of offspring	freetalk
bride	ˈbɹaɪd	A woman who is about to be married or has recently been married	freetalk
broadway	ˈbɹɔˌdweɪ	A wide street in New York City known for its theaters and entertainment venues	freetalk
bud	ˈbʌd	A small swelling on a plant that will grow into a leaf, flower, or shoot	freetalk
butler	ˈbʌtlɝ	A male servant in a large household, typically responsible for serving food and drinks	freetalk
careers	kɝˈɪɹz	An occupation undertaken for a significant period of a person's life and with opportunities for progress	freetalk
cartoon	kɑɹˈtun	A humorous drawing, often with a caption, typically in a newspaper or magazine	freetalk
celebrities	səˈlɛbɹɪtiz	A famous person	freetalk
chick	ˈtʃɪk	A young woman	freetalk
coke	ˈkoʊk	A solid fuel made by heating coal in the absence of air	freetalk
comparable	ˈkɑmpɝəbəl	Similar in quality or nature	freetalk
confirmation	ˌkɑnfɝˈmeɪʃən	The action of confirming or the state of being confirmed	freetalk
console	ˈkɑnsoʊl	To comfort someone in a time of grief or disappointment	freetalk
contractor	ˈkɑnˌtɹæktɝ	A person or company that undertakes a contract to provide materials or labor for a project	freetalk
contributing	kənˈtɹɪbjutɪŋ	To give (money or help) in order to achieve or provide something together with other people	freetalk
diameter	daɪˈæmətɝ	A straight line passing from side to side through the center of a circle or sphere	freetalk
dump	ˈdʌmp	A place where waste is discarded	freetalk
duo	ˈduoʊ	A pair of people or things	freetalk
dynamics	daɪˈnæmɪks	The forces or properties that stimulate growth, development, or change	freetalk
elephant	ˈɛləfənt	A large mammal with a long trunk, large ears, and tusks	freetalk
enhanced	ɛnˈhænst	Intensified or improved in quality	freetalk
essays	ɛˈseɪz	A short piece of writing on a particular subject	freetalk
exhausted	ɪɡˈzɔstɪd	Drained of strength or energy	freetalk
fabric	ˈfæbɹɪk	Cloth or material produced by weaving or knitting fibers	freetalk
fabulous	ˈfæbjələs	Extremely pleasing or successful	freetalk
fairy	ˈfɛɹi	A small, imaginary being with magical powers	freetalk
fathers	ˈfɑðɝz	A male parent	freetalk
focuses	ˈfoʊkəsɪz	(verb) to concentrate or direct one's attention or effort	freetalk
fold	ˈfoʊld	To bend or crease something	freetalk
freak	ˈfɹik	A person, animal, or plant with an unusual physical abnormality	freetalk
frustrated	ˈfɹʌˌstɹeɪtəd	Feeling or expressing distress and annoyance, especially because of inability to change or achieve something	freetalk
gambling	ˈɡæmbəlɪŋ	Play games of chance for money or other stakes	freetalk
gently	ˈdʒɛntli	In a mild or kind manner	freetalk
glorious	ˈɡlɔɹiəs	Having, worthy of, or bringing fame or admiration	freetalk
grief	ˈɡɹif	Deep sorrow, especially caused by someone's death	freetalk
historically	hɪˈstɔɹɪkəli	In a way that relates to the past	freetalk
hub	ˈhʌb	The central part of a wheel, fan, or propeller	freetalk
inevitable	ˌɪˈnɛvətəbəl	Certain to happen; unavoidable	freetalk
investigating	ˌɪnˈvɛstəˌɡeɪtɪŋ	Carry out a systematic or formal inquiry to discover and examine the facts of (an incident, allegation, etc.) so as to establish the truth	freetalk
labels	ˈleɪbəlz	A small piece of paper, fabric, plastic, or similar material attached to an object and giving information about it	freetalk
lacking	ˈlækɪŋ	Not having something that is needed or expected	freetalk
laughs	ˈlæfs	To show or feel amusement or good humor	freetalk
layout	ˈleɪˌaʊt	The way in which something is arranged or organized	freetalk
lined	ˈlaɪnd	Marked or covered with a line or lines	freetalk
lodge	ˈlɑdʒ	A local chapter or branch of a society or organization	freetalk
lords	ˈlɔɹdz	A person who has authority, control, or power over others	freetalk
merchant	ˈmɝtʃənt	A person or company involved in buying and selling goods for profit	freetalk
merit	ˈmɛɹət	The quality of being particularly good or worthy, especially so as to deserve praise or reward	freetalk
micro	ˈmaɪˌkɹoʊ	Very small	freetalk
myth	ˈmɪθ	A traditional story, especially one concerning the early history of a people or explaining some natural or social phenomenon	freetalk
objectives	əbˈdʒɛktɪvz	Something that one's efforts or actions are intended to attain or accomplish	freetalk
obsessed	əbˈsɛst	Preoccupy or fill the mind of (someone) continually, intrusively, and to a troubling extent	freetalk
overwhelming	ˌoʊvɝˈwɛlmɪŋ	Very great in amount or intensity	freetalk
pale	ˈpeɪl	Light in color	freetalk
particles	ˈpɑɹtəkəlz	A very small piece or part	freetalk
pastor	ˈpæstɝ	A minister in charge of a Christian church or congregation	freetalk
penalties	ˈpɛnəltiz	A punishment imposed for breaking a law, rule, or contract	freetalk
permanently	ˈpɝmənəntli	In a way that lasts or remains unchanged indefinitely	freetalk
pets	ˈpɛts	An animal kept for companionship or amusement	freetalk
pockets	ˈpɑkəts	A small bag or pouch sewn into or on clothing for carrying small articles	freetalk
poison	ˈpɔɪzən	A substance that is capable of causing illness or death when ingested, inhaled, or absorbed	freetalk
predict	pɹɪˈdɪkt	Say or estimate that (a specified thing) will happen in the future or will be a consequence of something	freetalk
presenting	pɹɪˈzɛntɪŋ	To show or offer something for others to see or consider	freetalk
presidents	ˈpɹɛzəˌdɛnts	The elected head of a republic or country	freetalk
pressing	ˈpɹɛsɪŋ	Requiring immediate attention or action	freetalk
prints	ˈpɹɪnts	A mark or impression made by a stamp, seal, or hand	freetalk
provincial	pɹəˈvɪnʃəl	Of or concerning a province	freetalk
raped	ˈɹeɪpt	To force someone to have sexual intercourse against their will	freetalk
realised	ˈɹiəˌlaɪzd	Become fully aware of (something) as a fact; understand clearly	freetalk
rebel	ˈɹɛbəl	A person who resists or defies authority, control, or tradition	freetalk
repairs	ɹɪˈpɛɹz	The act of fixing or restoring something to good working condition	freetalk
rotation	ɹoʊˈteɪʃən	The action of rotating around an axis	freetalk
separately	ˈsɛpɝətli	In a way that is not connected or attached to anything else	freetalk
shaking	ˈʃeɪkɪŋ	To move back and forth or up and down with short, quick movements	freetalk
shaw	ˈʃɔ	A small wood or thicket of trees	freetalk
societies	səˈsaɪətiz	A group of people living together in an organized community	freetalk
solved	ˈsɑlvd	Find an answer to, explanation for, or means of effectively dealing with (a problem or mystery)	freetalk
starring	ˈstɑɹɪŋ	To have a leading role in a movie or play	freetalk
struggles	ˈstɹʌɡəlz	Make forceful or violent efforts to get free of restraint or constriction	freetalk
subtle	ˈsʌtəl	Not immediately obvious or noticeable	freetalk
tastes	ˈteɪsts	The sensation of flavor perceived in the mouth when eating	freetalk
throws	ˈθɹoʊz	To propel or cast in any way	freetalk
toll	ˈtoʊl	A charge or fee for a service, especially for use of a road or bridge	freetalk
tooth	ˈtuθ	One of a set of hard, bonelike structures in the mouth used for biting and chewing food	freetalk
torn	ˈtɔɹn	past participle of tear	freetalk
tragic	ˈtɹædʒɪk	Causing or characterized by extreme distress or sorrow	freetalk
trainer	ˈtɹeɪnɝ	A person who trains or teaches others	freetalk
transformed	tɹænsˈfɔɹmd	To change in form, appearance, or structure	freetalk
unbelievable	ˌʌnbəˈlivəbəl	Not able to be believed	freetalk
underneath	ˌʌndɝˈniθ	Below or beneath something else	freetalk
variation	ˌvɛɹiˈeɪʃən	A change or difference in condition, amount, or level	freetalk
viewing	ˈvjuɪŋ	The act of looking at something	freetalk
viral	ˈvaɪɹəl	relating to or involving an image, video, piece of information, etc., that is circulated rapidly and widely on the internet	freetalk
warehouse	ˈwɛɹˌhaʊs	A large building where goods are stored for distribution	freetalk
wears	ˈwɛɹz	To have on one's body as clothing	freetalk
widow	ˈwɪdoʊ	A woman who has lost her spouse by death	freetalk
wives	ˈwaɪvz	The married woman in a relationship with a man	freetalk
adjust	əˈdʒʌst	To change or move something slightly to make it more suitable or effective	freetalk
administrator	ədˈmɪnəˌstɹeɪtɝ	A person who manages or directs a business or organization	freetalk
affecting	əˈfɛktɪŋ	To have an influence on or make a difference to	freetalk
allied	əˈlaɪd	Joined by treaty or agreement	freetalk
altogether	ˌɔltəˈɡɛðɝ	Completely; entirely	freetalk
animated	ˈænəˌmeɪtɪd	Full of life or excitement	freetalk
answering	ˈænsɝɪŋ	Present participle of answer	freetalk
assess	əˈsɛs	To evaluate or estimate the nature, ability, or quality of something	freetalk
assumption	əˈsʌmpʃən	A thing that is accepted as true or as certain to happen, without proof	freetalk
assured	əˈʃʊɹd	Confident or certain	freetalk
avoided	əˈvɔɪdɪd	Stay away from or stop oneself from doing something	freetalk
avoiding	əˈvɔɪdɪŋ	Keep away from or stop oneself from doing (something)	freetalk
basket	ˈbæskət	A container typically made of woven material, used for carrying or storing items	freetalk
beard	ˈbɪɹd	The hair that grows on a man's chin and cheeks	freetalk
bio	ˌbaɪˈoʊ	Life	freetalk
blanket	ˈblæŋkət	A large piece of cloth used for keeping warm, especially on a bed	freetalk
brains	ˈbɹeɪnz	The organ inside the skull that controls thought, memory, and movement	freetalk
bucket	ˈbʌkət	A typically cylindrical container used for holding or carrying liquids or solids	freetalk
burger	ˈbɝɡɝ	A sandwich consisting of a cooked patty of ground meat, usually beef, placed inside a sliced bread roll or bun	freetalk
capability	ˌkeɪpəˈbɪləti	The power or ability to do something	freetalk
charming	ˈtʃɑɹmɪŋ	Delightful or attractive	freetalk
chiefs	ˈtʃifs	The leader or head of a group or organization	freetalk
commented	ˈkɑmɛntəd	Express an opinion or reaction in speech or writing	freetalk
computing	kəmˈpjutɪŋ	The use of computers and software to process, manipulate, and analyze data	freetalk
concentrate	ˈkɑnsənˌtɹeɪt	To focus all one's attention or mental effort on a particular object or activity	freetalk
conducting	kənˈdʌktɪŋ	The act of directing or managing	freetalk
consequence	ˈkɑnsəkwəns	A result or effect of an action or condition	freetalk
continent	ˈkɑntənənt	One of the main landmasses of the globe, usually reckoned as seven in number (Europe, Asia, Africa, North America, South America, Australia, and Antarctica)	freetalk
cookie	ˈkʊki	A small, sweet baked treat typically containing flour, sugar, and eggs	freetalk
curse	ˈkɝs	An offensive word or phrase used to express anger or annoyance	freetalk
displays	dɪˈspleɪz	To show or exhibit	freetalk
drain	ˈdɹeɪn	To remove liquid from a container or area	freetalk
emissions	ɪˈmɪʃənz	The act of emitting or sending out something, such as gas or radiation	freetalk
ethical	ˈɛθɪkəl	relating to moral principles or the branch of knowledge dealing with these	freetalk
excellence	ˈɛksələns	The quality of being outstanding or extremely good	freetalk
flame	ˈfleɪm	A hot glowing body of ignited gas that is generated by something on fire	freetalk
forests	ˈfɔɹəsts	A large area covered chiefly with trees and undergrowth	freetalk
freely	ˈfɹili	Without hindrance or restraint	freetalk
fruits	ˈfɹuts	The sweet and fleshy product of a tree or other plant that contains seeds and can be eaten as food	freetalk
grabbed	ˈɡɹæbd	To seize suddenly or quickly	freetalk
graduation	ˌɡɹædʒuˈeɪʃən	the act of receiving a diploma or degree from a school, college, or university	freetalk
hint	ˈhɪnt	A slight or indirect indication or suggestion	freetalk
horizon	hɝˈaɪzən	The line at which the earth's surface and the sky appear to meet	freetalk
hostile	ˈhɑstəl	Unfriendly or antagonistic in nature	freetalk
imagined	ˌɪˈmædʒənd	Form a mental image or concept of something that is not present or that is not the case	freetalk
inhabitants	ɪnˈhæbətənts	A person or animal that inhabits a place	freetalk
ink	ˈɪŋk	A colored fluid used for writing or drawing	freetalk
inn	ˈɪn	A commercial establishment that provides lodging, food, and drink for travelers	freetalk
intel	ˌɪnˈtɛl	Information, especially of a secret or confidential nature	freetalk
kicks	ˈkɪks	A sudden, forceful movement of the leg that is used to strike something	freetalk
legends	ˈlɛdʒəndz	A traditional story sometimes popularly regarded as historical but unauthenticated	freetalk
lo	ˈloʊ	Used to draw attention or express surprise	freetalk
magazines	ˈmæɡəˌzinz	A periodical publication containing articles, stories, photographs, etc	freetalk
matrix	ˈmeɪtɹɪks	An environment or material in which something develops	freetalk
measuring	ˈmɛʒɝɪŋ	Determine the size, amount, or degree of something using a standard unit	freetalk
miserable	ˈmɪzɝəbəl	Wretchedly unhappy or uncomfortable	freetalk
momentum	moʊˈmɛntəm	The force or speed of movement; impetus	freetalk
monkey	ˈmʌŋki	A small to medium-sized primate typically having a long tail and living in trees in tropical regions	freetalk
motorcycle	ˈmoʊtɝˌsaɪkəl	A two-wheeled vehicle with a motor	freetalk
nationwide	ˈneɪʃənˈwaɪd	Extending throughout the whole nation	freetalk
nest	ˈnɛst	A structure or place made for birds to lay eggs and raise their young	freetalk
nicely	ˈnaɪsli	In a pleasant or attractive manner	freetalk
ninth	ˈnaɪnθ	Coming after the eighth in a series	freetalk
nomination	ˌnɑməˈneɪʃən	The act of officially suggesting someone for a position or award	freetalk
notable	ˈnoʊtəbəl	Worthy of attention or notice	freetalk
obligation	ˌɑbləˈɡeɪʃən	A binding agreement or promise	freetalk
optical	ˈɑptɪkəl	Relating to sight or vision	freetalk
outlook	ˈaʊtˌlʊk	A person's point of view or general attitude towards something	freetalk
penny	ˈpɛni	A coin worth one cent	freetalk
petty	ˈpɛˌti	Of little importance or significance	freetalk
ports	ˈpɔɹts	A town or city with a harbor where ships load or unload cargo	freetalk
preserved	pɹəˈzɝvd	Maintain (something) in its original or existing state	freetalk
prospects	ˈpɹɑspɛkts	The possibility or likelihood of future success or advancement	freetalk
publishers	ˈpʌblɪʃɝz	A person or company that prepares and issues books, journals, or music for sale	freetalk
quantity	ˈkwɑntəti	The amount or number of something	freetalk
quantum	ˈkwɑntəm	A discrete quantity of energy proportional in magnitude to the frequency of the radiation it represents	freetalk
rainbow	ˈɹeɪnˌboʊ	An arc of colors formed in the sky by the refraction and dispersion of the sun's light through rain or mist	freetalk
rebels	ˈɹɛbəlz	A person who resists or defies authority, control, or tradition	freetalk
recognised	ˈɹɛkəɡˌnaɪzd	Acknowledge the existence, validity, or legality of something	freetalk
reed	ˈɹid	A tall, slender-leaved plant that grows in water or marshy areas	freetalk
reign	ˈɹeɪn	Hold royal office; rule as king or queen	freetalk
responding	ɹɪˈspɑndɪŋ	To reply or answer in words or writing	freetalk
retained	ɹɪˈteɪnd	Continue to have (something); keep possession of	freetalk
rises	ˈɹaɪzəz	Moves from a lower position to a higher one	freetalk
saves	ˈseɪvz	To rescue or protect from harm or danger	freetalk
scan	ˈskæn	To look at or examine closely	freetalk
scare	ˈskɛɹ	To cause fear or frighten	freetalk
sectors	ˈsɛktɝz	An area or portion that is distinct from others	freetalk
span	ˈspæn	The full extent or reach of something	freetalk
specialized	ˈspɛʃəˌlaɪzd	Designed, trained, or fitted for one particular purpose or occupation	freetalk
spencer	ˈspɛnsɝ	A short, close-fitting jacket worn by men in the early 19th century	freetalk
submission	səbˈmɪʃən	The action of accepting or yielding to a superior force or to the will or authority of another person	freetalk
sunny	ˈsʌni	Bright with sunlight	freetalk
supporter	səˈpɔɹtɝ	One who supports or helps another person or cause	freetalk
te	ˈti	You: used to refer to the person or people being addressed	freetalk
testament	ˈtɛstəmənt	A person's will, especially the part relating to personal property	freetalk
toe	ˈtoʊ	One of the five digits of the foot	freetalk
tops	ˈtɑps	The highest point, level, or part of something	freetalk
tremendous	tɹəˈmɛndəs	Very great in amount, scale, or intensity	freetalk
valued	ˈvæljud	Considered to be important or beneficial	freetalk
wounds	ˈwundz	An injury to the body, typically involving a break in the skin	freetalk
ab	ˈæb	Away from	freetalk
accommodation	əˌkɑməˈdeɪʃən	A place to live or stay	freetalk
achievements	əˈtʃivmənts	Something accomplished, especially by superior ability, special effort, or great courage	freetalk
addressing	əˈdɹɛsɪŋ	To speak to or write to (someone)	freetalk
adorable	əˈdɔɹəbəl	Inspiring great affection or delight	freetalk
allegedly	əˈlɛdʒədli	According to what has been alleged	freetalk
ambulance	ˈæmbjələns	A vehicle equipped for transporting sick or injured people to a hospital	freetalk
ar	ˈɑɹ	The letter 'r' in the alphabet	freetalk
ashamed	əˈʃeɪmd	Feeling shame or guilt	freetalk
assure	əˈʃʊɹ	To make certain or confident	freetalk
bailey	ˈbeɪli	The outer wall of a castle or fortress	freetalk
ballot	ˈbælət	A process of voting, in writing and typically in secret	freetalk
batteries	ˈbætɝiz	A device that produces electricity by chemical reactions	freetalk
blessing	ˈblɛsɪŋ	God's favor and protection	freetalk
cemetery	ˈsɛməˌtɛɹi	A burial ground for the dead	freetalk
chambers	ˈtʃeɪmbɝz	A room or space within a building, especially one used for a specific purpose	freetalk
cheat	ˈtʃit	Act dishonestly or unfairly in order to gain an advantage	freetalk
cheer	ˈtʃɪɹ	a shout of encouragement, praise, or joy	freetalk
chile	ˈtʃɪli	A hot pepper	freetalk
cigarette	ˌsɪɡɝˈɛt	A small cylinder of finely cut tobacco rolled in paper for smoking	freetalk
compact	ˈkɑmpækt	Closely and neatly packed together	freetalk
completing	kəmˈplitɪŋ	To finish making or doing something	freetalk
consulting	kənˈsʌltɪŋ	To seek advice or information from someone	freetalk
cooling	ˈkulɪŋ	Becoming cooler in temperature	freetalk
corners	ˈkɔɹnɝz	The point where two converging lines meet	freetalk
could've	ˈkʊdəv	Short for 'could have'	shadowline
deficit	ˈdɛfəsət	The amount by which something, especially a sum of money, is too small	freetalk
demo	ˈdɛmoʊ	A recording or performance intended to showcase the abilities of an artist or musician	freetalk
demon	ˈdimən	An evil spirit or devil	freetalk
demonstration	ˌdɛmənˈstɹeɪʃən	The action or process of showing the existence or truth of something	freetalk
detected	dɪˈtɛktəd	To discover or identify the presence or existence of something	freetalk
detection	dɪˈtɛkʃən	The action or process of identifying the presence of something hidden or obscure	freetalk
doll	ˈdɑl	A small model of a human figure, often used as a child's toy	freetalk
donated	ˈdoʊˌneɪtɪd	To give something, especially money or goods, to a person or organization in need	freetalk
elaborate	ɪˈlæbɹət	Involving many carefully arranged parts or details; detailed and complicated	freetalk
elder	ˈɛldɝ	A person who is older or higher in rank or experience	freetalk
encountered	ɪnˈkaʊntɝd	To come upon or meet with, especially unexpectedly	freetalk
exploring	ɪkˈsplɔɹɪŋ	To investigate or examine (a place or area)	freetalk
fiber	ˈfaɪbɝ	A thread or filament from which a vegetable tissue, mineral substance, or textile is formed	freetalk
filmed	ˈfɪlmd	Record on film	freetalk
fried	ˈfɹaɪd	Cooked in hot oil or fat	freetalk
grocery	ˈɡɹoʊsɝi	A store selling food and other household goods	freetalk
guided	ˈɡaɪdəd	Direct or show the way	freetalk
guinea	ˈɡɪni	A former British gold coin worth one pound and one shilling	freetalk
halfway	ˈhæfˈweɪ	At or to a point equidistant between two others	freetalk
happier	ˈhæpiɝ	Feeling or showing pleasure or contentment	freetalk
heels	ˈhilz	The back part of the foot below the ankle	freetalk
holmes	ˈhoʊmz	A person who is skilled in solving mysteries and crimes	freetalk
hull	ˈhʌl	The outer covering of a seed or fruit	freetalk
independently	ˌɪndɪˈpɛndəntli	Without outside control or influence	freetalk
indication	ˌɪndəˈkeɪʃən	A sign or piece of information that suggests something	freetalk
insisted	ˌɪnˈsɪstəd	To demand something forcefully	freetalk
instances	ˈɪnstənsəz	An example or single occurrence of something	freetalk
intensive	ˌɪnˈtɛnsɪv	Concentrated or thorough in effort or degree	freetalk
interactive	ˌɪntɝˈæktɪv	Acting with each other	freetalk
intimate	ˈɪntəmət	closely acquainted or familiar	freetalk
laundry	ˈlɔndɹi	Clothes, linens, etc., that have been or are to be washed	freetalk
lifting	ˈlɪftɪŋ	To raise or elevate something	freetalk
martial	ˈmɑɹʃəl	Relating to war or the military	freetalk
northeast	ˌnɔɹˈθist	The direction halfway between north and east	freetalk
observe	əbˈzɝv	Notice or perceive (something) and register it as being significant	freetalk
packing	ˈpækɪŋ	The action of putting items into a container for transportation or storage	freetalk
panels	ˈpænəlz	A flat or curved component, typically rectangular, that forms or is set into the surface of a door, wall, or ceiling	freetalk
password	ˈpæˌswɝd	A secret word or phrase that must be used to gain access to something	freetalk
politically	pəˈlɪtɪkəli	In a way that relates to government or public affairs	freetalk
presumably	pɹəˈzuməbli	Used to convey that something is assumed to be true or likely	freetalk
pretending	pɹiˈtɛndɪŋ	Behaving as if something is true when it is not	freetalk
priorities	pɹaɪˈɔɹətiz	The fact or condition of being regarded or treated as more important than others	freetalk
pronounced	pɹəˈnaʊnst	Clearly expressed or evident	freetalk
prosecution	ˌpɹɑsəˈkjuʃən	The act of conducting legal proceedings against someone in respect of a criminal charge	freetalk
proves	ˈpɹuvz	Demonstrate the truth or existence of something by evidence or argument	freetalk
pulse	ˈpʌls	Rhythmic throbbing in arteries caused by the beating of the heart	freetalk
purchasing	ˈpɝtʃəsɪŋ	Acquiring goods or services in exchange for money	freetalk
qualities	ˈkwɑlətiz	The inherent or distinctive characteristic of something	freetalk
queens	ˈkwinz	A female ruler of an independent state, especially one who inherits the position by right of birth	freetalk
rational	ˈɹæʃənəl	Based on or in accordance with reason or logic	freetalk
realm	ˈɹɛlm	A kingdom or domain	freetalk
reforms	ɹəˈfɔɹmz	Make changes in something in order to improve it	freetalk
revenues	ˈɹɛvəˌnuz	Income, especially when of a company or organization	freetalk
rides	ˈɹaɪdz	To sit on and control the movement of a horse, bicycle, or motorcycle	freetalk
ripped	ˈɹɪpt	torn apart forcefully	freetalk
rope	ˈɹoʊp	A thick cord or strand of fibers used for various purposes, such as tying, pulling, or supporting	freetalk
shadows	ˈʃæˌdoʊz	A dark area or shape produced by a body coming between rays of light and a surface	freetalk
shout	ˈʃaʊt	To utter a loud cry or call	freetalk
sierra	siˈɛɹə	A long, jagged mountain range	freetalk
smartphone	ˈsmɑɹtˌfoʊn	A handheld device that combines cellular telephone capabilities with computing functions such as email, Internet browsing, and multimedia playback	freetalk
specified	ˈspɛsəˌfaɪd	Stated explicitly or in detail	freetalk
spectacular	spɛkˈtækjəlɝ	Beautiful or impressive in a dramatic way	freetalk
streak	ˈstɹik	A line, mark, or band differing in color or texture from the surface around it	freetalk
subscription	səbˈskɹɪpʃən	The action of subscribing to a service or publication	freetalk
switching	ˈswɪtʃɪŋ	The act of changing from one thing to another	freetalk
technological	ˌtɛknəˈlɑdʒɪkəl	Involving or pertaining to technology	freetalk
temporarily	ˌtɛmpɝˈɛɹəli	For a limited time	freetalk
tolerance	ˈtɑlɝəns	The ability or willingness to tolerate the existence of opinions or behavior that one dislikes or disagrees with	freetalk
tourists	ˈtʊɹəsts	A person who is traveling or visiting a place for pleasure	freetalk
traditionally	tɹəˈdɪʃənəli	In a traditional manner	freetalk
traveled	ˈtɹævəld	To go from one place to another, typically over a distance	freetalk
treats	ˈtɹits	A sweet or savory food item, typically given as a reward or indulgence	freetalk
unhappy	ənˈhæpi	Not happy; sad or displeased	freetalk
yup	ˈjʌp	Yes	freetalk
accomplish	əˈkɑmplɪʃ	Achieve a goal or purpose	freetalk
adequate	ˈædəkwət	Satisfactory or acceptable in quality or quantity	freetalk
alter	ˈɔltɝ	Change or cause to change in character or composition, typically in a comparatively small but significant way	freetalk
apology	əˈpɑləˌdʒi	A statement expressing regret or asking for forgiveness	freetalk
attributed	əˈtɹɪbjətɪd	Regard something as being caused by someone or something	freetalk
beg	ˈbɛɡ	To ask for something as a favor or charity	freetalk
belonging	bɪˈlɔŋɪŋ	To be owned by someone	freetalk
booked	ˈbʊkt	Reserve accommodations or a ticket in advance	freetalk
bout	ˈbaʊt	A short period of intense activity or effort	freetalk
bowling	ˈboʊlɪŋ	A game played by rolling a heavy ball down a lane to knock over pins	freetalk
brass	ˈbɹæs	A yellowish metal made from copper and zinc	freetalk
buzz	ˈbʌz	A low, continuous humming or murmuring sound	freetalk
comeback	ˈkʌmˌbæk	A return to a former position or status after a period of decline	freetalk
cos	ˈkɔs	Because	freetalk
crops	ˈkɹɑps	A cultivated plant that is grown as food, especially a grain, fruit, or vegetable	freetalk
declare	dɪˈklɛɹ	To make known or state clearly	freetalk
designers	dɪˈzaɪnɝz	A person who plans the form, look, or workings of something before it is made or built	freetalk
detect	dɪˈtɛkt	Discover or identify the presence or existence of (something)	freetalk
diagnosed	ˌdaɪəɡˈnoʊst	Identify the nature of (an illness or other problem) by examination of the symptoms	freetalk
dimensions	dɪˈmɛnʃənz	A measurable extent of a particular kind, such as length, breadth, depth, or height	freetalk
dip	ˈdɪp	To lower or sink briefly	freetalk
disturbing	dɪˈstɝbɪŋ	Causing anxiety or unease	freetalk
dot	ˈdɑt	A small round mark or spot	freetalk
dresses	ˈdɹɛsəz	A piece of clothing worn by women or girls that covers the body and extends down over the legs	freetalk
effectiveness	ɪˈfɛktɪvnəs	The degree to which something is successful in producing a desired result	freetalk
eliminated	ɪˈlɪməˌneɪtɪd	To remove or get rid of something	freetalk
embarrassed	ɪmˈbɛɹəst	Feeling self-conscious or ashamed	freetalk
exceptional	ɪkˈsɛpʃənəl	Unusual; not typical	freetalk
filing	ˈfaɪlɪŋ	The act of arranging documents in a systematic order for easy reference	freetalk
fled	ˈflɛd	past tense of flee	freetalk
foul	ˈfaʊl	Offensive to the senses; disgusting	freetalk
frankly	ˈfɹæŋkli	In a direct and honest manner	freetalk
freezing	ˈfɹizɪŋ	Extremely cold	freetalk
graph	ˈɡɹæf	A diagram representing a system of connections or interrelations among two or more things	freetalk
hack	ˈhæk	Cut roughly or clumsily	freetalk
hatred	ˈheɪtɹəd	Intense dislike or ill will towards someone or something	freetalk
ignorant	ˈɪɡnɝənt	Lacking knowledge or awareness	freetalk
influences	ˈɪnˌfluənsɪz	The capacity to have an effect on the character, development, or behavior of someone or something	freetalk
interact	ˌɪntɝˈækt	Act in such a way as to have an effect on another	freetalk
judging	ˈdʒʌdʒɪŋ	Forming an opinion or conclusion about someone or something	freetalk
knights	ˈnaɪts	A chess piece, typically representing a warrior on horseback	freetalk
lamp	ˈlæmp	A device for giving light, consisting of a light source and a shade or cover	freetalk
limitations	ˌlɪmɪˈteɪʃənz	A restriction or control placed on something	freetalk
majesty	ˈmædʒəsti	Impressive stateliness, dignity, or beauty	freetalk
measurement	ˈmɛʒɝmənt	The act or process of measuring	freetalk
measurements	ˈmɛʒɝmənts	The act or process of measuring	freetalk
median	ˈmidiən	The middle value in a set of numbers	freetalk
medieval	mɪˈdivəl	Relating to the Middle Ages	freetalk
mobility	moʊˈbɪləti	The ability to move or be moved freely and easily	freetalk
murders	ˈmɝdɝz	The unlawful premeditated killing of one human being by another	freetalk
ne	ˈni	Not	freetalk
orientation	ˌɔɹiɛnˈteɪʃən	The act or process of orienting or the state of being oriented	freetalk
oven	ˈʌvən	A closed compartment for baking or roasting food	freetalk
passport	ˈpæˌspɔɹt	A document issued by a government, allowing the holder to travel to foreign countries	freetalk
penis	ˈpinɪs	The male reproductive organ	freetalk
pills	ˈpɪlz	A small round mass of solid medicine to be swallowed whole	freetalk
planets	ˈplænəts	A celestial body moving in an elliptical orbit around a star	freetalk
proceeds	pɹəˈsidz	The money or profit obtained from a sale or business transaction	freetalk
rabbit	ˈɹæbət	A small burrowing mammal with long ears and a short tail	freetalk
raises	ˈɹeɪzəz	Lifts or moves to a higher position	freetalk
ranges	ˈɹeɪndʒəz	A series of mountains or hills in a line	freetalk
rats	ˈɹæts	An exclamation of disappointment or annoyance	freetalk
retire	ɹɪˈtaɪɹ	To withdraw from one's occupation or position	freetalk
rhythm	ˈɹɪðəm	A strong, regular, repeated pattern of movement or sound	freetalk
ruth	ˈɹuθ	Compassion or pity for someone's suffering	freetalk
savage	ˈsævədʒ	Fierce, violent, and uncontrolled	freetalk
servers	ˈsɝvɝz	A person who serves food or drinks to customers	freetalk
shook	ˈʃʊk	past tense of shake	freetalk
shooter	ˈʃutɝ	One who shoots a gun or other weapon	freetalk
siblings	ˈsɪblɪŋz	A brother or sister	freetalk
slim	ˈslɪm	Having a small width in proportion to height or length	freetalk
someday	ˈsʌmˌdeɪ	At an indefinite time in the future	freetalk
sophisticated	səˈfɪstəˌkeɪtɪd	Having acquired worldly knowledge or refinement	freetalk
spam	ˈspæm	Irrelevant or unsolicited messages, especially sent over the internet	freetalk
speeds	ˈspidz	The rate at which someone or something moves or operates	freetalk
stack	ˈstæk	A pile of objects placed one on top of another	freetalk
stance	ˈstæns	The way in which someone stands, especially as an expression of their feelings or opinions	freetalk
state's	ˈsteɪts	Belonging to or relating to state	shadowline
static	ˈstætɪk	Lacking in movement, action, or change	freetalk
subway	ˈsʌbˌweɪ	An underground electric railroad	freetalk
supportive	səˈpɔɹtɪv	Providing encouragement or emotional help	freetalk
surgical	ˈsɝdʒɪkəl	relating to or used in surgery	freetalk
symbols	ˈsɪmbəlz	A thing that represents or stands for something else, especially a material object representing something abstract	freetalk
tablet	ˈtæblət	A flat slab or surface, especially one intended for writing or drawing	freetalk
tent	ˈtɛnt	A portable shelter made of cloth or other material stretched over a supporting framework	freetalk
thesis	ˈθisəs	A statement or theory that is put forward as a premise to be maintained or proved	freetalk
tide	ˈtaɪd	The regular rise and fall of the sea caused by the gravitational pull of the moon and sun	freetalk
travels	ˈtɹævəlz	The act of going from one place to another, especially on a long journey	freetalk
warfare	ˈwɔɹˌfɛɹ	The activity or skill of fighting a war	freetalk
warming	ˈwɔɹmɪŋ	The act of making something warm or warmer	freetalk
week's	ˈwiks	Belonging to or relating to week	shadowline
weekends	ˈwiˌkɛndz	The end of the week, typically Saturday and Sunday, regarded as a time for leisure	freetalk
withdraw	wɪðˈdɹɔ	To remove or take away	freetalk
withdrawal	wɪðˈdɹɔəl	The act of taking something away or removing it	freetalk
youngest	ˈjʌŋɡəst	Being the most recent or the latest in a sequence	freetalk
aging	ˈeɪdʒɪŋ	The process of growing old	freetalk
airline	ˈɛɹˌlaɪn	A company that provides scheduled flights for passengers and cargo	freetalk
alternatives	ɔlˈtɝnətɪvz	One of two or more available possibilities	freetalk
anyways	ˈɛniˌweɪz	In any case; at any rate	freetalk
argues	ˈɑɹɡjuz	Give reasons or evidence in support of an idea, action, or theory	freetalk
audit	ˈɔdɪt	An official inspection of an individual's or organization's accounts or financial situation	freetalk
authentic	əˈθɛntɪk	Not false or copied; genuine; real	freetalk
ave	ˈɑˌveɪ	A greeting or salutation	freetalk
backwards	ˈbækwɝdz	Toward the rear	freetalk
bi	ˈbaɪ	Two	freetalk
blonde	ˈblɑnd	A person with fair hair and typically fair skin	freetalk
blows	ˈbloʊz	To move with force or speed in a specific direction	freetalk
bolt	ˈboʊlt	A metal rod or pin for fastening objects together	freetalk
brooks	ˈbɹʊks	A small stream or creek	freetalk
bugs	ˈbʌɡz	A small insect	freetalk
bust	ˈbʌst	A sculpture of a person's head, shoulders, and chest	freetalk
clearing	ˈklɪɹɪŋ	An open space in a forest with few or no trees	freetalk
clips	ˈklɪps	A small piece of metal or plastic used to hold things together or to fasten something in place	freetalk
collar	ˈkɑlɝ	A band of material worn around the neck	freetalk
comply	kəmˈplaɪ	To act in accordance with a request or command	freetalk
cope	ˈkoʊp	Deal effectively with something difficult	freetalk
counted	ˈkaʊntɪd	To determine the total number of something	freetalk
crashed	ˈkɹæʃt	Collided violently with an obstacle or another vehicle	freetalk
creepy	ˈkɹipi	Causing an unpleasant feeling of fear or unease	freetalk
cum	ˈkʌm	Together with	freetalk
divorced	dɪˈvɔɹst	No longer married	freetalk
donate	ˈdoʊˌneɪt	To give (money or goods) for a charitable purpose	freetalk
drawings	ˈdɹɔɪŋz	The act or art of producing a picture, plan, or diagram with a pencil, pen, or other tool	freetalk
dried	ˈdɹaɪd	No longer wet	freetalk
echo	ˈɛkoʊ	A sound or series of sounds caused by the reflection of sound waves from a surface back to the listener	freetalk
editors	ˈɛdɪtɝz	A person who edits	freetalk
emotionally	ɪˈmoʊʃnəli	In a way that relates to emotions	freetalk
enhance	ɛnˈhæns	Intensify or increase in quality or value	freetalk
experiencing	ɪkˈspɪɹiənsɪŋ	To have firsthand knowledge or encounter something	freetalk
extending	ɪkˈstɛndɪŋ	To stretch out in a particular direction	freetalk
finale	fəˈnæli	The last part of a piece of music, a performance, or a public event	freetalk
flavor	ˈfleɪvɝ	The distinctive taste of a food or drink	freetalk
floors	ˈflɔɹz	The bottom surface in a room that people walk on	freetalk
freaking	ˈfɹikɪŋ	Used for emphasis or to express annoyance or surprise	freetalk
gloves	ˈɡlʌvz	A covering for the hand made with a separate sheath for each finger and for the thumb	freetalk
harper	ˈhɑɹpɝ	A person who plays the harp	freetalk
hart	ˈhɑɹt	A male deer, especially a red deer over five years old	freetalk
ignorance	ˈɪɡnɝəns	Lack of knowledge or information	freetalk
ignoring	ˌɪɡˈnɔɹɪŋ	Refusing to acknowledge or pay attention to something	freetalk
immigrant	ˈɪməɡɹənt	A person who comes to live permanently in a foreign country	freetalk
induced	ˌɪnˈdust	To bring about or give rise to	freetalk
inspiring	ˌɪnˈspaɪɹɪŋ	Filling someone with the urge or ability to do or feel something, especially to do something creative	freetalk
intermediate	ˌɪntɝˈmidiɪt	Coming between two things in time, place, order, character, etc	freetalk
invention	ˌɪnˈvɛnʃən	The action of inventing or creating something new	freetalk
jesse	ˈdʒɛsi	A strap or thong fastened around the leg of a hawk, used in falconry	freetalk
joins	ˈdʒɔɪnz	To connect or link together	freetalk
joking	ˈdʒoʊkɪŋ	To say something amusing or playful	freetalk
likewise	ˈlaɪˌkwaɪz	In the same way	freetalk
lineup	ˈlaɪˌnʌp	A group of people or things arranged in a row	freetalk
logan	ˈloʊɡən	A small, usually oval-shaped fruit of a variety of blackberry	freetalk
magnificent	mæɡˈnɪfəsənt	Impressively beautiful or grand	freetalk
mathematical	ˌmæθəˈmætɪkəl	Of, relating to, or of the nature of mathematics	freetalk
meantime	ˈminˌtaɪm	In the intervening time; during the time before something happens	freetalk
nails	ˈneɪlz	A small metal spike with a broadened flat head, driven typically into wood with a hammer or mallet	freetalk
newest	ˈnuəst	Most recent	freetalk
nonetheless	ˌnʌnðəˈlɛs	In spite of that; nevertheless	freetalk
nut	ˈnʌt	A hard-shelled fruit or seed with an edible kernel	freetalk
o'clock	əˈklɑk	Used after a number to say the hour of the day	shadowline
opposing	əˈpoʊzɪŋ	To act against or provide resistance to something	freetalk
origins	ˈɔɹədʒɪnz	The point or place where something begins, arises, or is derived	freetalk
person's	ˈpɝsənz	Belonging to or relating to person	shadowline
physicians	fəˈzɪʃənz	A person qualified to practice medicine, especially one who specializes in diagnosis and treatment	freetalk
pipeline	ˈpaɪˌplaɪn	A long pipe, typically underground, used for conveying oil, gas, or other products	freetalk
placement	ˈpleɪsmənt	The act of placing or arranging something in a particular position	freetalk
planted	ˈplæntɪd	To put or set in the ground for growth	freetalk
pricing	ˈpɹaɪsɪŋ	The act or process of setting a price for a product or service	freetalk
questioning	ˈkwɛstʃənɪŋ	Expressing doubt or uncertainty	freetalk
recreation	ˌɹɛkɹiˈeɪʃən	Activity done for enjoyment or relaxation	freetalk
renewed	ɹɪˈnud	To make new, fresh, or strong again	freetalk
resigned	ɹɪˈzaɪnd	To accept something undesirable but inevitable	freetalk
shallow	ˈʃæloʊ	Lacking depth	freetalk
shanghai	ˈʃæŋˈhaɪ	To force or trick (someone) into doing something, typically into joining a ship's crew	freetalk
shitty	ˈʃɪˌti	Very bad or unpleasant	freetalk
sins	ˈsɪnz	An immoral act considered to be a transgression against divine law	freetalk
sketch	ˈskɛtʃ	A rough or unfinished drawing or painting	freetalk
smells	ˈsmɛlz	To perceive or detect an odor with the nose	freetalk
soda	ˈsoʊdə	A carbonated drink flavored with fruit syrups or other flavorings	freetalk
spite	ˈspaɪt	A desire to hurt, annoy, or offend someone	freetalk
sponsor	ˈspɑnsɝ	A person or organization that provides funds for a project or activity	freetalk
strengthen	ˈstɹɛŋθən	To make or become stronger	freetalk
strings	ˈstɹɪŋz	A thin piece of cord, twine, or similar material used for tying, binding, or hanging things	freetalk
sunset	ˈsʌnˌsɛt	The daily disappearance of the sun below the horizon	freetalk
thanksgiving	ˌθæŋksˈɡɪvɪŋ	The act of giving thanks or expressing gratitude	freetalk
thermal	ˈθɝməl	Relating to heat or temperature	freetalk
trades	ˈtɹeɪdz	The action of buying and selling goods and services	freetalk
transform	tɹænsˈfɔɹm	Make a thorough or dramatic change in the form, appearance, or character of	freetalk
witnessed	ˈwɪtnəst	To see or experience (an event or situation)	freetalk
workplace	ˈwɝkˌpleɪs	A place where work is done	freetalk
yelling	ˈjɛlɪŋ	To shout loudly in anger or excitement	freetalk
achieving	əˈtʃivɪŋ	To successfully reach a goal or complete a task	freetalk
aliens	ˈeɪliənz	A foreigner, especially one who is not a naturalized citizen of the country where they are living	freetalk
analyst	ˈænəlɪst	A person who analyzes or examines information	freetalk
arabic	ˈæɹəbɪk	Of or relating to Arabia or its people	freetalk
arctic	ˈɑɹktɪk	Of or relating to the region around the North Pole	freetalk
assists	əˈsɪsts	To give help or support	freetalk
bristol	ˈbɹɪstəl	A city in southwest England	freetalk
burnt	ˈbɝnt	Affected by fire or heat	freetalk
buyer	ˈbaɪɝ	A person who makes a purchase	freetalk
calories	ˈkælɝiz	A unit of energy	freetalk
cannabis	ˈkænəbəs	A tall plant with a stiff upright stem, divided serrated leaves, and glandular hairs	freetalk
cease	ˈsis	Stop	freetalk
championships	ˈtʃæmpiənˌʃɪps	A competition to determine the best team or player in a particular sport	freetalk
chapel	ˈtʃæpəl	A small building for Christian worship	freetalk
cloth	ˈklɔθ	A woven or knitted fabric made of natural or synthetic fibers	freetalk
conferences	ˈkɑnfɝənsəz	A formal meeting for discussion	freetalk
considers	kənˈsɪdɝz	Think carefully about (something), typically before making a decision	freetalk
container	kənˈteɪnɝ	A receptacle for holding items or substances	freetalk
cowboys	ˈkaʊˌbɔɪz	A person who herds and tends cattle, especially in the western US	freetalk
crushed	ˈkɹʌʃt	To press or squeeze with force	freetalk
deployed	dɪˈplɔɪd	To move (troops or equipment) into position for military action	freetalk
differ	ˈdɪfɝ	To be unlike or distinct in nature, form, or characteristics	freetalk
dimensional	dɪˈmɛnʃənəl	Relating to the measurement of length, width, height, and depth	freetalk
eager	ˈiɡɝ	Having or showing keen interest or enthusiasm	freetalk
elect	ɪˈlɛkt	Chosen or preferred	freetalk
elevated	ˈɛləˌveɪtɪd	Raised to a higher level or position	freetalk
essence	ˈɛsəns	The intrinsic nature or indispensable quality of something	freetalk
executives	ɪɡˈzɛkjətɪvz	A person or group having administrative or supervisory authority in an organization	freetalk
family's	ˈfæməliz	Belonging to or relating to family	shadowline
flames	ˈfleɪmz	Burning gas or vapor, as from wood or coal, that is undergoing combustion	freetalk
fork	ˈfɔɹk	A utensil with prongs used for eating or serving food	freetalk
fur	ˈfɝ	The short, fine, soft hair of certain animals	freetalk
harvest	ˈhɑɹvəst	The process or period of gathering crops	freetalk
headline	ˈhɛdˌlaɪn	A heading at the top of an article or page in a newspaper or magazine	freetalk
hype	ˈhaɪp	Excessive publicity or promotion	freetalk
identifying	aɪˈdɛntəˌfaɪɪŋ	Recognizing or distinguishing someone or something	freetalk
impacts	ˌɪmˈpækts	The action of one object coming forcibly into contact with another	freetalk
insist	ˌɪnˈsɪst	To demand something forcefully	freetalk
jo	ˈdʒoʊ	A sweetheart or beloved person	freetalk
junk	ˈdʒʌŋk	Discarded or old items that are considered useless or of little value	freetalk
kidney	ˈkɪdni	Either of a pair of organs in the abdominal cavity of mammals, birds, and reptiles, excreting urine	freetalk
king's	ˈkɪŋz	Belonging to or relating to king	shadowline
ladder	ˈlædɝ	A device consisting of a series of bars or steps between two upright lengths of wood, metal, or rope, used for climbing up or down	freetalk
lobby	ˈlɑbi	A room providing a space out of which one or more other rooms or corridors lead, typically one near the entrance of a public building	freetalk
marc	ˈmɑɹk	The residue of grapes or other fruit that remains after pressing for juice	freetalk
mechanisms	ˈmɛkəˌnɪzəmz	A system or process for achieving a particular result	freetalk
mineral	ˈmɪnɝəl	A solid inorganic substance of natural occurrence	freetalk
mob	ˈmɑb	A large crowd of people, especially one that is disorderly and intent on causing trouble or violence	freetalk
modest	ˈmɑdəst	Having or showing a moderate or humble estimate of one's merits, importance, etc.; free from vanity, egotism, boastfulness, or great pretensions	freetalk
motors	ˈmoʊtɝz	A machine that produces motion or power for driving a vehicle or other device	freetalk
navigation	ˈnævəˈɡeɪʃən	The act or process of determining one's position and planning a route	freetalk
orbit	ˈɔɹbət	The curved path of a celestial object around a star or planet	freetalk
paragraph	ˈpæɹəˌɡɹæf	A distinct section of a piece of writing, usually dealing with a single theme and indicated by a new line, indentation, or numbering	freetalk
passive	ˈpæsɪv	Accepting or allowing what happens or what others do, without active response or resistance	freetalk
peninsula	pəˈnɪnsələ	A piece of land almost surrounded by water or projecting out into a body of water	freetalk
pill	ˈpɪl	A small round mass of solid medicine to be swallowed whole	freetalk
pork	ˈpɔɹk	The flesh of a pig used as food	freetalk
profitable	ˈpɹɑfətəbəl	Producing benefit or gain	freetalk
provinces	ˈpɹɑvənsəz	A principal administrative division of a country or empire	freetalk
ranch	ˈɹæntʃ	A large farm, especially in the western US, where cattle or other animals are raised	freetalk
rays	ˈɹeɪz	A line of light that shines from a bright object	freetalk
reasonably	ˈɹizənəbli	In a fair and sensible way	freetalk
reject	ɹɪˈdʒɛkt	To refuse to accept or consider	freetalk
remainder	ɹɪˈmeɪndɝ	The part that is left after the subtraction of a number from another	freetalk
schemes	ˈskimz	A plan or program of action	freetalk
screens	ˈskɹinz	A flat panel or area on a device for displaying information	freetalk
seized	ˈsizd	To take hold of suddenly and forcibly	freetalk
semester	səˈmɛstɝ	A period of six months	freetalk
sentiment	ˈsɛntəmənt	A view or attitude towards a situation or event	freetalk
servants	ˈsɝvənts	A person who performs duties for others, especially a person employed in a house or on a farm	freetalk
shipped	ˈʃɪpt	To send or transport goods by ship, aircraft, train, or truck	freetalk
socks	ˈsɑks	A covering for the foot and ankle, typically extending to the calf	freetalk
suited	ˈsutɪd	Appropriate or fitting for a particular purpose or situation	freetalk
supplement	ˈsʌpləmənt	Something added to complete a thing, make up for a deficiency, or extend or strengthen the whole	freetalk
surviving	sɝˈvaɪvɪŋ	Continuing to live or exist	freetalk
thereby	ˈðɛɹˈbaɪ	By that means	freetalk
threshold	ˈθɹɛˌʃoʊld	The point at which a stimulus is of sufficient intensity to begin to produce an effect	freetalk
til	ˈtɪl	until	freetalk
tin	ˈtɪn	A metallic element with the symbol Sn and atomic number 50	freetalk
tires	ˈtaɪɝz	To lose energy or strength	freetalk
tribal	ˈtɹaɪbəl	Relating to a tribe or tribes	freetalk
tribes	ˈtɹaɪbz	A social division in a traditional society consisting of families or communities linked by social, economic, religious, or blood ties	freetalk
trunk	ˈtɹʌŋk	The main stem of a tree	freetalk
uncertainty	ənˈsɝtənti	The state of being uncertain or not sure	freetalk
vampire	ˈvæmpaɪɹ	A reanimated corpse that preys on the living, especially by drinking their blood	freetalk
varied	ˈvɛɹid	Having different forms or types	freetalk
verdict	ˈvɝdɪkt	A decision or judgment reached after consideration	freetalk
abandon	əˈbændən	to leave someone or something behind	freetalk
accommodate	əˈkɑməˌdeɪt	To provide lodging or space for someone	freetalk
accordingly	əˈkɔɹdɪŋli	In a way that is appropriate or suitable to the particular circumstances	freetalk
aesthetic	ɛsˈθɛtɪk	Concerned with beauty or the appreciation of beauty	freetalk
algorithm	ˈælɡɝˌɪðəm	A process or set of rules to be followed in calculations or other problem-solving operations, especially by a computer	freetalk
altered	ˈɔltɝd	Changed in form or character	freetalk
anchor	ˈæŋkɝ	A heavy object attached to a rope or chain and used to moor a vessel to the sea bottom	freetalk
arch	ˈɑɹtʃ	A curved structure that supports weight over an open space	freetalk
associations	əˌsoʊsiˈeɪʃənz	A connection or relationship between things or people	freetalk
audiences	ˈɑdiənsəz	The group of spectators or listeners at a public event	freetalk
axis	ˈæksəs	A real or imaginary line about which a body rotates	freetalk
badge	ˈbædʒ	A distinctive emblem or mark worn to signify membership, achievement, or authority	freetalk
bizarre	bəˈzɑɹ	Very strange or unusual	freetalk
bounce	ˈbaʊns	To spring back after hitting a surface	freetalk
broadcasting	ˈbɹɔdˌkæstɪŋ	The act of transmitting radio or television programs to a wide audience	freetalk
bullets	ˈbʊləts	A small metal projectile shot from a firearm	freetalk
buses	ˈbʌsɪz	Plural of bus	freetalk
cannon	ˈkænən	A large, heavy piece of artillery typically mounted on wheels	freetalk
carol	ˈkæɹəl	A festive song or hymn, especially one sung at Christmas	freetalk
carriers	ˈkæɹiɝz	A person or thing that carries or transports something	freetalk
chairs	ˈtʃɛɹz	A piece of furniture designed for one person to sit on, with a support for the back	freetalk
cleaned	ˈklind	To make something free of dirt or impurities	freetalk
complexity	kəmˈplɛksəti	The state or quality of being complex	freetalk
confusing	kənˈfjuzɪŋ	Causing bewilderment or perplexity	freetalk
consultation	ˌkɑnsəlˈteɪʃən	The act of seeking advice or information from someone	freetalk
continental	ˌkɑntəˈnɛntəl	Of or relating to a continent	freetalk
convenience	kənˈvinjəns	The state of being able to proceed with something with little effort or difficulty	freetalk
deliberately	dɪˈlɪbɝətli	Intentionally or on purpose	freetalk
diamonds	ˈdaɪməndz	A precious stone consisting of a clear and typically colorless crystalline form of pure carbon	freetalk
dictionary	ˈdɪkʃəˌnɛɹi	A reference book containing an alphabetical list of words with information about them	freetalk
dignity	ˈdɪɡnəti	The state or quality of being worthy of honor or respect	freetalk
dimension	dɪˈmɛnʃən	A measurable extent of a particular kind, such as length, breadth, depth, or height	freetalk
disappointing	ˌdɪsəˈpɔɪntɪŋ	Failing to fulfill expectations or hopes	freetalk
diving	ˈdaɪvɪŋ	The action of plunging headfirst into water	freetalk
ego	ˈiɡoʊ	A person's sense of self-esteem or self-importance	freetalk
enthusiasm	ɪnˈθuziˌæzəm	Intense enjoyment, interest, or approval	freetalk
environments	ɪnˈvaɪɹənmənts	The surroundings or conditions in which a person, animal, or plant lives or operates	freetalk
equation	ɪˈkweɪʒən	A statement that the values of two mathematical expressions are equal	freetalk
extract	ˈɛkˌstɹækt	Remove or take out (something) from a place	freetalk
favorites	ˈfeɪvɝɪts	A person or thing that is preferred above others	freetalk
ferry	ˈfɛɹi	A boat or ship used to transport people or vehicles across a body of water	freetalk
fisher	ˈfɪʃɝ	A person who catches fish	freetalk
flexibility	ˌflɛksəˈbɪləti	The quality of bending easily without breaking	freetalk
flowing	ˈfloʊɪŋ	Moving smoothly and continuously in a current or stream	freetalk
fridge	ˈfɹɪdʒ	A refrigerator or refrigerator compartment	freetalk
functioning	ˈfʌŋkʃənɪŋ	The normal operation or behavior of something	freetalk
fusion	ˈfjuʒən	The process or result of joining two or more things together to form a single entity	freetalk
gauge	ˈɡeɪdʒ	Estimate or determine the magnitude, amount, or volume of something	freetalk
goat	ˈɡoʊt	A domesticated ruminant mammal typically kept for its milk or meat	freetalk
graduates	ˈɡɹædʒəwəts	A person who has successfully completed a course of study or training	freetalk
gut	ˈɡʌt	The stomach or belly	freetalk
heck	ˈhɛk	Used as a mild expression of annoyance or surprise	freetalk
helmet	ˈhɛlmət	A hard protective covering worn on the head, often made of metal or plastic	freetalk
holders	ˈhoʊldɝz	A person who holds something	freetalk
ideology	ˌaɪdiˈɑlədʒi	A system of ideas and ideals, especially one that forms the basis of economic or political theory and policy	freetalk
idiots	ˈɪˌdiəts	A person of low intelligence	freetalk
inclusion	ˌɪnˈkluʒən	The action or state of including or of being included	freetalk
initiatives	ˌɪˈnɪʃətɪvz	The ability to assess and initiate things independently	freetalk
innings	ˈɪnɪŋz	A period of play in a game of cricket or baseball	freetalk
insects	ˈɪnˌsɛkts	Small arthropod animals with six legs and a segmented body	freetalk
instructor	ˌɪnˈstɹʌktɝ	A person who teaches or trains others	freetalk
isolation	ˌaɪsəˈleɪʃən	The state of being alone or separated from others	freetalk
justified	ˈdʒʌstəˌfaɪd	Show or prove to be right or reasonable	freetalk
keeper	ˈkipɝ	A person who manages or looks after something	freetalk
lamb	ˈlæm	A young sheep	freetalk
liar	ˈlaɪɝ	A person who tells lies	freetalk
machinery	məˈʃinɝi	Machines collectively	freetalk
mansion	ˈmænʃən	A large, impressive house	freetalk
mega	ˈmɛɡə	Very large; huge	freetalk
mercury	ˈmɝkjɝi	A heavy, silver-white metallic element that is liquid at room temperature	freetalk
namely	ˈneɪmli	That is to say; explicitly	freetalk
needing	ˈnidɪŋ	To require something because it is essential or very important	freetalk
nerves	ˈnɝvz	The bundles of fibers that transmit impulses between the brain and other parts of the body	freetalk
obama's	ˌoʊˈbɑməz	Belonging to or relating to obama	shadowline
observations	ˌɑbzɝˈveɪʃənz	The action or process of observing something or someone carefully or in order to gain information	freetalk
ordering	ˈɔɹdɝɪŋ	The act of putting things in a particular sequence or arrangement	freetalk
palmer	ˈpɑmɝ	A person who travels to different places for religious reasons	freetalk
paths	ˈpæðz	A way or track laid down for walking or made by continual treading	freetalk
peers	ˈpɪɹz	A person of the same age, status, or ability as another	freetalk
pending	ˈpɛndɪŋ	Awaiting a decision or settlement	freetalk
platinum	ˈplætnəm	A heavy, precious, gray-white metallic element, highly resistant to corrosion and tarnish	freetalk
possess	pəˈzɛs	To have as belonging to one; own	freetalk
praised	ˈpɹeɪzd	To express warm approval or admiration of	freetalk
premises	ˈpɹɛməsəz	A house or building, together with its land and outbuildings, occupied by a business or considered in an official context	freetalk
probability	ˌpɹɑbəˈbɪləˌti	The likelihood of something happening or being the case	freetalk
questioned	ˈkwɛstʃənd	To ask a question or raise doubts about something	freetalk
refuses	ɹəˈfjuzəz	To decline to accept or comply with something	freetalk
resignation	ˌɹɛzəɡˈneɪʃən	The act of resigning or giving up a position or job	freetalk
rider	ˈɹaɪdɝ	A person who rides, especially a horse or bicycle	freetalk
ritual	ˈɹɪtʃuəl	A religious or solemn ceremony consisting of a series of actions performed according to a prescribed order	freetalk
ruins	ˈɹuənz	The remains of a building, city, etc., that has been destroyed or decayed	freetalk
shelf	ˈʃɛlf	A flat, horizontal board or surface used for storing or displaying items	freetalk
slam	ˈslæm	A loud noise made by a hard impact	freetalk
stakes	ˈsteɪks	A sum of money or something else of value gambled on the outcome of a risky game or venture	freetalk
starter	ˈstɑɹtɝ	A person or thing that starts something	freetalk
sticking	ˈstɪkɪŋ	To adhere or cling to something	freetalk
subscribe	səbˈskɹaɪb	To pledge or contribute money to a cause or organization	freetalk
superman	ˈsupɝmən	A man of extraordinary or superhuman powers	freetalk
surfaces	ˈsɝfəsəz	The outside part or uppermost layer of something	freetalk
ta	ˈtɑ	Thank you	freetalk
territories	ˈtɛɹəˌtɔɹiz	An area of land under the jurisdiction of a ruler or state	freetalk
tire	ˈtaɪɝ	To lose energy or strength	freetalk
towers	ˈtaʊɝz	A tall, narrow building or structure that stands alone	freetalk
transfers	tɹænsˈfɝz	To move from one place to another	freetalk
utterly	ˈʌtɝli	Completely and without qualification; absolutely	freetalk
voltage	ˈvoʊltədʒ	The force or potential difference that drives an electric current	freetalk
warn	ˈwɔɹn	To give notice of impending danger or harm	freetalk
width	ˈwɪdθ	The measurement or extent of something from side to side	freetalk
workout	ˈwɝˌkaʊt	A session of physical exercise or training	freetalk
activated	ˈæktəˌveɪtɪd	Make (something) active or operative	freetalk
adaptation	ˌædəpˈteɪʃən	The action or process of adapting or being adapted	freetalk
advisor	ædˈvaɪzɝ	A person who gives advice or guidance	freetalk
aluminum	əˈlumənəm	A silvery-white, ductile metallic element used in making alloys and foils	freetalk
apartments	əˈpɑɹtmənts	A room or a group of related rooms, among similar sets in one building, designed for use as a dwelling	freetalk
attitudes	ˈætəˌtudz	A settled way of thinking or feeling about someone or something, typically one that is reflected in a person's behavior	freetalk
attorneys	əˈtɝniz	A person appointed to act for another in business or legal matters	freetalk
bail	ˈbeɪl	To release or secure the release of a prisoner by providing money or property as security	freetalk
barriers	ˈbæɹiɝz	A structure that blocks passage or access	freetalk
belonged	bɪˈlɔŋd	To be owned by someone	freetalk
broader	ˈbɹɔdɝ	Having greater width than usual	freetalk
buck	ˈbʌk	A male deer	freetalk
cal	ˈkæl	A unit of measurement for heat energy	freetalk
characterized	ˈkɛɹəktɝˌaɪzd	Describe the distinctive nature or features of something	freetalk
civilization	ˌsɪvəlɪˈzeɪʃən	The stage of human social development and organization that is considered most advanced	freetalk
congrats	kənˈɡɹæts	Expressing praise or admiration for an achievement or good fortune	freetalk
contractors	ˈkɑnˌtɹæktɝz	A person or company that undertakes a contract to provide materials or labor for a project	freetalk
creativity	ˌkɹieɪˈtɪvəti	The ability to produce original and imaginative ideas	freetalk
dealers	ˈdilɝz	A person or business that buys and sells goods or services	freetalk
delicate	ˈdɛləkət	Easily broken or damaged	freetalk
den	ˈdɛn	A wild animal's lair or shelter	freetalk
desires	dɪˈzaɪɝz	Strong feelings of wanting or wishing for something	freetalk
disappointment	ˌdɪsəˈpɔɪntmənt	The feeling of sadness or displeasure caused by the nonfulfillment of one's hopes or expectations	freetalk
disk	ˈdɪsk	A flat, thin, circular object	freetalk
enters	ˈɛntɝz	To come or go into	freetalk
evaluate	ɪˈvæljuˌeɪt	To judge or determine the significance, worth, or quality of something	freetalk
formally	ˈfɔɹməli	In a manner that follows established rules or conventions	freetalk
frames	ˈfɹeɪmz	A rigid structure that surrounds or encloses something	freetalk
goddess	ˈɡɑdəs	A female deity	freetalk
gov	ˈɡʌv	The organization, machinery, or agency through which a political unit exercises authority and performs functions	freetalk
harassment	hɝˈæsmənt	Aggressive pressure or intimidation	freetalk
hats	ˈhæts	A covering for the head, typically with a brim and a crown	freetalk
insert	ˌɪnˈsɝt	to put or place into	freetalk
legit	ˈlɛdʒɪt	Genuine: real, true, or not false	freetalk
liquor	ˈlɪkɝ	A strong alcoholic drink	freetalk
loser	ˈluzɝ	A person who is defeated or unsuccessful in a competition or struggle	freetalk
massage	məˈsɑʒ	The action of rubbing and kneading the body with the hands	freetalk
matched	ˈmætʃt	Corresponding in some way	freetalk
messed	ˈmɛst	To make dirty or untidy	freetalk
musician	mjuˈzɪʃən	A person who plays a musical instrument	freetalk
nephew	ˈnɛfju	A son of one's sibling	freetalk
notably	ˈnoʊtəbli	In a way that is worthy of attention or notice	freetalk
orchestra	ˈɔɹkəstɹə	A large group of musicians playing together	freetalk
packages	ˈpækədʒəz	A bundle of items wrapped or boxed together for carrying or shipping	freetalk
pad	ˈpæd	A cushioned or flat support for sitting or kneeling	freetalk
participated	pɑɹˈtɪsəˌpeɪtɪd	Took part in an activity or event	freetalk
precision	pɹiˈsɪʒən	The quality, condition, or fact of being exact and accurate	freetalk
preservation	ˌpɹɛzɝˈveɪʃən	The act of preserving something	freetalk
priests	ˈpɹists	A person ordained to perform sacred rites in a religion	freetalk
privately	ˈpɹaɪvətli	In a private manner or way	freetalk
prizes	ˈpɹaɪzəz	Something offered or won as an award for victory or superiority	freetalk
pulls	ˈpʊlz	To exert force on (someone or something) so as to cause movement towards oneself	freetalk
qualifying	ˈkwɑləˌfaɪɪŋ	To make or declare eligible or suitable	freetalk
reasoning	ˈɹizənɪŋ	The action of thinking about something in a logical, sensible way	freetalk
relaxed	ɹɪˈlækst	Free from tension or anxiety	freetalk
reporters	ɹɪˈpɔɹtɝz	A person who investigates and reports or edits news stories	freetalk
roses	ˈɹoʊzɪz	A prickly bush or shrub that typically bears red, pink, yellow, or white fragrant flowers	freetalk
rumors	ˈɹumɝz	A currently circulating story or report of uncertain or doubtful truth	freetalk
sail	ˈseɪl	A piece of fabric attached to a boat or ship that catches the wind and propels the vessel forward	freetalk
salmon	ˈsæmən	A large edible fish that is a popular food source	freetalk
secretly	ˈsikɹɪtli	In a way that is not known or seen by others	freetalk
seller	ˈsɛlɝ	A person who sells something	freetalk
sen	ˈsɛn	A unit of Japanese currency	freetalk
sheer	ˈʃɪɹ	Complete and utter	freetalk
shifts	ˈʃɪfts	To move or change position	freetalk
smallest	ˈsmɔləst	Not large in size or amount	freetalk
specially	ˈspɛʃəli	Particularly or especially	freetalk
stark	ˈstɑɹk	Severe or bare in appearance or outline	freetalk
struggled	ˈstɹʌɡəld	Make forceful or violent efforts to get free of restraint or constriction	freetalk
sympathy	ˈsɪmpəθi	Feelings of pity and sorrow for someone else's misfortune	freetalk
tan	ˈtæn	A yellowish-brown color	freetalk
teenagers	ˈtiˌneɪdʒɝz	Persons aged between 13 and 19 years old	freetalk
theoretical	ˌθiɝˈɛtɪkəl	Relating to or based on theory	freetalk
thumb	ˈθʌm	The short, thick first digit of the human hand, set lower and apart from the other four and opposable to them	freetalk
timber	ˈtɪmbɝ	Trees or wooded land suitable for building or woodworking	freetalk
transparent	tɹænˈspɛɹənt	Allowing light to pass through so that objects behind can be distinctly seen	freetalk
trump's	ˈtɹʌmps	Belonging to or relating to trump	shadowline
tweets	ˈtwits	A short message posted on the social media platform Twitter	freetalk
upside	ˈʌpˈsaɪd	The upper side or surface of something	freetalk
urged	ˈɝdʒd	To strongly encourage or persuade someone to do something	freetalk
visitor	ˈvɪzɪtɝ	One who visits a person or place	freetalk
vitamin	ˈvaɪtəmən	A substance that is part of the food we eat and is necessary for good health	freetalk
void	ˈvɔɪd	Completely empty or without substance	freetalk
voluntary	ˈvɑləntɛɹi	Done, given, or acting of one's own free will	freetalk
wheat	ˈwit	The grain of this plant	freetalk
whip	ˈwɪp	A long, narrow piece of leather or other material used for striking or causing pain	freetalk
wipe	ˈwaɪp	To clean or dry something by rubbing its surface with a cloth or one's hand	freetalk
wrist	ˈɹɪst	The joint connecting the hand with the forearm	freetalk
abused	əˈbjuzd	To use something in a way that is harmful or wrong	freetalk
acute	əˈkjut	Sharp or severe in effect or degree	freetalk
admiral	ˈædmɝəl	A high-ranking naval officer	freetalk
arrange	ɝˈeɪndʒ	To put in a particular order or position	freetalk
banana	bəˈnænə	A long curved fruit with a yellow skin and soft, sweet flesh	freetalk
behave	bɪˈheɪv	To act in a particular way	freetalk
betting	ˈbɛtɪŋ	The act of risking money on the outcome of an event or game	freetalk
bo	ˈboʊ	A loud, deep, resonant sound	freetalk
borrow	ˈbɑˌɹoʊ	To take and use (something that belongs to someone else) with the intention of returning it	freetalk
camping	ˈkæmpɪŋ	The activity of staying in a tent or shelter outdoors for a vacation or recreation	freetalk
capitol	ˈkæpɪtəl	The building in which a state legislature meets	freetalk
chin	ˈtʃɪn	The protruding part of the face below the mouth, formed by the lower jaw	freetalk
civic	ˈsɪvɪk	Relating to a city or town, especially its administration	freetalk
clerk	ˈklɝk	A person employed in an office or bank to keep records, accounts, and perform other routine tasks	freetalk
conclusions	kənˈkluʒənz	The end or finish of an event or process	freetalk
considerably	kənˈsɪdɝəbli	To a great extent or degree	freetalk
contacted	ˈkɑnˌtæktɪd	To communicate with or get in touch with someone	freetalk
cottage	ˈkɑtədʒ	A small, simple house, typically in a rural or semi-rural location	freetalk
coup	ˈku	A sudden, violent, and illegal seizure of power from a government	freetalk
criticized	ˈkɹɪtəˌsaɪzd	To indicate the faults of someone or something	freetalk
crude	ˈkɹud	In a natural or raw state, not processed or refined	freetalk
dash	ˈdæʃ	To run or travel quickly	freetalk
decreased	dɪˈkɹist	To make less in amount, degree, or size	freetalk
defended	dɪˈfɛndəd	To protect from harm or danger	freetalk
demons	ˈdimənz	An evil spirit or devil	freetalk
deposits	dəˈpɑzɪts	A sum of money placed or kept in a bank account	freetalk
disclosure	dɪsˈkloʊʒɝ	The action of making new or secret information known	freetalk
disposal	dɪˈspoʊzəl	The act of getting rid of something	freetalk
distinctive	dɪˈstɪŋktɪv	Characteristic of one person or thing, and so serving to distinguish it from others	freetalk
documented	ˈdɑkjəˌmɛntəd	Record in written or electronic form	freetalk
donation	doʊˈneɪʃən	Something that is given to a charity or organization	freetalk
dragged	ˈdɹæɡd	past tense of drag	freetalk
drone	ˈdɹoʊn	A male bee in a colony of social bees, whose sole function is to mate with the queen	freetalk
else's	ˈɛlsɪz	Belonging to somebody else, as in 'someone else's'	shadowline
encounters	ɪnˈkaʊntɝz	To come upon or meet with, especially unexpectedly	freetalk
ensuring	ɛnˈʃʊɹɪŋ	Make certain that (something) shall occur or be the case	freetalk
enterprises	ˈɛntɝˌpɹaɪzɪz	A project or undertaking, typically one that is difficult or requires effort	freetalk
escort	ɛˈskɔɹt	A person or group of people accompanying another for protection, guidance, or courtesy	freetalk
exams	ɪɡˈzæmz	A formal test of a person's knowledge or proficiency in a subject or skill	freetalk
firmly	ˈfɝmli	In a strong or solid manner	freetalk
flour	ˈflaʊɝ	A powder obtained by grinding grain, typically wheat, and used to make bread, cakes, and pastry	freetalk
geneva	dʒəˈnivə	A city in Switzerland	freetalk
holdings	ˈhoʊldɪŋz	The act of keeping possession of something	freetalk
indie	ˈɪndi	Independent	freetalk
indirect	ˌɪndɝˈɛkt	Not directly caused by or resulting from something	freetalk
inspire	ˌɪnˈspaɪɹ	Fill (someone) with the urge or ability to do or feel something, especially to do something creative	freetalk
institutional	ˌɪnstɪˈtuʃənəl	Of, relating to, or characteristic of an institution	freetalk
interim	ˈɪntɝəm	Temporary	freetalk
interviewed	ˈɪntɝˌvjud	To have a formal meeting with someone to ask them questions and find out if they are suitable for a job or course	freetalk
java	ˈdʒɑvə	A type of coffee	freetalk
jerk	ˈdʒɝk	A quick, sharp, sudden movement or twist	freetalk
kindly	ˈkaɪndli	In a kind or generous manner	freetalk
kindness	ˈkaɪndnəs	The quality of being friendly, generous, and considerate	freetalk
leaked	ˈlikt	(verb) To allow liquid or gas to escape through a hole or crack	freetalk
locals	ˈloʊkəlz	A person who lives in a particular place or neighborhood	freetalk
lottery	ˈlɑtɝi	A game of chance in which players purchase tickets and a winner is selected at random	freetalk
magnitude	ˈmæɡnəˌtud	Greatness in size or extent	freetalk
minus	ˈmaɪnəs	Subtraction or the operation of finding the difference between two numbers	freetalk
noting	ˈnoʊtɪŋ	Paying attention to something	freetalk
nude	ˈnud	Without clothing or covering	freetalk
organs	ˈɔɹɡənz	A musical instrument that produces sound by means of vibrating air	freetalk
outlet	ˈaʊtˌlɛt	A device or opening for the passage of liquid, gas, or air	freetalk
outlets	ˈaʊtˌlɛts	A means of expressing one's talents, emotions, or energy	freetalk
parameters	pɝˈæmətɝz	A numerical or other measurable factor forming one of a set that defines a system or sets the conditions of its operation	freetalk
pause	ˈpɔz	A temporary stop in action or speech	freetalk
pledge	ˈplɛdʒ	A solemn promise or undertaking	freetalk
portal	ˈpɔɹtəl	A doorway, gate, or entrance, especially one that is large and imposing	freetalk
prescription	pɹəˈskɹɪpʃən	An instruction written by a medical practitioner that authorizes a patient to be provided a medicine or treatment	freetalk
protesters	ˈpɹoʊˌtɛstɝz	A person who publicly demonstrates strong objection or disapproval	freetalk
proving	ˈpɹuvɪŋ	Demonstrate the truth or existence of something by evidence or argument	freetalk
publicity	pəˈblɪsəti	The notice or attention given to someone or something by the media	freetalk
punished	ˈpʌnɪʃt	Penalized for wrongdoing	freetalk
puppy	ˈpʌpi	A young dog	freetalk
recruitment	ɹəˈkɹutmənt	The action of finding new people to join an organization or support a cause	freetalk
screwed	ˈskɹud	To fasten or tighten with a screw	freetalk
shades	ˈʃeɪdz	A color, especially a variety of a color	freetalk
silicon	ˈsɪləkən	A nonmetallic element with semiconducting properties, used in electronics	freetalk
slice	ˈslaɪs	A thin, flat piece of food cut from a larger portion	freetalk
spelling	ˈspɛlɪŋ	The act of forming words with letters in the correct order	freetalk
spurs	ˈspɝz	A device with a small spike or pointed wheel attached to the heel of a boot, used by horse riders to urge a horse forward	freetalk
subscribers	səbˈskɹaɪbɝz	A person who has paid to receive a publication or service regularly	freetalk
surveys	sɝˈveɪz	To examine or inspect	freetalk
survivor	sɝˈvaɪvɝ	A person who continues to live or exist after facing a life-threatening situation	freetalk
telegraph	ˈtɛləˌɡɹæf	A system for transmitting messages over long distances using coded signals	freetalk
tits	ˈtɪts	A woman's breast	freetalk
vaccine	ˌvækˈsin	A substance used to stimulate the production of antibodies and provide immunity against one or several diseases	freetalk
vinyl	ˈvaɪnəl	A synthetic resin or plastic consisting of polyvinyl chloride or a related polymer, used especially for wallpapers and other covering materials and for phonograph records	freetalk
wished	ˈwɪʃt	To feel or express a strong desire or hope for something that is not easily attainable	freetalk
wonders	ˈwʌndɝz	A feeling of amazement and admiration caused by something beautiful, remarkable, or unfamiliar	freetalk
accurately	ˈækjɝətli	In a precise manner	freetalk
affiliate	əˈfɪliˌeɪt	To officially attach or connect oneself to a group or organization	freetalk
asylum	əˈsaɪləm	A place of refuge or safety	freetalk
barn	ˈbɑɹn	A large building used for storing grain, hay, or other agricultural products	freetalk
bent	ˈbɛnt	A natural talent or inclination	freetalk
cathedral	kəˈθidɹəl	The principal church of a diocese, containing the bishop's throne	freetalk
centered	ˈsɛntɝd	Positioned at or near the center	freetalk
child's	ˈtʃaɪldz	Belonging to or relating to child	shadowline
clause	ˈklɔz	A group of words containing a subject and predicate, typically forming part of a sentence	freetalk
cluster	ˈklʌstɝ	A group of similar things or people positioned or occurring closely together	freetalk
complained	kəmˈpleɪnd	Express dissatisfaction or annoyance about something	freetalk
compounds	ˈkɑmpaʊndz	A thing that is composed of two or more separate elements; a mixture	freetalk
consistency	kənˈsɪstənsi	The quality of being consistent	freetalk
cracked	ˈkɹækt	Damaged or broken	freetalk
cylinder	ˈsɪləndɝ	A solid geometric figure with straight parallel sides and a circular or oval cross section	freetalk
dancer	ˈdænsɝ	A person who dances as a profession or for pleasure	freetalk
deaf	ˈdɛf	lacking the power of hearing or having impaired hearing	freetalk
debts	ˈdɛts	Something that is owed or due, such as money or a favor	freetalk
denial	dɪˈnaɪəl	The action of declaring something to be untrue	freetalk
digging	ˈdɪɡɪŋ	To break up, turn over, or remove earth, sand, etc., as with a shovel, spade, bulldozer, or claw; make an excavation	freetalk
dock	ˈdɑk	A structure extending alongshore or out from the shore into a body of water, to which boats may be moored	freetalk
entrepreneur	ˌɑntɹəpɹəˈnɝ	A person who organizes and operates a business or businesses, taking on greater than normal financial risks in order to do so	freetalk
evident	ˈɛvədənt	Easy to see or understand; clear	freetalk
expectation	ˌɛkspɛkˈteɪʃən	A strong belief that something will happen or be the case in the future	freetalk
expedition	ˌɛkspəˈdɪʃən	A journey or voyage undertaken for a specific purpose	freetalk
expressing	ɪkˈspɹɛsɪŋ	Conveying thoughts or feelings in words or actions	freetalk
extends	ɪkˈstɛndz	To stretch out or spread out in a certain direction	freetalk
facilitate	fəˈsɪləˌteɪt	Make (an action or process) easy or easier	freetalk
failures	ˈfeɪljɝz	Lack of success	freetalk
feat	ˈfit	An act or deed that shows skill or daring	freetalk
fossil	ˈfɑsəl	The preserved remains or impression of a prehistoric organism	freetalk
founding	ˈfaʊndɪŋ	Establishing or originating something	freetalk
freight	ˈfɹeɪt	Goods transported in bulk by truck, train, ship, or aircraft	freetalk
generating	ˈdʒɛnɝˌeɪtɪŋ	To produce or create something	freetalk
goddamn	ˈɡɑdˌdæm	(verb) to curse or condemn someone or something	freetalk
guides	ˈɡaɪdz	A person who shows the way to others	freetalk
honesty	ˈɑnəsti	The quality or fact of being honest; uprightness and fairness	freetalk
inappropriate	ˌɪnəˈpɹoʊpɹiɪt	Not suitable or proper in the circumstances	freetalk
infant	ˈɪnfənt	A very young child or baby	freetalk
initiated	ˌɪˈnɪʃiˌeɪtəd	To begin or start	freetalk
injection	ˌɪnˈdʒɛkʃən	The act of injecting a substance into the body	freetalk
instrumental	ˌɪnstɹəˈmɛntəl	Serving as a means or agency	freetalk
insult	ˌɪnˈsʌlt	Speak to or treat with disrespect or scorn	freetalk
interference	ˌɪntɝˈfɪɹəns	The act of interfering or the process of interfering	freetalk
interstate	ˌɪntɝˈsteɪt	Connecting or involving different states	freetalk
launching	ˈlɔntʃɪŋ	To set or thrust in motion	freetalk
liking	ˈlaɪkɪŋ	A feeling of attraction or affection towards someone or something	freetalk
mates	ˈmeɪts	A person's friend or companion	freetalk
mediterranean	ˌmɛdətɝˈeɪniən	A type of climate characterized by hot, dry summers and mild, wet winters	freetalk
nation's	ˈneɪʃənz	Belonging to or relating to nation	shadowline
neat	ˈnit	Clean or orderly in appearance	freetalk
negotiate	nəˈɡoʊʃiˌeɪt	To discuss something in order to reach an agreement	freetalk
obligations	ˌɑbləˈɡeɪʃənz	A duty or commitment to fulfill a responsibility	freetalk
offset	ɔfˈsɛt	To counterbalance or compensate for something	freetalk
outbreak	ˈaʊtˌbɹeɪk	A sudden occurrence or manifestation of something, such as a disease or conflict	freetalk
pal	ˈpæl	A close friend or companion	freetalk
perfection	pɝˈfɛkʃən	The state or quality of being perfect	freetalk
pigs	ˈpɪɡz	A domesticated mammal with a stout body, cloven hooves, and bristly hair, kept for its meat	freetalk
pirates	ˈpaɪɹəts	A person who robs or commits illegal violence at sea or on the shores of the sea	freetalk
posters	ˈpoʊstɝz	A person who posts something, especially on social media	freetalk
practicing	ˈpɹæktəsɪŋ	Engaged in an activity or process regularly or repeatedly	freetalk
praying	ˈpɹeɪɪŋ	To address a deity with reverent petition or expression of thanks	freetalk
probe	ˈpɹoʊb	A blunt-ended surgical instrument used for exploring a wound or body cavity	freetalk
prohibited	pɹoʊˈhɪbətəd	Officially forbidden	freetalk
projected	pɹəˈdʒɛktəd	Estimated to happen in the future	freetalk
propose	pɹəˈpoʊz	Put forward (an idea or plan) for consideration	freetalk
quarterly	ˈkwɔɹtɝli	Occurring or produced four times a year	freetalk
recipes	ˈɹɛsəpiz	A set of instructions for preparing a particular dish	freetalk
recruiting	ɹəˈkɹutɪŋ	To enlist new members or employees	freetalk
refusing	ɹəˈfjuzɪŋ	To decline to accept or comply with something	freetalk
rehabilitation	ˌɹihəˌbɪləˈteɪʃən	The action of restoring someone to health or normal life through training and therapy	freetalk
resistant	ɹɪˈzɪstənt	Having the ability to withstand or oppose something	freetalk
riders	ˈɹaɪdɝz	A person who rides, especially a horse or bicycle	freetalk
robots	ˈɹoʊˌbɑts	A machine capable of carrying out a complex series of actions automatically, especially one programmable by a computer	freetalk
rockets	ˈɹɑkəts	A cylindrical projectile that can be propelled to a great height or distance by the combustion of its contents	freetalk
roller	ˈɹoʊlɝ	A cylindrical tool used for flattening or shaping a surface	freetalk
sailing	ˈseɪlɪŋ	The action of traveling in a boat or ship, typically using wind as a source of power	freetalk
shapes	ˈʃeɪps	The external form or appearance of someone or something	freetalk
skinny	ˈskɪni	Very thin or slender	freetalk
slipped	ˈslɪpt	To move smoothly and quietly	freetalk
sneak	ˈsnik	To move or act in a stealthy or furtive manner	freetalk
solving	ˈsɑlvɪŋ	Find an answer to a problem or mystery	freetalk
sore	ˈsɔɹ	Causing physical pain or discomfort	freetalk
spark	ˈspɑɹk	A small fiery particle thrown off from a fire, alight in ashes, or produced by striking together two hard surfaces such as stone or metal	freetalk
speculation	ˌspɛkjəˈleɪʃən	The forming of a theory or conjecture without firm evidence	freetalk
steep	ˈstip	Having a sharp inclination or slope	freetalk
straw	ˈstɹɔ	A thin hollow tube of paper or plastic for sucking up liquids	freetalk
successor	səkˈsɛsɝ	A person who follows another in an office or position	freetalk
targeting	ˈtɑɹɡətɪŋ	Selecting as an object of attack or criticism	freetalk
triggered	ˈtɹɪɡɝd	To cause (an event or situation) to happen or exist	freetalk
troubles	ˈtɹʌbəlz	Problems or difficulties	freetalk
uncertain	ənˈsɝtən	Not able to be relied on; not known or definite	freetalk
upload	ˈʌˌploʊd	To transfer data from a local computer to a remote computer or server	freetalk
vector	ˈvɛktɝ	A quantity having direction as well as magnitude, especially as determining the position of one point in space relative to another	freetalk
violations	vaɪəˈleɪʃənz	The act of violating or the state of being violated	freetalk
weigh	ˈweɪ	To find out how heavy something is using a scale or balance	freetalk
whatsoever	ˌwʌtsoʊˈɛvɝ	At all	freetalk
wicked	ˈwɪkəd	Evil or morally wrong	freetalk
absent	ˈæbsənt	Not present; missing	freetalk
acoustic	əˈkustɪk	Relating to sound or the sense of hearing	freetalk
adapt	əˈdæpt	Make (something) suitable for a new use or purpose	freetalk
ancestors	ˈænˌsɛstɝz	A person, typically one more remote than a grandparent, from whom one is descended	freetalk
archive	ˈɑɹˌkaɪv	A collection of historical documents or records	freetalk
atomic	əˈtɑmɪk	Of or relating to an atom	freetalk
bean	ˈbin	The edible seed or seedpod of a leguminous plant	freetalk
bicycle	ˈbaɪsɪkəl	A vehicle with two wheels in tandem, pedals connected to the rear wheel by a chain, handlebars for steering, and a saddle-like seat	freetalk
bump	ˈbʌmp	A small raised area on a surface	freetalk
buttons	ˈbʌtənz	A small disc or knob sewn onto a garment for fastening or decoration	freetalk
cart	ˈkɑɹt	A vehicle with two wheels typically pulled by a horse or ox	freetalk
circus	ˈsɝkəs	A large public entertainment featuring performances by acrobats, clowns, and trained animals	freetalk
cocaine	koʊˈkeɪn	A white crystalline powder extracted from coca leaves	freetalk
colleague	ˈkɑliɡ	A person with whom one works, typically in a profession or business	freetalk
compelling	kəmˈpɛlɪŋ	Evoking interest, attention, or admiration in a powerful or irresistible way	freetalk
compiled	kəmˈpaɪld	To put together or gather information from various sources into one cohesive whole	freetalk
complications	ˌkɑmpləˈkeɪʃənz	A complex or involved situation	freetalk
construct	kənˈstɹʌkt	To build or create something	freetalk
cord	ˈkɔɹd	A thick rope or heavy string	freetalk
crowded	ˈkɹaʊdəd	Filled or occupied to excess	freetalk
cyber	ˈsaɪbɝ	Relating to or characteristic of the culture of computers, information technology, and virtual reality	freetalk
dale	ˈdeɪl	A valley, especially a broad one	freetalk
debates	dəˈbeɪts	A formal discussion on a particular topic in a public meeting or legislative assembly	freetalk
defendant	dɪˈfɛndənt	A person, company, or institution sued or accused in a court of law	freetalk
delays	dɪˈleɪz	To make someone or something late or slow	freetalk
dense	ˈdɛns	closely compacted in substance	freetalk
desperately	ˈdɛspɝətli	In a way that shows despair or hopelessness	freetalk
doctrine	ˈdɑktɹən	A belief or set of beliefs held and taught by a church, political party, or other group	freetalk
expose	ɪkˈspoʊz	Make (something) visible by uncovering it	freetalk
financially	fəˈnænʃəli	relating to finance or money	freetalk
freshman	ˈfɹɛʃmən	A first-year student in high school, college, or university	freetalk
furious	ˈfjʊɹiəs	Full of anger or rage	freetalk
gameplay	ˈɡeɪmˌpleɪ	The manner in which a game is played	freetalk
geography	dʒiˈɑɡɹəfi	The study of the physical features of the earth and its atmosphere	freetalk
gig	ˈɡɪɡ	A job, especially a temporary one	freetalk
government's	ˈɡʌvɝmənts	Belonging to or relating to government	shadowline
habitat	ˈhæbəˌtæt	The natural home or environment of an animal, plant, or other organism	freetalk
harbour	ˈhɑɹbɝ	A place on the coast where ships may moor in shelter	freetalk
hazard	ˈhæzɝd	A danger or risk	freetalk
hydrogen	ˈhaɪdɹədʒən	A colorless, odorless, highly flammable gas	freetalk
implies	ˌɪmˈplaɪz	To indicate or suggest without being explicitly stated	freetalk
intact	ˌɪnˈtækt	Not damaged or impaired in any way	freetalk
intake	ˈɪnˌteɪk	The act of taking something in, such as food or drink	freetalk
irrelevant	ˌɪˈɹɛləvənt	Not relevant or applicable	freetalk
jaw	ˈdʒɔ	Each of the upper and lower bony structures in vertebrates forming the framework of the mouth and containing the teeth	freetalk
jin	ˈdʒɪn	A supernatural being in Arabian mythology	freetalk
kitty	ˈkɪti	A young cat	freetalk
lawn	ˈlɔn	An area of short, mown grass in a yard or garden	freetalk
manufacture	ˌmænjəˈfæktʃɝ	To make or produce (something) by hand or by machinery	freetalk
mistaken	mɪˈsteɪkən	Wrong in one's opinion or judgment	freetalk
needle	ˈnidəl	A small, slender, pointed piece of metal used in sewing	freetalk
organize	ˈɔɹɡəˌnaɪz	To arrange systematically or in a structured way	freetalk
oval	ˈoʊvəl	A shape that is like a circle but stretched out in one direction	freetalk
pity	ˈpɪti	the feeling of sorrow and compassion caused by the suffering and misfortunes of others	freetalk
pond	ˈpɑnd	A small body of still water, typically man-made	freetalk
porter	ˈpɔɹtɝ	A person employed to carry luggage and other loads	freetalk
portions	ˈpɔɹʃənz	A part of a whole	freetalk
prey	ˈpɹeɪ	An animal that is hunted and killed for food by another animal	freetalk
prophet	ˈpɹɑfət	A person regarded as an inspired teacher or proclaimer of the will of God	freetalk
recalled	ɹɪˈkɔld	To remember or bring back to mind	freetalk
reduces	ɹəˈdusəz	Make smaller or less in amount, degree, or size	freetalk
referendum	ˌɹɛfɝˈɛndəm	A general vote by the electorate on a single political question that has been referred to them for a direct decision	freetalk
refugee	ˈɹɛfjudʒi	A person who has been forced to leave their country in order to escape war, persecution, or natural disaster	freetalk
regulated	ˈɹɛɡjəˌleɪtɪd	Control or supervise by means of rules and regulations	freetalk
rounded	ˈɹaʊndəd	Having a smooth, curved shape	freetalk
ruby	ˈɹubi	A precious stone, typically red in color	freetalk
rushed	ˈɹʌʃt	To move quickly or with great haste	freetalk
sanders	ˈsændɝz	A type of fine-grained sandstone	freetalk
satisfy	ˈsætəsˌfaɪ	To fulfill the desires, expectations, needs, or demands of (someone)	freetalk
scales	ˈskeɪlz	A series of marks at regular intervals used for measuring or registering weight	freetalk
seasonal	ˈsizənəl	Relating to or characteristic of a particular season	freetalk
segments	ˈsɛɡmənts	Each of the parts into which something is or may be divided	freetalk
sensible	ˈsɛnsəbəl	Having or showing good sense or judgment	freetalk
sequel	ˈsikwəl	A literary work that continues the story of a previous work	freetalk
shifted	ˈʃɪftɪd	Moved or changed position	freetalk
shifting	ˈʃɪftɪŋ	Moving or changing position	freetalk
shining	ˈʃaɪnɪŋ	Giving off or reflecting light	freetalk
slower	ˈsloʊɝ	Moving or operating at a low speed	freetalk
spinning	ˈspɪnɪŋ	To rotate rapidly around an axis	freetalk
stepping	ˈstɛpɪŋ	The act of moving by lifting one foot and putting it down in a different place	freetalk
teammates	ˈtimˌmeɪts	A person who is on the same team as another	freetalk
touches	ˈtʌtʃəz	To come into or be in contact with (something)	freetalk
township	ˈtaʊnʃɪp	A small, self-governing administrative division within a county in some US states	freetalk
travelled	ˈtɹævəld	Past tense of travel	freetalk
twisted	ˈtwɪstɪd	Contorted or bent out of shape	freetalk
wade	ˈweɪd	Walk through water or another liquid or soft substance	freetalk
whale	ˈweɪl	A very large marine mammal	freetalk
writings	ˈɹaɪtɪŋz	The act or process of one who writes	freetalk
admire	ædˈmaɪɹ	Regard with respect or warm approval	freetalk
amber	ˈæmbɝ	A hard, translucent fossil resin that is yellowish to reddish-brown in color	freetalk
ankle	ˈæŋkəl	The joint connecting the foot with the leg	freetalk
armor	ˈɑɹmɝ	A protective covering worn to prevent injury	freetalk
autism	ˈɔˌtɪzəm	A developmental disorder characterized by difficulties with social interaction and communication, and by restricted and repetitive behavior	freetalk
bachelor	ˈbætʃəlɝ	A man who has never been married	freetalk
berry	ˈbɛɹi	A small, pulpy and often edible fruit	freetalk
billions	ˈbɪljənz	A very large number, typically one with nine zeros after it	freetalk
bulls	ˈbʊlz	Male cattle	freetalk
bullying	ˈbʊliɪŋ	Use superior strength or influence to intimidate (someone), typically to force them to do something	freetalk
capitalism	ˈkæpɪtəˌlɪzəm	An economic system in which private individuals own the means of production and operate for profit	freetalk
caution	ˈkɑʃən	Care taken to avoid danger or mistakes	freetalk
certification	ˌsɝtəfəˈkeɪʃən	The action or process of providing someone with an official document attesting to a status or level of achievement	freetalk
characteristic	ˌkɛɹəktɝˈɪstɪk	A feature or quality that is typical of a person or thing	freetalk
clan	ˈklæn	A group of people united by kinship and descent	freetalk
clash	ˈklæʃ	A violent confrontation or skirmish	freetalk
columns	ˈkɑləmz	A vertical structure typically consisting of a cylindrical shaft with a capital and base	freetalk
compatible	kəmˈpætəbəl	Able to exist or occur together without conflict	freetalk
concerts	ˈkɑnsɝts	A musical performance involving multiple musicians playing together	freetalk
condemned	kənˈdɛmd	Express complete disapproval of	freetalk
configuration	kənˌfɪɡjɝˈeɪʃən	The arrangement of parts or elements in a particular form or structure	freetalk
continuously	kənˈtɪnjuəsli	Without interruption or pause	freetalk
convincing	kənˈvɪnsɪŋ	Capable of causing someone to believe that something is true or real	freetalk
coupled	ˈkʌpəld	Joined together	freetalk
curiosity	ˌkjʊɹiˈɑsəti	A strong desire to know or learn something	freetalk
delight	dɪˈlaɪt	A high degree of pleasure or enjoyment	freetalk
determining	dɪˈtɝmənɪŋ	Ascertain or establish exactly, typically as a result of research or calculation	freetalk
entities	ˈɛntɪtiz	A thing with distinct and independent existence	freetalk
exceptions	ɪkˈsɛpʃənz	A person or thing that is excluded from a general statement or rule	freetalk
explosive	ɪkˈsploʊsɪv	Able or likely to shatter or burst apart	freetalk
flooding	ˈflʌdɪŋ	An overflowing of water onto land that is normally dry	freetalk
fortunate	ˈfɔɹtʃənət	Receiving good from uncertain or unexpected sources	freetalk
fortunately	ˈfɔɹtʃənətli	Happening by good luck or favorable circumstances	freetalk
foundations	faʊnˈdeɪʃənz	The basis or groundwork of anything	freetalk
frontier	fɹənˈtɪɹ	A line or border separating two countries	freetalk
frustrating	ˈfɹʌˌstɹeɪtɪŋ	Causing feelings of anger and annoyance due to being unable to achieve something	freetalk
frustration	fɹəˈstɹeɪʃən	The feeling of being upset or annoyed, especially because of inability to change or achieve something	freetalk
geographic	ˌdʒiəˈɡɹæfɪk	Of or relating to geography	freetalk
grande	ˈɡɹænd	Large in size or extent	freetalk
grasp	ˈɡɹæsp	To seize and hold firmly	freetalk
handy	ˈhændi	Convenient or easily accessible for use	freetalk
hardcore	ˈhɑɹdˈkɔɹ	The most active, committed, or strict members of a group or movement	freetalk
harmful	ˈhɑɹmfəl	Causing or capable of causing harm	freetalk
headache	ˈhɛˌdeɪk	A pain in the head or upper neck	freetalk
hers	hɝz	Belonging to or associated with a female person or animal	freetalk
incentive	ˌɪnˈsɛntɪv	Something that encourages or motivates someone to do something	freetalk
inclusive	ˌɪnˈklusɪv	Including or encompassing everything or everyone	freetalk
infections	ˌɪnˈfɛkʃənz	The process of infecting or the state of being infected	freetalk
kissing	ˈkɪsɪŋ	Touch with the lips as a sign of love, greeting, or respect	freetalk
lanes	ˈleɪnz	A narrow road or way between walls, hedges, fences, or houses	freetalk
licence	ˈlaɪsəns	A permit from an authority to own or use something, do a particular thing, or carry on a trade	freetalk
lungs	ˈlʌŋz	The pair of organs in the chest that allow you to breathe	freetalk
madness	ˈmædnəs	The state of being mentally ill or insane	freetalk
mandate	ˈmænˌdeɪt	An official order or commission to do something	freetalk
manga	ˈmæŋɡə	A style of Japanese comic books and graphic novels, typically aimed at adults as well as children	freetalk
memorable	ˈmɛmɝəbəl	Worth remembering or easily remembered	freetalk
merger	ˈmɝdʒɝ	The act of merging or combining two or more entities into one	freetalk
minorities	maɪˈnɔɹətiz	The smaller number or part, especially a number that is less than half the whole	freetalk
occurring	əˈkɝɪŋ	Happening or taking place	freetalk
organizing	ˈɔɹɡəˌnaɪzɪŋ	To arrange systematically or in a structured way	freetalk
performs	pɝˈfɔɹmz	Carry out, accomplish, or fulfill (an action, task, or function)	freetalk
po	ˈpoʊ	An exclamation used to attract attention or to express surprise or admiration	freetalk
poker	ˈpoʊkɝ	A metal rod used for stirring a fire	freetalk
portable	ˈpɔɹtəbəl	Able to be easily carried or moved	freetalk
priced	ˈpɹaɪst	The amount of money that is expected, required, or given in payment for something	freetalk
randomly	ˈɹændəmli	In a manner lacking any definite plan or prearranged order	freetalk
rankings	ˈɹæŋkɪŋz	A position in a hierarchy	freetalk
realizing	ˈɹiəˌlaɪzɪŋ	To become fully aware or cognizant of something	freetalk
resign	ɹɪˈzaɪn	To voluntarily leave a job or position	freetalk
revealing	ɹɪˈvilɪŋ	Making something previously unknown or secret known	freetalk
robbery	ˈɹɑbɝi	The action of stealing from someone using force or threats	freetalk
rub	ˈɹʌb	To move one's hand or an object back and forth against a surface	freetalk
runners	ˈɹʌnɝz	A person who runs	freetalk
sally	ˈsæli	A sudden charge out of a besieged place against the enemy	freetalk
scattered	ˈskætɝd	Distributed or occurring at irregular intervals	freetalk
scout	ˈskaʊt	A person sent out to obtain information	freetalk
searched	ˈsɝtʃt	Looked for information or an item by examining a place or searching through a database	freetalk
sexuality	ˌsɛkʃuˈæləti	The quality or state of being sexual	freetalk
shouting	ˈʃaʊtɪŋ	To utter a loud cry or call	freetalk
slap	ˈslæp	To strike with an open hand	freetalk
steak	ˈsteɪk	A slice of meat, typically beef, cooked by broiling, frying, or grilling	freetalk
succession	səkˈsɛʃən	A number of people or things following one another in order	freetalk
superintendent	ˌsupɝənˈtɛndənt	A person who oversees or manages an organization or activity	freetalk
suspicion	səˈspɪʃən	A feeling or belief that someone is guilty of something	freetalk
sweep	ˈswip	To clean or clear a surface with a broom or brush	freetalk
tactical	ˈtæktɪkəl	relating to or constituting actions carefully planned to gain a specific military end	freetalk
talents	ˈtælənts	Natural aptitude or skill	freetalk
therapist	ˈθɛɹəpəst	A person trained in a particular form of therapy or treatment	freetalk
thereafter	ðɛˈɹæftɝ	After that time	freetalk
thorough	ˈθɝoʊ	Complete in every detail; exhaustive	freetalk
tuition	tjuˈɪʃən	The act or process of teaching or instructing	freetalk
tumor	ˈtumɝ	A swelling or growth in the body, typically benign or non-cancerous	freetalk
variables	ˈvɛɹiəbəlz	Able or likely to vary or change	freetalk
varying	ˈvɛɹiɪŋ	Changing or differing in some way	freetalk
wholesale	ˈhoʊlˌseɪl	Sold in large quantities for resale	freetalk
administered	ədˈmɪnəstɝd	Manage or supervise the execution, use, or conduct of	freetalk
affiliated	əˈfɪliˌeɪtɪd	Officially attached or connected to an organization or group	freetalk
apples	ˈæpəlz	The round fruit of a tree of the rose family, which typically has thin red or green skin and crisp flesh	freetalk
architectural	ˌɑɹkəˈtɛktʃɝəl	Relating to architecture or architects	freetalk
artillery	ɑɹˈtɪlɝi	Large-caliber guns used in warfare	freetalk
assembled	əˈsɛmbəld	To gather together in one place or group	freetalk
beaches	ˈbitʃəz	A sandy or pebbly shore by the ocean or a lake	freetalk
bees	ˈbiz	A stinging winged insect that collects nectar and pollen	freetalk
boarding	ˈbɔɹdɪŋ	The act of getting on or into a vehicle or ship	freetalk
bothered	ˈbɑðɝd	To cause someone to feel troubled, worried, or concerned	freetalk
canvas	ˈkænvəs	A strong, coarse unbleached cloth made from hemp, flax, cotton, or a similar yarn, used to make items such as sails and tents	freetalk
canyon	ˈkænjən	A deep gorge typically with a river flowing through it	freetalk
cheek	ˈtʃik	Either side of the face below the eye	freetalk
circular	ˈsɝkjəlɝ	Shaped like a circle	freetalk
circulation	ˈsɝkjəˌleɪʃən	Movement in a circular course or around an axis	freetalk
clearance	ˈklɪɹəns	The action or process of removing or getting rid of something	freetalk
closes	ˈkloʊzɪz	To shut something	freetalk
coincidence	koʊˈɪnsɪdəns	A situation in which events happen at the same time by chance	freetalk
comedian	kəˈmidiən	A person who performs in comedy acts or shows	freetalk
commands	kəˈmændz	An authoritative order or instruction	freetalk
commissioned	kəˈmɪʃənd	To officially assign or entrust someone with a task or duty	freetalk
concentrated	ˈkɑnsənˌtɹeɪtɪd	Intensely focused or dense	freetalk
conscience	ˈkɑnʃəns	An inner feeling or voice viewed as acting as a guide to the rightness or wrongness of one's behavior	freetalk
cooler	ˈkulɝ	A container or device for keeping things cool	freetalk
countless	ˈkaʊntləs	Too numerous to count; innumerable	freetalk
curry	ˈkʌɹi	A dish of meat, vegetables, etc., cooked in an Indian-style sauce of strong spices and turmeric	freetalk
dame	ˈdeɪm	A woman of rank, station, or authority	freetalk
deceased	dɪˈsist	No longer living; dead	freetalk
dedication	ˌdɛdəˈkeɪʃən	The quality of being dedicated or committed to a task or purpose	freetalk
defining	dɪˈfaɪnɪŋ	To determine or identify the essential qualities or meaning of something	freetalk
detention	dɪˈtɛnʃən	The action of detaining someone	freetalk
disputes	dɪˈspjuts	A disagreement or argument	freetalk
drake	ˈdɹeɪk	A male duck	freetalk
employ	ɛmˈplɔɪ	To hire or engage the services of someone for a job or task	freetalk
enforce	ɛnˈfɔɹs	Cause (a rule, law, or obligation) to be obeyed or followed	freetalk
explicit	ɪkˈsplɪsət	Stated clearly and in detail, leaving no room for confusion or doubt	freetalk
explicitly	ɪkˈsplɪsətli	In a clear and detailed manner	freetalk
eyed	ˈaɪd	Having eyes or eye-like features	freetalk
florence	ˈflɔɹəns	A city in Italy	freetalk
flu	ˈflu	A highly contagious viral infection causing fever, aching muscles, and respiratory symptoms	freetalk
forbidden	ˈfɔɹbɪdən	Not allowed; prohibited	freetalk
fraction	ˈfɹækʃən	A numerical quantity that is not a whole number, typically represented as a ratio of two integers	freetalk
girl's	ˈɡɝlz	Belonging to or relating to girl	shadowline
infantry	ˈɪnfəntɹi	Soldiers trained and equipped to fight on foot	freetalk
integral	ˈɪntəɡɹəl	Necessary for completeness; essential	freetalk
investor	ˌɪnˈvɛstɝ	A person who puts money into financial schemes, shares, property, or a commercial venture with the expectation of achieving a profit	freetalk
judged	ˈdʒʌdʒd	Form an opinion or conclusion about	freetalk
kidnapped	ˈkɪdˌnæpt	To take someone away illegally by force or deception	freetalk
lectures	ˈlɛktʃɝz	An educational talk or speech given to a group of people	freetalk
lightly	ˈlaɪtli	With little weight or force	freetalk
linking	ˈlɪŋkɪŋ	To connect or join together	freetalk
maintains	meɪnˈteɪnz	To keep in existence or continuance; preserve	freetalk
marble	ˈmɑɹbəl	A small ball of colored glass or similar material used in games	freetalk
maritime	ˈmɛɹəˌtaɪm	Connected with the sea or seafaring	freetalk
melt	ˈmɛlt	To change from a solid to a liquid by heat	freetalk
modes	ˈmoʊdz	A way or manner in which something is done or happens	freetalk
nominee	ˌnɑməˈni	A person who is proposed for an office or honor	freetalk
oath	ˈoʊθ	A solemn promise or declaration, often invoking a divine witness, regarding one's future actions or behavior	freetalk
packaging	ˈpækɪdʒɪŋ	Materials used to wrap or protect goods for sale or storage	freetalk
patriots	ˈpeɪtɹiəts	A person who loves, supports, and defends their country and its interests	freetalk
pee	ˈpi	Urinate	freetalk
pillow	ˈpɪloʊ	A cushion to support the head during sleep	freetalk
pirate	ˈpaɪɹət	A person who attacks and robs ships at sea	freetalk
polar	ˈpoʊlɝ	Directly opposite in character or tendency	freetalk
prediction	pɹiˈdɪkʃən	A statement about what will happen in the future	freetalk
preview	ˈpɹiˌvju	An advance showing or performance of something, such as a movie or play, before it is released or shown to the public	freetalk
processed	ˈpɹɑsɛst	Subjected to a series of mechanical or chemical operations	freetalk
pursuing	pɝˈsuɪŋ	To follow or chase after someone or something in order to catch or achieve them	freetalk
puzzle	ˈpʌzəl	A game, toy, or problem designed to test ingenuity or knowledge	freetalk
rapper	ˈɹæpɝ	A person who performs rap music	freetalk
reconstruction	ˌɹikənˈstɹʌkʃən	The act or process of reconstructing something	freetalk
renowned	ɹɪˈnaʊnd	Widely known or famous	freetalk
revelation	ˌɹɛvəˈleɪʃən	A surprising and previously unknown fact, especially one that is made known in a dramatic way	freetalk
scholar	ˈskɑlɝ	A person who is highly educated or has an aptitude for study	freetalk
sharks	ˈʃɑɹks	A type of predatory fish with sharp teeth and a cartilaginous skeleton	freetalk
shoots	ˈʃuts	To discharge a missile from a weapon	freetalk
skirt	ˈskɝt	A garment worn by women and girls that hangs from the waist down	freetalk
socially	ˈsoʊʃəli	In a social manner or context	freetalk
spa	ˈspɑ	A place where mineral-rich spring water is used to give medicinal baths	freetalk
spike	ˈspaɪk	A thin, pointed piece of metal or wood	freetalk
sprint	ˈspɹɪnt	Run at full speed over a short distance	freetalk
stir	ˈstɝ	To mix with a circular or back-and-forth motion	freetalk
stuffed	ˈstʌft	Filled with something	freetalk
substantially	səbˈstænʃəli	To a great or significant extent	freetalk
suburbs	ˈsʌbɝbz	An outlying district of a city, especially a residential one	freetalk
superb	sʊˈpɝb	Of the highest quality or degree; excellent	freetalk
supposedly	səˈpoʊzədli	According to what is generally assumed or believed	freetalk
tab	ˈtæb	A small flap or strip of material attached to something for holding, manipulation, or identification	freetalk
tendency	ˈtɛndənsi	An inclination toward a particular characteristic or behavior	freetalk
that'll	ˈðætəl	Short for 'that will'	shadowline
theirs	ˈðɛɹz	Belonging to or associated with them	freetalk
toast	ˈtoʊst	Sliced bread browned by exposure to heat	freetalk
toes	ˈtoʊz	One of the five digits of the foot	freetalk
touchdown	ˈtʌtʃˌdaʊn	A scoring play in American football where the ball is carried or passed into the opponent's end zone	freetalk
traits	ˈtɹeɪts	A distinguishing characteristic or quality	freetalk
trek	ˈtɹɛk	A long journey, especially one made on foot	freetalk
tricky	ˈtɹɪki	Difficult to deal with or understand	freetalk
triumph	ˈtɹaɪəmf	A great victory or achievement	freetalk
underwear	ˈʌndɝˌwɛɹ	Clothing worn under outer garments, typically next to the skin	freetalk
unto	ˈʌntu	To or toward (a point or limit)	freetalk
viable	ˈvaɪəbəl	Capable of working successfully; feasible	freetalk
waist	ˈweɪst	The part of the human body between the ribs and the hips	freetalk
welcomed	ˈwɛlkəmd	Greeted with pleasure or approval	freetalk
wit	ˈwɪt	Mental sharpness and intelligence	freetalk
wreck	ˈɹɛk	To cause the destruction of something	freetalk
absurd	əbˈsɝd	Ridiculously unreasonable, unsound, or incongruous	freetalk
accessories	ækˈsɛsɝiz	Additional items that complement or enhance something else	freetalk
advocates	ˈædvəkəts	A person who publicly supports or recommends a particular cause or policy	freetalk
ambitious	æmˈbɪʃəs	Having or showing a strong desire and determination to succeed	freetalk
amid	əˈmɪd	Surrounded by; in the middle of	freetalk
annoyed	əˈnɔɪd	To cause slight anger or irritation to	freetalk
appealing	əˈpilɪŋ	Attractive or pleasing to the senses or mind	freetalk
appointments	əˈpɔɪntmənts	An arrangement to meet someone at a particular time and place	freetalk
assumptions	əˈsʌmpʃənz	Something that is accepted as true without proof	freetalk
ballet	bæˈleɪ	A classical dance form characterized by grace and precision of movement	freetalk
bargain	ˈbɑɹɡən	An agreement between parties on a price or exchange of goods or services	freetalk
binary	ˈbaɪnɝi	Consisting of, indicating, or involving two	freetalk
blend	ˈblɛnd	To mix or combine different substances together	freetalk
blogs	ˈblɔɡz	A website containing a writer's or group of writers' own experiences, observations, opinions, etc	freetalk
brake	ˈbɹeɪk	A device for slowing or stopping motion, as of a vehicle	freetalk
builds	ˈbɪldz	Construct	freetalk
businessman	ˈbɪznəˌsmæn	A man engaged in commercial or industrial business, especially as an owner or executive	freetalk
cab	ˈkæb	A taxi	freetalk
chi	ˈkaɪ	The vital energy that is held to animate the body internally	freetalk
collision	kəˈlɪʒən	An instance of two or more objects striking together	freetalk
compassion	kəmˈpæʃən	A feeling of deep sympathy and sorrow for another who is stricken by misfortune, accompanied by a strong desire to alleviate the suffering	freetalk
consumed	kənˈsumd	To eat or drink (something)	freetalk
corrected	kɝˈɛktəd	To make right; remove errors from	freetalk
correction	kɝˈɛkʃən	The action or process of correcting something	freetalk
cough	ˈkɑf	To expel air from the lungs suddenly with a harsh noise, often as a symptom of illness	freetalk
cousins	ˈkʌzənz	A child of one's uncle or aunt	freetalk
critic	ˈkɹɪtɪk	A person who judges the merits of literary, artistic, or musical works	freetalk
defenders	dɪˈfɛndɝz	A person who defends someone or something	freetalk
denying	dɪˈnaɪɪŋ	Refusing to admit the truth or existence of something	freetalk
depot	ˈdipoʊ	A place for the storage of large quantities of equipment, food, or some other commodity	freetalk
distress	dɪˈstɹɛs	Extreme anxiety, sorrow, or pain	freetalk
documentation	ˌdɑkjəmɛnˈteɪʃən	Material that provides official information or evidence	freetalk
doubts	ˈdaʊts	Feel uncertain about	freetalk
dramatically	dɹəˈmætɪkli	In a sudden and striking manner	freetalk
drank	ˈdɹæŋk	Simple past tense of drink	freetalk
dudes	ˈdjudz	A man	freetalk
eats	ˈits	Food consumed by a person or animal for nourishment	freetalk
elegant	ˈɛləɡənt	Pleasingly graceful and stylish in appearance or manner	freetalk
elevator	ˈɛləˌveɪtɝ	A platform or compartment that moves vertically in a building, used for carrying people or goods between floors	freetalk
exchanges	ɪksˈtʃeɪndʒəz	The act of giving something in return for something else	freetalk
excuses	ɪkˈskjusɪz	A reason or explanation given to justify a fault or offense	freetalk
execute	ˈɛksəˌkjut	Carry out or put into effect (a plan, order, or course of action)	freetalk
factories	ˈfæktɝiz	Buildings or group of buildings where goods are manufactured or assembled	freetalk
feast	ˈfist	A large meal, typically a celebratory one	freetalk
friend's	ˈfɹɛndz	Belonging to or relating to friend	shadowline
frost	ˈfɹɔst	A deposit of small white ice crystals formed on the ground or other surfaces when the temperature falls below freezing	freetalk
herald	ˈhɛɹəld	A person or thing that precedes or comes before; forerunner	freetalk
hike	ˈhaɪk	A long walk, especially in the countryside or wilderness	freetalk
hollow	ˈhɑloʊ	Having a hole or empty space inside	freetalk
homeland	ˈhoʊmˌlænd	The country of one's birth or citizenship	freetalk
how's	ˈhaʊz	Short for 'how is' or 'how has'	shadowline
imported	ˌɪmˈpɔɹtɪd	Brought in from another country for sale or use	freetalk
ing	ˈɪŋ	A suffix used to form the present participle of verbs	freetalk
internationally	ˌɪntɝˈnæʃənəli	In a way that relates to or involves two or more countries	freetalk
kane	ˈkeɪn	A type of strong, durable wood used in furniture making	freetalk
kissed	ˈkɪst	To touch with the lips as a sign of love, greeting, or respect	freetalk
lame	ˈleɪm	(adjective) unable to walk normally due to injury or disability	freetalk
licensing	ˈlaɪsənsɪŋ	The granting of a license or permission to do something	freetalk
lily	ˈlɪli	A plant with large, showy flowers	freetalk
limiting	ˈlɪmətɪŋ	Restricting or confining within bounds	freetalk
locker	ˈlɑkɝ	A small, usually metal compartment for storing personal belongings	freetalk
mainland	ˈmeɪnˌlænd	The main part of a country or territory, as opposed to islands or outlying regions	freetalk
marking	ˈmɑɹkɪŋ	A visible trace or impression left on a surface	freetalk
meditation	ˌmɛdəˈteɪʃən	The act of meditating	freetalk
messenger	ˈmɛsəndʒɝ	One who carries messages or performs errands	freetalk
metals	ˈmɛtəlz	A solid material that is typically hard, shiny, malleable, fusible, and ductile, with good electrical and thermal conductivity	freetalk
missiles	ˈmɪsəlz	A weapon designed to be launched at a target	freetalk
pencil	ˈpɛnsəl	A writing instrument with a thin rod of graphite enclosed in a wooden or metal case	freetalk
philosophical	ˌfɪləˈsɑfɪkəl	Relating to the study of the fundamental nature of knowledge, reality, and existence, especially when considered as an academic discipline	freetalk
pipes	ˈpaɪps	A tube of metal, plastic, or other material used to convey water, gas, oil, or other fluid substances	freetalk
plasma	ˈplæzmə	The liquid part of blood	freetalk
plea	ˈpli	A request made in an urgent or emotional manner	freetalk
punish	ˈpʌnɪʃ	Inflict a penalty or sanction on someone for a wrongdoing	freetalk
purse	ˈpɝs	A small bag used to carry money and personal items	freetalk
relieved	ɹɪˈlivd	No longer feeling worried or distressed	freetalk
replies	ɹɪˈplaɪz	To respond to something said or written	freetalk
reservation	ˌɹɛzɝˈveɪʃən	An arrangement in which something is held back or set aside for a specific purpose	freetalk
rhetoric	ˈɹɛtɝɪk	The art of effective or persuasive speaking or writing	freetalk
rivals	ˈɹaɪvəlz	A person or thing competing with another for the same objective or for superiority in the same field of activity	freetalk
rushing	ˈɹʌʃɪŋ	Moving quickly or with great haste	freetalk
salvation	sælˈveɪʃən	The act of saving or protecting from harm, risk, loss, destruction, etc	freetalk
sanctions	ˈsæŋkʃənz	A threatened penalty for disobeying a law or rule	freetalk
secular	ˈsɛkjəlɝ	Denoting attitudes, activities, or other things that have no religious or spiritual basis	freetalk
sensitivity	ˌsɛnsɪˈtɪvɪti	The quality or condition of being sensitive	freetalk
sigh	ˈsaɪ	Emit a long, deep audible breath expressing sadness, relief, tiredness, or similar emotion	freetalk
sixteen	sɪkˈstin	The number that is equal to the sum of ten and six	freetalk
sovereign	ˈsɑvɹən	A supreme ruler or monarch	freetalk
specifications	ˌspɛsəfəˈkeɪʃənz	A detailed description or assessment of requirements, dimensions, materials, etc., for a proposed product or service	freetalk
spends	ˈspɛndz	To pay out money	freetalk
spouse	ˈspaʊs	A married person	freetalk
stat	ˈstæt	Immediately	freetalk
supervisor	ˈsupɝˌvaɪzɝ	A person who supervises or directs workers	freetalk
synthetic	sɪnˈθɛtɪk	Made by chemical synthesis, especially to imitate a natural product	freetalk
teaches	ˈtitʃəz	To impart knowledge or skill to someone through instruction	freetalk
tense	ˈtɛns	Stretched tight or rigid	freetalk
terrifying	ˈtɛɹəˌfaɪɪŋ	Causing extreme fear or dread	freetalk
tracked	ˈtɹækt	Followed the movements or path of something	freetalk
traders	ˈtɹeɪdɝz	A person who buys and sells goods or services	freetalk
troy	ˈtɹɔɪ	A system of weights used for precious metals, with a pound containing 12 ounces	freetalk
varieties	vɝˈaɪətiz	Different kinds, types, or forms of something	freetalk
vegan	ˈvɛɡən	A person who does not eat or use animal products	freetalk
waking	ˈweɪkɪŋ	The act of becoming conscious after sleep	freetalk
wang	ˈwæŋ	A slang term for a penis	freetalk
wilderness	ˈwɪldɝnəs	An uncultivated, uninhabited, and inhospitable region	freetalk
admits	ədˈmɪts	To allow to enter; grant entry	freetalk
adviser	ædˈvaɪzɝ	A person who gives advice or guidance	freetalk
aggregate	ˈæɡɹəɡət	Formed by the collection of units or particles into a mass or whole	freetalk
anal	ˈeɪnəl	Of or relating to the anus	freetalk
anatomy	əˈnætəmi	The study of the structure of living organisms	freetalk
announces	əˈnaʊnsɪz	To make known publicly or officially	freetalk
applicants	ˈæplɪkənts	a person who applies for a job or position	freetalk
automobile	ˈɔtəmoʊˌbil	A vehicle designed for passenger transportation	freetalk
breasts	ˈbɹɛsts	The two soft, protruding organs on a woman's chest that secrete milk after childbirth	freetalk
cement	səˈmɛnt	A powdery substance made by calcining lime and clay, used in construction	freetalk
chess	ˈtʃɛs	A game played on a specially designed board with 64 squares arranged in an eight-by-eight grid	freetalk
citing	ˈsaɪtɪŋ	To quote or refer to (a book or author) as evidence for or justification of an argument or statement	freetalk
colonies	ˈkɑləniz	A group of people who settle in a new country or area	freetalk
composite	kəmˈpɑzət	Made up of various parts or elements	freetalk
consequently	ˈkɑnsəkwəntli	As a result or effect of something else	freetalk
consist	kənˈsɪst	Be composed or made up of	freetalk
councils	ˈkaʊnsəlz	An assembly or meeting for consultation or discussion	freetalk
cox	ˈkɑks	The person who steers a racing shell	freetalk
decorated	ˈdɛkɝˌeɪtɪd	Adorned with something attractive or ornamental	freetalk
delegates	ˈdɛləˌɡeɪts	A person sent or authorized to represent others, especially at a conference or meeting	freetalk
dreaming	ˈdɹimɪŋ	A series of thoughts, images, and sensations occurring in a person's mind during sleep	freetalk
dull	ˈdʌl	Lacking interest or excitement	freetalk
enables	ɛˈneɪbəlz	To make possible or easy	freetalk
fare	ˈfɛɹ	The money a passenger on public transportation has to pay	freetalk
fashioned	ˈfæʃənd	Made or shaped in a particular way	freetalk
feared	ˈfɪɹd	Regarded with fear or apprehension	freetalk
float	ˈfloʊt	To rest or remain on the surface of a liquid without sinking	freetalk
generator	ˈdʒɛnɝˌeɪtɝ	A machine that produces electrical power	freetalk
grind	ˈɡɹaɪnd	Reduce (something) to small particles or powder by crushing it	freetalk
grinding	ˈɡɹaɪndɪŋ	To reduce to small particles by crushing or abrading	freetalk
grove	ˈɡɹoʊv	A small group of trees	freetalk
guessing	ˈɡɛsɪŋ	Estimate or suppose (something) without sufficient information to be sure of being correct	freetalk
gum	ˈɡʌm	A sticky substance used for chewing or sticking things together	freetalk
hobby	ˈhɑbi	An activity done regularly in one's leisure time for pleasure	freetalk
hunters	ˈhʌntɝz	A person who hunts game or other wild animals for food or sport	freetalk
idol	ˈaɪdəl	An image or representation of a god used as an object of worship	freetalk
illusion	ˌɪˈluʒən	A false idea or belief	freetalk
incorrect	ˌɪnkɝˈɛkt	Not in accordance with fact; wrong	freetalk
jun	ˈdʒʌn	A unit of energy equal to one watt-second	freetalk
junction	ˈdʒʌŋkʃən	A point where two or more things are joined	freetalk
lance	ˈlæns	A long weapon with a pointed metal head, used for thrusting or throwing	freetalk
leap	ˈlip	To jump or spring a long way, to a great height, or with great force	freetalk
locate	ˈloʊˌkeɪt	To find the exact position of something	freetalk
locks	ˈlɑks	A device for securing a door, lid, or container	freetalk
lou	ˈlu	A monetary unit of Laos	freetalk
lynch	ˈlɪntʃ	To put to death, especially by hanging, by mob action and without legal authority	freetalk
manages	ˈmænɪdʒɪz	To be in charge of or control something	freetalk
masses	ˈmæsəz	A large number of people or things	freetalk
medicare	ˈmɛdəˌkɛɹ	A federal health insurance program for people who are 65 or older	freetalk
modeling	ˈmɑdəˌlɪŋ	The act of representing something, typically on a smaller scale	freetalk
motive	ˈmoʊtɪv	A reason for doing something	freetalk
nazis	ˈnɑtsiz	A member of the National Socialist German Workers' Party	freetalk
networking	ˈnɛˌtwɝkɪŋ	The action or process of interacting with others to exchange information and develop professional or social contacts	freetalk
newer	ˈnuɝ	More recent in time	freetalk
newton	ˈnutən	A fig tree of the Mediterranean region, widely cultivated for its edible fruit	freetalk
oppose	əˈpoʊz	To act against or provide resistance to something	freetalk
optimal	ˈɑptəməl	Best or most favorable	freetalk
other's	ˈʌðɝz	Belonging to or relating to other	shadowline
overtime	ˈoʊvɝˌtaɪm	Time worked beyond regular working hours	freetalk
packs	ˈpæks	A group of wild animals, especially wolves, living and hunting together	freetalk
permits	pɝˈmɪts	Give authorization or consent for something to happen	freetalk
pops	ˈpɑps	A sudden, explosive sound	freetalk
postal	ˈpoʊstəl	Of or relating to mail services	freetalk
predictions	pɹiˈdɪkʃənz	A statement about what will happen in the future	freetalk
president's	ˈpɹɛzɪdənts	Belonging to or relating to president	shadowline
profound	pɹoʊˈfaʊnd	Having deep insight or understanding	freetalk
prosecutor	ˈpɹɑsɪˌkjutɝ	A person who institutes legal proceedings against someone	freetalk
rebellion	ɹɪˈbɛljən	Opposition to authority or control	freetalk
recipient	ɹəˈsɪpiənt	A person who receives something	freetalk
refund	ɹɪˈfʌnd	Give back money to (someone) in return for goods or services	freetalk
remembering	ɹɪˈmɛmbɝɪŋ	To have in or be able to bring to one's mind an awareness of (someone or something from the past)	freetalk
rescued	ˈɹɛskjud	Save (someone) from a dangerous or distressing situation	freetalk
risky	ˈɹɪski	Involving the possibility of loss or harm; dangerous	freetalk
robust	ɹoʊˈbʌst	Strong and healthy	freetalk
scam	ˈskæm	A dishonest scheme or fraud	freetalk
shareholders	ˈʃɛɹˌhoʊldɝz	A person who owns shares in a company	freetalk
sided	ˈsaɪdɪd	Having a specified number or kind of sides	freetalk
simulation	ˌsɪmjəˈleɪʃən	The act or process of simulating something	freetalk
sober	ˈsoʊbɝ	Not drunk	freetalk
spice	ˈspaɪs	An aromatic or pungent substance used to flavor food	freetalk
squeeze	ˈskwiz	To press firmly together	freetalk
storms	ˈstɔɹmz	A violent disturbance of the atmosphere with strong winds and usually rain, thunder, lightning, or snow	freetalk
supervision	ˌsupɝˈvɪʒən	The action of supervising or overseeing a person, task, or activity	freetalk
suspects	səˈspɛkts	To believe to be guilty or culpable	freetalk
swap	ˈswɑp	To exchange or trade something for another	freetalk
swept	ˈswɛpt	Past tense of sweep	freetalk
terrain	tɝˈeɪn	A stretch of land, especially with regard to its physical features	freetalk
terrified	ˈtɛɹəˌfaɪd	Filled with fear or terror	freetalk
themed	ˈθimd	(adjective) arranged or organized according to a particular theme	freetalk
threaten	ˈθɹɛtən	To express an intention to harm or punish	freetalk
thrilled	ˈθɹɪld	To feel a sudden wave of excitement or pleasure	freetalk
towel	ˈtaʊəl	A piece of absorbent cloth or paper used for drying or wiping	freetalk
trio	ˈtɹiˌoʊ	A group of three people or things	freetalk
tubes	ˈtubz	A long, hollow cylinder of metal, plastic, glass, etc., for holding or transporting something	freetalk
unconscious	ˌʌnˈkɑnʃəs	Not awake or aware of one's surroundings	freetalk
varies	ˈvɛɹiz	To change or differ in size, amount, or degree	freetalk
vegetable	ˈvɛdʒtəbəl	A plant or part of a plant used as food, typically savory rather than sweet	freetalk
verified	ˈvɛɹəˌfaɪd	Confirmed as true or accurate	freetalk
vibe	ˈvaɪb	A person's emotional state or the atmosphere of a place as communicated to and felt by others	freetalk
virtue	ˈvɝtʃu	Behavior showing high moral standards	freetalk
wishing	ˈwɪʃɪŋ	The act of expressing a desire for something	freetalk
workforce	ˈwɝkˌfɔɹs	The total number of people employed by a company or in a particular country or area	freetalk
zombie	ˈzɑmbi	A reanimated corpse that has been brought back to life, typically by supernatural means	freetalk
acre	ˈeɪkɝ	A unit of land area equal to 43,560 square feet	freetalk
airports	ˈɛɹˌpɔɹts	A place where aircraft regularly take off and land, with facilities for passengers	freetalk
amen	eɪˈmɛn	Used to express agreement or approval	freetalk
arise	ɝˈaɪz	To come into being or notice; originate	freetalk
ashes	ˈæʃəz	The powdery residue left after something has been burned	freetalk
automotive	ˌɔtəˈmoʊtɪv	relating to or concerned with motor vehicles or their repair	freetalk
battlefield	ˈbætəlˌfild	A place where a battle is fought	freetalk
begging	ˈbɛɡɪŋ	To ask for something as charity or a gift	freetalk
bloom	ˈblum	A flower, especially one cultivated for its beauty	freetalk
bore	ˈbɔɹ	To make a hole in something using a tool	freetalk
bundle	ˈbʌndəl	A collection of things wrapped or tied together	freetalk
butterfly	ˈbʌtɝˌflaɪ	A flying insect with large, often colorful wings	freetalk
buys	ˈbaɪz	Purchase goods or services in exchange for money	freetalk
casualties	ˈkæʒəwəltiz	A person killed or injured in a war or accident	freetalk
catches	ˈkætʃəz	To intercept and hold (something that has been thrown, propelled, or dropped)	freetalk
chad	ˈtʃæd	A small piece of waste material produced by punching a hole	freetalk
clown	ˈklaʊn	A comic performer, typically wearing exaggerated clothing and makeup	freetalk
committees	kəˈmɪtiz	A group of people appointed for a specific function, typically consisting of members of a larger group	freetalk
conjunction	kənˈdʒʌŋkʃən	A word used to connect clauses or sentences or to coordinate words in the same clause	freetalk
costly	ˈkɑstli	Involving a high price or expense	freetalk
cows	ˈkaʊz	Female cattle	freetalk
cries	ˈkɹaɪz	Utter inarticulate sounds, as of pain or grief	freetalk
cycles	ˈsaɪkəlz	A series of events that are regularly repeated in the same order	freetalk
darker	ˈdɑɹkɝ	Having less light, not as bright	freetalk
descent	dɪˈsɛnt	The act or process of moving downward	freetalk
desktop	ˈdɛskˌtɑp	The surface of a desk	freetalk
dial	ˈdaɪəl	A disk or plate with numbers or other marks on its face, used to show the time on a clock or watch	freetalk
directory	dɝˈɛktɝi	A book or electronic list of names, addresses, and other information	freetalk
disabilities	dɪsəˈbɪlətiz	A physical or mental condition that limits a person's movements, senses, or activities	freetalk
discharge	dɪsˈtʃɑɹdʒ	Release from a duty or obligation	freetalk
discusses	dɪˈskʌsəz	To talk about something with another person or group	freetalk
dodge	ˈdɑdʒ	Avoid (something) by a sudden quick movement	freetalk
downs	ˈdaʊnz	Toward or in a lower place or position	freetalk
drilling	ˈdɹɪlɪŋ	The act of boring a hole in something using a drill	freetalk
drums	ˈdɹʌmz	A cylindrical container or receptacle, especially one used for storing liquids	freetalk
elimination	ɪˌlɪməˈneɪʃən	The act of removing or getting rid of something	freetalk
enjoys	ˌɛnˈdʒɔɪz	Take delight or pleasure in (a particular thing)	freetalk
es	ˈɛs	Third person singular present of the verb 'be'	freetalk
ginger	ˈdʒɪndʒɝ	A hot, fragrant spice made from the rhizome of a plant	freetalk
governors	ˈɡʌvɝnɝz	A person who governs or controls	freetalk
guild	ˈɡɪld	An organization of persons with related interests, goals, etc., especially one formed for mutual aid or protection	freetalk
halt	ˈhɔlt	To stop moving or operating	freetalk
han	ˈhɑn	A unit of length equal to three Chinese feet	freetalk
imaging	ˈɪmɪdʒɪŋ	The action or process of producing an image	freetalk
implied	ˌɪmˈplaɪd	Suggested but not directly expressed	freetalk
impress	ˌɪmˈpɹɛs	Make a mark or design on a surface by pressing or stamping	freetalk
inability	ˌɪnəˈbɪlɪti	Lack of ability to do something	freetalk
incoming	ˈɪnˌkʌmɪŋ	Coming in or arriving	freetalk
jar	ˈdʒɑɹ	A wide-mouthed container made of glass or pottery, used for storing food or other items	freetalk
kay	ˈkeɪ	A small, flat-bottomed boat	freetalk
litigation	ˌlɪtəˈɡeɪʃən	the process of taking legal action	freetalk
mentor	ˈmɛnˌtɔɹ	An experienced and trusted advisor or guide	freetalk
merchandise	ˈmɝtʃənˌdaɪz	Goods to be bought and sold	freetalk
minerals	ˈmɪnɝəlz	A solid inorganic substance of natural occurrence	freetalk
miners	ˈmaɪnɝz	A tool or machine used for mining	freetalk
monk	ˈmʌŋk	A member of a religious community of men typically living under vows of poverty, chastity, and obedience	freetalk
neighborhoods	ˈneɪbɝˌhʊdz	A district or community within a town or city	freetalk
noah	ˈnoʊə	A male given name	freetalk
norm	ˈnɔɹm	A standard or pattern that is typical or expected	freetalk
obtaining	əbˈteɪnɪŋ	To acquire or get possession of something	freetalk
occupy	ˈɑkjəˌpaɪ	To fill or take up (space or time)	freetalk
offended	əˈfɛndəd	To feel upset or annoyed by something said or done	freetalk
orthodox	ˈɔɹθəˌdɑks	Adhering to traditional beliefs or practices	freetalk
overhead	ˈoʊvɝˈhɛd	Located above someone's head	freetalk
pac	ˈpæk	A group or coalition that works together for a common purpose	freetalk
painter	ˈpeɪntɝ	A person who paints surfaces, such as walls or buildings	freetalk
party's	ˈpɑɹtiz	Belonging to or relating to party	shadowline
pierce	ˈpɪɹs	To make a hole in or through something with a sharp object	freetalk
pistol	ˈpɪstəl	A small firearm designed to be held in one hand	freetalk
printer	ˈpɹɪntɝ	A person or company that prints books, newspapers, etc	freetalk
prone	ˈpɹoʊn	Likely to or liable to suffer from, do, or experience something, typically something regrettable or unwelcome	freetalk
raiders	ˈɹeɪdɝz	A person who attacks an enemy in their territory	freetalk
readily	ˈɹɛdəli	Quickly and easily	freetalk
reflecting	ɹɪˈflɛktɪŋ	To throw back light, heat, or sound without absorbing it	freetalk
regiment	ˈɹɛdʒəmənt	A military unit	freetalk
remembers	ɹɪˈmɛmbɝz	To have in or be able to bring to one's mind an awareness of (someone or something from the past)	freetalk
reunion	ɹiˈunjən	An instance of two or more people coming together again after a period of separation	freetalk
revival	ɹɪˈvaɪvəl	An improvement in the condition or strength of something	freetalk
sanctuary	ˈsæŋktʃuˌɛɹi	A place of refuge or safety	freetalk
satisfying	ˈsætɪsˌfaɪɪŋ	Fulfilling a need or desire	freetalk
seas	ˈsiz	A large body of salt water that is smaller than an ocean	freetalk
securing	sɪˈkjʊɹɪŋ	To make something safe or stable	freetalk
sensors	ˈsɛnsɝz	A device that detects or measures a physical property and records, indicates, or otherwise responds to it	freetalk
shells	ˈʃɛlz	The hard outer covering of an egg	freetalk
siege	ˈsidʒ	A military operation in which enemy forces surround a town or building, cutting off essential supplies in order to force surrender	freetalk
sixty	ˈsɪksti	The number that is equal to six times ten	freetalk
sleeve	ˈsliv	The part of a garment that covers the arm	freetalk
sonic	ˈsɑnɪk	Relating to sound or the speed of sound	freetalk
soundtrack	ˈsaʊndˌtɹæk	A recording of the musical accompaniment to a movie	freetalk
speeches	ˈspitʃəz	A formal address or discourse delivered to an audience	freetalk
spine	ˈspaɪn	The series of vertebrae extending from the skull to the pelvis, supporting the body and protecting the spinal cord	freetalk
steering	ˈstɪɹɪŋ	The act of guiding a vehicle or vessel in a desired direction	freetalk
substances	ˈsʌbstənsəz	A particular kind of matter with uniform properties	freetalk
sustain	səˈsteɪn	To support, hold, or bear up from below; bear the weight of, as a structure	freetalk
tenure	ˈtɛnjɝ	The holding or possessing of an office or position	freetalk
texture	ˈtɛkstʃɝ	The feel, appearance, or consistency of a surface or substance	freetalk
thankful	ˈθæŋkfəl	Feeling or showing gratitude	freetalk
translate	tɹænzˈleɪt	Express the sense of words or text in another language	freetalk
treasurer	ˈtɹɛʒɝɝ	A person appointed to administer or manage the financial assets of an organization	freetalk
triangle	ˈtɹaɪˌæŋɡəl	A closed plane figure with three straight sides and three angles	freetalk
unclear	ənˈklɪɹ	Not clear or easily understood	freetalk
upgraded	əpˈɡɹeɪdɪd	To improve or enhance the quality or value of something	freetalk
wizard	ˈwɪzɝd	A person who practices magic; a sorcerer or magician	freetalk
absorbed	əbˈzɔɹbd	To take in or soak up liquid or other substances	freetalk
admin	ˈædmɪn	A person responsible for managing and organizing a business or organization	freetalk
affection	əˈfɛkʃən	A gentle feeling of fondness or liking	freetalk
airplane	ˈɛɹˌpleɪn	A powered flying vehicle with fixed wings and a weight greater than that of the air it displaces	freetalk
altitude	ˈæltəˌtud	The height of an object or point in relation to sea level or ground level	freetalk
attributes	ˈætɹəˌbjuts	regard something as being caused by someone or something	freetalk
baked	ˈbeɪkt	Cooked in an oven	freetalk
baking	ˈbeɪkɪŋ	The act of cooking food in an oven or over an open flame	freetalk
beautifully	ˈbjutəfli	In a beautiful manner	freetalk
betty	ˈbɛti	A baked dessert typically made with layers of fruit and buttery crumbs	freetalk
biblical	ˈbɪbləkəl	Relating to or contained in the Bible	freetalk
boo	ˈbu	A sound made to express disapproval or contempt	freetalk
collapsed	kəˈlæpst	To fall down or inward suddenly; to cave in	freetalk
coloured	ˈkʌlɝd	Having color or a certain color	freetalk
competent	ˈkɑmpətɪnt	Having the necessary ability, knowledge, or skill to do something successfully	freetalk
countryside	ˈkʌntɹiˌsaɪd	A rural area or open land outside of cities and towns	freetalk
cracking	ˈkɹækɪŋ	Breaking or causing to break open	freetalk
crane	ˈkɹeɪn	A large bird with a long neck and legs, typically found near water	freetalk
debris	dəˈbɹi	scattered pieces of waste or remains	freetalk
delegation	ˌdɛləˈɡeɪʃən	The act of entrusting a task or responsibility to another person or group	freetalk
demographic	ˌdɛməˈɡɹæfɪk	Relating to the characteristics of a population, such as age, gender, income, etc	freetalk
descriptions	dɪˈskɹɪpʃənz	A spoken or written representation or account of a person, object, or event	freetalk
donor	ˈdoʊnɝ	A person who gives blood or organs for medical use	freetalk
easiest	ˈiziəst	Superlative form of easy	freetalk
educate	ˈɛdʒəˌkeɪt	To give intellectual, moral, and social instruction to someone	freetalk
enabling	ɛˈneɪbəlɪŋ	To make possible or easy	freetalk
enrolled	ɛnˈɹoʊld	Officially register as a member of a course, college, or group	freetalk
enrollment	ɛnˈɹoʊlmənt	The act of enrolling or being enrolled	freetalk
exceed	ɪkˈsid	To go beyond in quantity, degree, or extent	freetalk
excluding	ɪksˈkludɪŋ	Not including; leaving out	freetalk
expressions	ɪkˈspɹɛʃənz	The act of conveying thoughts or feelings through words, actions, or other means	freetalk
fierce	ˈfɪɹs	Showing a heartfelt and powerful intensity	freetalk
forgetting	fɝˈɡɛtɪŋ	Fail to remember	freetalk
garlic	ˈɡɑɹlɪk	A strong-smelling pungent-tasting bulb, used as a flavoring in cooking and in herbal medicine	freetalk
gratitude	ˈɡɹætəˌtud	The quality of being thankful; readiness to show appreciation for and to return kindness	freetalk
hail	ˈheɪl	Small pellets of ice falling from the sky	freetalk
heroin	ˈhɛɹoʊən	A highly addictive drug derived from morphine	freetalk
honda	ˈhɔndə	A Japanese multinational corporation known for manufacturing automobiles, motorcycles, and power equipment	freetalk
hooked	ˈhʊkt	Addicted or dependent on something	freetalk
illustration	ˌɪləˈstɹeɪʃən	A picture or diagram that helps make something clear or attractive	freetalk
impose	ˌɪmˈpoʊz	Force something unwelcome or unfamiliar to be accepted or put in place	freetalk
indicator	ˈɪndəˌkeɪtɝ	A person or thing that indicates	freetalk
inequality	ˌɪnɪˈkwɑləti	The condition of being unequal	freetalk
ins	ˈɪnz	A unit of length equal to one twelfth of a foot	freetalk
interpreted	ˌɪnˈtɝpɹətəd	Explain the meaning of (something)	freetalk
joey	ˈdʒoʊi	A young kangaroo or wallaby	freetalk
journals	ˈdʒɝnəlz	A daily record of news and events	freetalk
leisure	ˈlɛʒɝ	Time free from work or duties	freetalk
lend	ˈlɛnd	To give something to someone for a period of time, expecting it to be returned	freetalk
lengths	ˈlɛŋkθs	The measurement or extent of something from end to end	freetalk
lounge	ˈlaʊndʒ	A room for relaxing or socializing	freetalk
luckily	ˈlʌkəli	By good fortune; fortunately	freetalk
manuscript	ˈmænjəˌskɹɪpt	A handwritten or typed document, especially a literary or historical work	freetalk
marines	mɝˈinz	Soldiers who serve on ships	freetalk
mint	ˈmɪnt	A place where coins are produced	freetalk
molecules	ˈmɑləˌkjulz	The smallest physical unit of a substance that can exist independently, consisting of one or more atoms held together by chemical forces	freetalk
notification	ˌnoʊtəfəˈkeɪʃən	The act of notifying or informing someone	freetalk
nova	ˈnoʊvə	A star showing a sudden large increase in brightness, then slowly returning to its original state	freetalk
outline	ˈaʊtˌlaɪn	A general description or plan showing the essential features of something	freetalk
pasta	ˈpɑstə	A type of food made from flour, water, and sometimes eggs, that is cooked and usually served with a sauce	freetalk
pi	ˈpaɪ	The sixteenth letter of the Greek alphabet	freetalk
polite	pəˈlaɪt	Showing good manners towards others	freetalk
productions	pɹəˈdʌkʃənz	The act of producing or creating something	freetalk
professors	pɹəˈfɛsɝz	A person who teaches or instructs at a college or university	freetalk
quicker	ˈkwɪkɝ	Faster in speed or time than something else	freetalk
randy	ˈɹændi	Sexually aroused or excited	freetalk
receipt	ɹɪˈsit	The action of receiving something	freetalk
recognise	ˈɹɛkəɡˌnaɪz	Identify as already known	freetalk
reliability	ɹiˌlaɪəˈbɪləti	The quality of being trustworthy or consistent	freetalk
researcher	ˈɹisɝtʃɝ	A person who conducts research	freetalk
retailers	ˈɹiˌteɪlɝz	A person or business that sells goods directly to consumers	freetalk
reviewing	ɹiˈvjuɪŋ	To examine or assess something formally with the possibility or intention of instituting change if necessary	freetalk
romans	ˈɹoʊmənz	A citizen or soldier of ancient Rome	freetalk
runway	ˈɹʌnˌweɪ	A strip of hard ground along which aircraft take off and land	freetalk
sculpture	ˈskʌlptʃɝ	The art of making two- or three-dimensional representative or abstract forms, especially by carving stone or wood or by casting metal or plaster	freetalk
senses	ˈsɛnsɪz	The faculties of sight, hearing, smell, taste, and touch	freetalk
sensor	ˈsɛnsɝ	A device that detects or measures a physical property and records, indicates, or otherwise responds to it	freetalk
showcase	ˈʃoʊˌkeɪs	A glass case used for displaying valuable or important objects	freetalk
smoked	ˈsmoʊkt	To inhale and exhale the smoke of burning tobacco or a drug	freetalk
subsidiary	səbˈsɪdiˌɛɹi	Less important or secondary in relation to something else	freetalk
tenth	ˈtɛnθ	Constituting number ten in a sequence	freetalk
theology	θiˈɑlədʒi	The study of the nature of God and religious beliefs	freetalk
topped	ˈtɑpt	To cover or decorate the top of something	freetalk
trails	ˈtɹeɪlz	A beaten path through rough country or wilderness	freetalk
underwater	ˈʌndɝˌwɔtɝ	Located, occurring, or taking place below the surface of water	freetalk
uploaded	ˈʌˌploʊdɪd	To transfer data from a computer to a central server	freetalk
velocity	vəˈlɑsəti	Speed in a given direction	freetalk
venues	ˈvɛnuz	The place where an event or gathering takes place	freetalk
wax	ˈwæks	A solid substance that is typically yellow or brown and is used for making candles and polish	freetalk
yay	ˈjeɪ	Used to express joy or approval	freetalk
yu	ˈju	You - used to refer to the person or people being addressed	freetalk
accountability	əˈkaʊntəˌbɪlɪti	the fact or condition of being accountable; responsibility	freetalk
aerial	ˈɛɹiəl	Existing, happening, or operating in the air	freetalk
albeit	ɔlˈbiɪt	Although	freetalk
alcoholic	ˌælkəˈhɑlɪk	A person who is addicted to alcohol	freetalk
amazed	əˈmeɪzd	To fill with wonder or astonishment	freetalk
ambition	æmˈbɪʃən	A strong desire to achieve something	freetalk
ammunition	ˌæmjəˈnɪʃən	Projectiles, such as bullets or shells, used in warfare	freetalk
anthem	ˈænθəm	A song of praise or devotion	freetalk
architects	ˈɑɹkəˌtɛkts	A person who designs buildings and advises in their construction	freetalk
automated	ˈɔtəˌmeɪtɪd	Operated automatically	freetalk
bake	ˈbeɪk	To cook by dry heat in an oven	freetalk
batch	ˈbætʃ	A quantity of goods produced at one time	freetalk
borrowed	ˈbɑˌɹoʊd	To take and use (something that belongs to someone else) with the intention of returning it	freetalk
catalog	ˈkætəlɔɡ	A list or record of items	freetalk
catalogue	ˈkætəˌlɔɡ	A complete list of items, typically organized in a systematic way	freetalk
charitable	ˈtʃæɹətəbəl	Generous in giving money or help to those in need	freetalk
clicking	ˈklɪkɪŋ	Make a short, sharp sound	freetalk
club's	ˈklʌbz	Belonging to or relating to club	shadowline
collector	kəˈlɛktɝ	A person who collects things, especially as a hobby	freetalk
compliment	ˈkɑmpləmɛnt	An expression of praise or admiration	freetalk
consisted	kənˈsɪstəd	To be made up or composed of	freetalk
continually	kənˈtɪnjuəli	Happening without interruption or stopping	freetalk
coordinator	koʊˈɔɹdəˌneɪtɝ	A person who organizes and arranges events or activities	freetalk
damaging	ˈdæmɪdʒɪŋ	Causing harm or injury	freetalk
danish	ˈdeɪnɪʃ	A sweet pastry typically filled with fruit or cheese	freetalk
deployment	dɪˈplɔɪmənt	The act of moving troops or equipment into position for military action	freetalk
drafted	ˈdɹæftɪd	To prepare a preliminary version of a document or plan	freetalk
enjoyable	ˌɛnˈdʒɔɪəbəl	Giving or causing pleasure	freetalk
exotic	ɪɡˈzɑtɪk	Originating in or characteristic of a distant foreign country	freetalk
exterior	ɪkˈstɪɹiɝ	The outer surface or structure of something	freetalk
feminine	ˈfɛmənən	Having qualities traditionally ascribed to women, such as sensitivity or gentleness	freetalk
firearms	ˈfaɪɝˌɑɹmz	A weapon, especially a pistol or rifle, capable of firing a projectile using gunpowder or other explosive material	freetalk
fountain	ˈfaʊntən	A natural spring of water	freetalk
fury	ˈfjʊɹi	Wild or violent anger	freetalk
genocide	ˈdʒɛnəˌsaɪd	The deliberate killing of a large number of people from a particular nation or ethnic group with the aim of destroying that nation or group	freetalk
glance	ˈɡlæns	To look quickly or briefly	freetalk
glow	ˈɡloʊ	To emit a steady light without flame	freetalk
hay	ˈheɪ	Grass that has been mown and dried for use as fodder	freetalk
headlines	ˈhɛdˌlaɪnz	A heading at the top of an article or page in a newspaper or magazine	freetalk
hometown	ˈhoʊmˌtaʊn	The town or city where a person was born or grew up	freetalk
humanitarian	ˌhjuˌmænəˈtɛɹiən	A person who seeks to promote human welfare and social reform	freetalk
immunity	ˌɪˈmjunəti	Protection or exemption from something, especially a disease or legal prosecution	freetalk
implementing	ˈɪmpləˌmɛntɪŋ	Put (a decision, plan, agreement, etc.) into effect	freetalk
inherited	ˌɪnˈhɛɹətɪd	Receive (money, property, or a title) as an heir at the death of the previous holder	freetalk
killers	ˈkɪlɝz	A person or thing that kills	freetalk
labeled	ˈleɪbəld	A small piece of paper, fabric, plastic, or similar material attached to an object and inscribed with information	freetalk
liberation	ˌlɪˌbɝˈeɪʃən	The act of setting someone free from imprisonment, slavery, or oppression	freetalk
likelihood	ˈlaɪkliˌhʊd	The state or fact of something being likely; probability	freetalk
lone	ˈloʊn	Having no companions; solitary	freetalk
massacre	ˈmæsəkɝ	The killing of a large number of people, especially in a brutal manner	freetalk
meme	ˈmim	An image, video, piece of text, etc., typically humorous in nature, that is copied and spread rapidly by internet users	freetalk
mitch	ˈmɪtʃ	To play truant or skip school	freetalk
mod	ˈmɔd	A style or fashion in clothing or music	freetalk
nationalist	ˈnæʃənələst	A person who advocates or supports nationalism	freetalk
nationals	ˈnæʃənəlz	A citizen or subject of a particular country	freetalk
necessity	nəˈsɛsəti	The fact of being required or indispensable	freetalk
nickname	ˈnɪkˌneɪm	A familiar or humorous name given to a person instead of their real name	freetalk
observer	əbˈzɝvɝ	A person who watches or notices something	freetalk
offshore	ˈɔfˈʃɔɹ	Situated or occurring in the sea, especially in the open sea away from the shore	freetalk
optional	ˈɑpʃənəl	Left to one's choice; not required	freetalk
papa	ˈpɑˌpʌ	Father	freetalk
parked	ˈpɑɹkt	To leave a vehicle in a certain place for a period of time	freetalk
paste	ˈpeɪst	A soft, moist, and somewhat viscous substance, typically produced by mixing dry ingredients with a liquid	freetalk
pioneer	ˌpaɪəˈnɪɹ	One who is the first to explore or settle a new area	freetalk
plaza	ˈplɑzə	A public square or open space in a city or town	freetalk
prescribed	pɹiˈskɹaɪbd	Officially recommended or ordered	freetalk
pressures	ˈpɹɛʃɝz	The physical force exerted on an object	freetalk
prosperity	pɹɑˈspɛɹəti	The state of being successful or thriving, especially in financial terms	freetalk
recreational	ˌɹɛkɹiˈeɪʃənəl	Relating to or denoting activity done for enjoyment rather than as a job or for financial gain	freetalk
refuge	ˈɹɛfjudʒ	Shelter or protection from danger or distress	freetalk
religions	ɹiˈlɪdʒənz	The belief in and worship of a superhuman controlling power, especially a personal God or gods	freetalk
renewable	ɹiˈnuəbəl	Capable of being renewed	freetalk
rode	ˈɹoʊd	Simple past tense of ride	freetalk
sack	ˈsæk	A large bag made of a strong material such as burlap or canvas, used for storing and carrying goods	freetalk
settlements	ˈsɛtəlmənts	The act of settling or the state of being settled	freetalk
shortage	ˈʃɔɹtədʒ	A situation in which there is not enough of something that is needed	freetalk
skies	ˈskaɪz	The upper atmosphere or expanse of air over a particular area	freetalk
smarter	ˈsmɑɹtɝ	Having or showing quick intelligence or ready mental capability	freetalk
smiles	ˈsmaɪlz	A facial expression showing happiness or amusement	freetalk
sphere	sˈfɪɹ	A round solid figure, or its surface, with every point on its surface equidistant from its center	freetalk
sponsors	ˈspɑnsɝz	A person or organization that provides financial or other support for a person, activity, or organization	freetalk
stamps	ˈstæmps	A small adhesive piece of paper used to send mail	freetalk
stare	ˈstɛɹ	To look fixedly or vacantly at someone or something	freetalk
suburban	səˈbɝbən	Of or relating to a suburb	freetalk
sung	ˈsʌŋ	past tense of sing	freetalk
suppliers	səˈplaɪɝz	A person or company that provides goods or services to another entity	freetalk
tablets	ˈtæbləts	A flat slab or surface, especially one intended for writing or drawing on	freetalk
terribly	ˈtɛɹəbli	In a terrible manner	freetalk
territorial	ˌtɛɹɪˈtɔɹiəl	Relating to territory or land	freetalk
thirds	ˈθɝdz	One of three equal parts of a whole	freetalk
thriller	ˈθɹɪlɝ	A book, film, or play that is exciting and suspenseful	freetalk
transgender	ˈtɹænzˈdʒɛndɝ	denoting or relating to a person whose sense of personal identity and gender does not correspond with their birth sex	freetalk
troubled	ˈtɹʌbəld	Feeling or showing distress or anxiety	freetalk
turtle	ˈtɝtəl	A reptile with a bony or leathery shell	freetalk
ur	ˈɝ	belonging to or associated with the speaker	freetalk
verbal	ˈvɝbəl	Relating to words spoken rather than written	freetalk
violated	ˈvaɪəleɪtɪd	Break or fail to comply with (a rule or agreement)	freetalk
vocals	ˈvoʊkəlz	relating to the human voice	freetalk
wool	ˈwʊl	The soft, curly hair forming the coat of a sheep or similar animal	freetalk
yang	ˈjæŋ	The positive principle in Chinese philosophy that is associated with light, heat, and male elements	freetalk
accountable	əˈkaʊntəbəl	Required or expected to justify actions or decisions	freetalk
advocacy	ˈædvəkəsi	The act of supporting or recommending a particular cause or policy	freetalk
aftermath	ˈæftɝˌmæθ	Consequences or results of a significant event	freetalk
aggression	əˈɡɹɛʃən	Hostile or violent behavior or attitudes towards another; readiness to attack or confront	freetalk
analyzed	ˈænəˌlaɪzd	Examine methodically and in detail	freetalk
angles	ˈæŋɡəlz	A figure formed by two rays with a common endpoint	freetalk
arguably	ˈɑɹɡjuəbli	Used to indicate that a statement is open to debate or interpretation	freetalk
armies	ˈɑɹmiz	A large organized group of soldiers trained for war	freetalk
assessed	əˈsɛst	To evaluate or determine the value or worth of something	freetalk
attractions	əˈtɹækʃənz	A thing or place that draws people to it	freetalk
balloon	bəˈlun	A large bag filled with hot air or gas to make it rise in the air	freetalk
beers	ˈbɪɹz	A fermented alcoholic beverage made from barley, hops, and water	freetalk
bells	ˈbɛlz	A hollow metal object, typically in the shape of a deep inverted cup widening at the lip, that sounds a clear musical note when struck	freetalk
blamed	ˈbleɪmd	Assign responsibility for a fault or wrong	freetalk
blunt	ˈblʌnt	Not sharp or pointed	freetalk
boobs	ˈbubz	A woman's breasts	freetalk
bosses	ˈbɔsɪz	A person who exercises control or authority over others	freetalk
brakes	ˈbɹeɪks	A device for slowing or stopping motion	freetalk
brigade	bɹəˈɡeɪd	A group of soldiers organized for a specific purpose	freetalk
burial	ˈbɛɹiəl	The act of burying a dead body	freetalk
canceled	ˈkænsəld	To decide or announce that a planned event will not take place	freetalk
cardinal	ˈkɑɹdənəl	A leading dignitary of the Roman Catholic Church	freetalk
champ	ˈtʃæmp	To chew or bite noisily	freetalk
champagne	ʃæmˈpeɪn	A pale beige color	freetalk
cheated	ˈtʃitəd	Act dishonestly or unfairly in order to gain an advantage	freetalk
china's	ˈtʃaɪnəz	Belonging to or relating to china	shadowline
chorus	ˈkɔɹəs	A group of singers or dancers performing together	freetalk
chrome	ˈkɹoʊm	Chromium, especially in a metallic form	freetalk
clarity	ˈklɛɹəti	The quality of being clear, transparent, or easy to understand	freetalk
classics	ˈklæsɪks	Works of literature or art that are considered to be of high quality and lasting value	freetalk
cleaner	ˈklinɝ	A person or thing that cleans	freetalk
combining	kəmˈbaɪnɪŋ	To bring two or more things together to form a whole	freetalk
conclude	kənˈklud	To bring to an end	freetalk
confidential	ˌkɑnfəˈdɛnʃəl	Spoken or written in confidence; secret or private	freetalk
coordination	koʊˌɔɹdəˈneɪʃən	The organization of different elements into a harmonious whole	freetalk
cracks	ˈkɹæks	A narrow opening or fissure	freetalk
dancers	ˈdænsɝz	A person who dances	freetalk
directing	dɝˈɛktɪŋ	To manage or guide the activities of a group or organization	freetalk
discretion	dɪˈskɹɛʃən	The quality of behaving or speaking in such a way as to avoid causing offense or revealing private information	freetalk
ditch	ˈdɪtʃ	A long narrow trench or furrow dug in the ground, typically used for drainage or irrigation	freetalk
dome	ˈdoʊm	A rounded vault forming the roof of a building or structure	freetalk
dope	ˈdoʊp	A stupid person	freetalk
drought	ˈdɹaʊt	A prolonged period of abnormally low rainfall	freetalk
ducks	ˈdʌks	A type of waterfowl	freetalk
dumped	ˈdʌmpt	To deposit or dispose of (garbage, waste, etc.) in a careless or indiscriminate manner	freetalk
elevation	ˌɛləˈveɪʃən	The height above a given level, especially sea level	freetalk
entrepreneurs	ˌɑntɹəpɹəˈnɝz	A person who organizes and operates a business or businesses, taking on greater than normal financial risks in order to do so	freetalk
esteem	əˈstim	Respect and admiration for someone or something	freetalk
explored	ɪkˈsplɔɹd	Investigated or traveled in (an unfamiliar area) in order to learn about it	freetalk
fe	ˈfeɪ	Iron	freetalk
finances	fɪˈnænsɪz	The management of money and other assets	freetalk
finishes	ˈfɪnɪʃɪz	To bring to an end or completion	freetalk
fog	ˈfɑɡ	A thick cloud of tiny water droplets suspended in the atmosphere near the earth's surface, reducing visibility	freetalk
framed	ˈfɹeɪmd	To enclose in a frame	freetalk
fucks	ˈfʌks	vulgar slang term for sexual intercourse	freetalk
gesture	ˈdʒɛstʃɝ	A movement of part of the body, especially a hand or the head, to express an idea or meaning	freetalk
gibson	ˈɡɪbsən	A cocktail made with gin and vermouth, typically garnished with a pickled onion	freetalk
gilbert	ˈɡɪlbɝt	A unit of magnetomotive force in the centimeter-gram-second system, equal to 0.7958 ampere-turns	freetalk
gosh	ˈɡɑʃ	Used as a mild expression of surprise or emotion	freetalk
griffin	ˈɡɹɪfɪn	A mythical creature with the body of a lion and the head and wings of an eagle	freetalk
historian	hɪˈstɔɹiən	A person who studies or writes about history	freetalk
horizontal	ˌhɔɹəˈzɑntəl	Parallel to the plane of the horizon; level or flat	freetalk
hospitality	ˌhɑspəˈtæləti	The friendly and generous reception and entertainment of guests, visitors, or strangers	freetalk
hostage	ˈhɑstɪdʒ	A person held captive by a criminal or enemy	freetalk
hottest	ˈhɑtəst	Having a high degree of heat or a high temperature	freetalk
individually	ˌɪndɪˈvɪdʒuəli	Separate or distinct from others	freetalk
inevitably	ˌɪˈnɛvətəbli	In a way that cannot be avoided or prevented	freetalk
lad	ˈlæd	A boy or young man	freetalk
lakers	ˈleɪkɝz	A person or thing that laks	freetalk
lasts	ˈlæsts	Endure or continue for a specified period of time	freetalk
leagues	ˈliɡz	A group of sports teams that play against each other	freetalk
listings	ˈlɪstɪŋz	A list or catalog of items or properties for sale or rent	freetalk
literacy	ˈlɪtɝəsi	The ability to read and write	freetalk
marriages	ˈmɛɹɪdʒɪz	The legally or formally recognized union of two people as partners in a personal relationship	freetalk
mcdonald's	məkˈdɑnəldz	Belonging to or relating to mcdonald	shadowline
migrants	ˈmaɪɡɹənts	A person who moves from one place to another in order to find work or better living conditions	freetalk
misleading	mɪˈslidɪŋ	Giving the wrong idea or impression	freetalk
moisture	ˈmɔɪstʃɝ	A small amount of liquid, often in the form of water particles in the air	freetalk
monument	ˈmɑnjumənt	A structure, building, or statue built to commemorate a person or event	freetalk
mortality	mɔɹˈtæləti	The state of being subject to death	freetalk
notices	ˈnoʊtəsəz	To become aware of something or someone by seeing or hearing them	freetalk
obsession	əbˈsɛʃən	The state of being obsessed with someone or something	freetalk
opt	ˈɑpt	To make a choice or decision	freetalk
particle	ˈpɑɹtəkəl	A small piece or part of something	freetalk
peanut	ˈpinət	A small oval seed that grows underground and is commonly eaten as a snack	freetalk
persistent	pɝˈsɪstənt	Continuing firmly or obstinately in a course of action in spite of difficulty or opposition	freetalk
personalities	ˌpɝsəˈnælɪtiz	The combination of characteristics or qualities that form an individual's distinctive character	freetalk
petroleum	pəˈtɹoʊliəm	A thick, flammable, yellow-to-black mixture of gaseous, liquid, and solid hydrocarbons that occurs naturally beneath the earth's surface	freetalk
pharmaceutical	ˌfɑɹməˈsutɪkəl	relating to the preparation and dispensing of drugs	freetalk
progression	pɹəˈɡɹɛʃən	The act or process of moving forward or advancing	freetalk
rack	ˈɹæk	A framework for holding and storing items	freetalk
rebuild	ɹiˈbɪld	To build again	freetalk
recordings	ɹɪˈkɔɹdɪŋz	A collection of sounds or images that have been preserved for future reference	freetalk
rejection	ɹɪˈdʒɛkʃən	The act of refusing to accept or consider something	freetalk
relaxing	ɹɪˈlæksɪŋ	Causing someone to become less tense or anxious	freetalk
reservoir	ˈɹɛzəvˌwɑɹ	A natural or artificial lake used as a source of water supply	freetalk
respects	ɹɪˈspɛkts	A feeling of deep admiration for someone or something elicited by their abilities, qualities, or achievements	freetalk
riley	ˈɹaɪli	Full of life and energy	freetalk
scrap	ˈskɹæp	A small piece or fragment of something	freetalk
sensation	sɛnˈseɪʃən	A physical feeling or perception resulting from something that happens to or comes into contact with the body	freetalk
shaft	ˈʃæft	A long, narrow part or section forming the handle of a tool or weapon	freetalk
shepherd	ˈʃɛpɝd	A person who herds and tends sheep	freetalk
shuttle	ˈʃʌtəl	A device used in weaving to carry the weft thread back and forth between the warp threads	freetalk
slope	ˈsloʊp	A surface of which one end or side is at a higher level than another; a rising or falling surface	freetalk
snack	ˈsnæk	A small amount of food eaten between meals	freetalk
sounding	ˈsaʊndɪŋ	Making or emitting a sound	freetalk
specialists	ˈspɛʃələsts	A person who devotes themselves to a particular occupation or branch of study	freetalk
spotlight	ˈspɑtˌlaɪt	A strong beam of light directed on a particular area or object	freetalk
stabbed	ˈstæbd	To pierce or wound with a pointed weapon	freetalk
stern	ˈstɝn	strict or severe in manner or attitude	freetalk
stiff	ˈstɪf	Not easily bent or flexible	freetalk
striker	ˈstɹaɪkɝ	A person or thing that strikes	freetalk
sued	ˈsud	To institute a legal proceeding against	freetalk
sums	ˈsʌmz	A total amount resulting from the addition of two or more numbers	freetalk
sworn	ˈswɔɹn	past participle of swear	freetalk
tel	ˈtɛl	A hill or mound in the Middle East, especially one containing archaeological ruins	freetalk
terrific	tɝˈɪfɪk	Very great or intense	freetalk
tomatoes	təˈmeɪtoʊz	A red or yellowish fruit with a juicy pulp, used as a vegetable in cooking	freetalk
tory	ˈtɔɹi	A member or supporter of the Conservative Party in the UK	freetalk
trafficking	ˈtɹæfɪkɪŋ	The act of buying and selling goods or services illegally	freetalk
transparency	tɹænˈspɛɹənsi	The quality or state of being transparent	freetalk
trinity	ˈtɹɪnəti	The state of being threefold	freetalk
unemployed	ˌʌnɛmˈplɔɪd	Not currently working for pay	freetalk
unite	ˈjuˌnaɪt	To join together	freetalk
unlock	ənˈlɑk	To open (a door, lock, etc.) by turning a key or moving a lock	freetalk
vault	ˈvɔlt	A large room or chamber used for storage, especially an underground one	freetalk
vet	ˈvɛt	A person qualified to treat and care for animals	freetalk
wagon	ˈwæɡən	A vehicle with four wheels, usually pulled by horses or oxen, used for transporting goods or people	freetalk
withdrawn	wɪθˈdɹɔn	removed or taken away	freetalk
accessed	ˈækˌsɛst	To obtain or retrieve information from a computer or database	freetalk
adverse	ædˈvɝs	Preventing success or development; harmful; unfavorable	freetalk
aiming	ˈeɪmɪŋ	Intending or directing one's efforts towards a specific goal or target	freetalk
alumni	əˈlʌmˌnaɪ	A graduate or former student of a specific school, college, or university	freetalk
ana	ˈɑnə	A collection of miscellaneous information or materials	freetalk
awhile	əˈwaɪl	For a short time	freetalk
aye	ˈaɪ	Yes	freetalk
bastard	ˈbæstɝd	A person born of parents not married to each other	freetalk
behaviors	bɪˈheɪvjɝz	Manner of conducting oneself	freetalk
bikes	ˈbaɪks	A two-wheeled vehicle propelled by pedals and steered by handlebars	freetalk
biography	baɪˈɑɡɹəfi	An account of someone's life written by someone else	freetalk
broker	ˈbɹoʊkɝ	A person who buys and sells goods or assets for others	freetalk
browser	ˈbɹaʊzɝ	A person who looks casually through books or magazines	freetalk
bury	ˈbɛɹi	To place a dead body in the ground	freetalk
cellular	ˈsɛljəlɝ	Relating to or consisting of cells	freetalk
cocktail	ˈkɑkˌteɪl	An alcoholic drink consisting of a spirit or spirits mixed with other ingredients, such as fruit juice or soda	freetalk
cod	ˈkɑd	A large marine fish found in the North Atlantic	freetalk
conditioning	kənˈdɪʃənɪŋ	The process of training or accustoming a person or animal to behave in a certain way or to accept certain circumstances	freetalk
consuming	kənˈsumɪŋ	To eat or drink something	freetalk
contracted	ˈkɑntɹæktəd	Reduced in size or pulled together	freetalk
costumes	kɑˈstumz	Clothing worn to portray a character or role in a play or film	freetalk
counseling	ˈkaʊnsəlɪŋ	Advice or guidance given by a professional counselor	freetalk
crews	ˈkɹuz	A group of people working together, especially one that operates a ship or aircraft	freetalk
cubs	ˈkʌbz	A young bear, fox, lion, or other carnivorous mammal	freetalk
dangers	ˈdeɪndʒɝz	The possibility of suffering harm or injury	freetalk
designing	dɪˈzaɪnɪŋ	Intending or planning something in a deceptive way	freetalk
destructive	dɪˈstɹʌktɪv	Causing great and irreparable harm or damage	freetalk
develops	dɪˈvɛləps	Grow or cause to grow and become more mature, advanced, or elaborate	freetalk
dislike	dɪˈslaɪk	A feeling of distaste or aversion	freetalk
doubled	ˈdʌbəld	To make or become twice as much or as many	freetalk
doubles	ˈdʌbəlz	To make or become twice as much or as many	freetalk
economies	ɪˈkɑnəmiz	The wealth and resources of a country or region, especially in terms of production and consumption of goods and services	freetalk
embedded	ɛmˈbɛdɪd	Fixed firmly and deeply in a surrounding mass	freetalk
emerge	ɪˈmɝdʒ	Move out of or away from something and come into view	freetalk
excluded	ɪksˈkludəd	Not included	freetalk
expects	ɪkˈspɛkts	To consider likely or certain	freetalk
farewell	ˌfɛɹˈwɛl	Goodbye	freetalk
feeds	ˈfidz	To give food to	freetalk
fist	ˈfɪst	The hand when closed tightly with the fingers bent into the palm	freetalk
fond	ˈfɑnd	Having a liking or affection for something	freetalk
foolish	ˈfulɪʃ	Lacking good sense or judgment; unwise	freetalk
frog	ˈfɹɑɡ	A tailless amphibian with a short squat body, moist smooth skin, and very long hind legs for leaping	freetalk
fry	ˈfɹaɪ	Cook in hot oil or fat	freetalk
gifted	ˈɡɪftəd	Having exceptional talent or natural ability	freetalk
hacking	ˈhækɪŋ	To cut or chop roughly	freetalk
hawks	ˈhɔks	A bird of prey with sharp talons and keen eyesight	freetalk
heir	ˈɛɹ	a person legally entitled to the property or rank of another upon that person's death	freetalk
highlighted	ˈhaɪˌlaɪtɪd	To emphasize or make prominent	freetalk
holocaust	ˈhɑləˌkɔst	Destruction or slaughter on a mass scale, especially caused by fire or nuclear war	freetalk
homer	ˈhoʊmɝ	A person who hits a home run in baseball	freetalk
hon	ˈhɑn	A respectful title or term of address for a woman	freetalk
imprisonment	ˌɪmˈpɹɪzənmənt	The action of putting someone in prison or the state of being imprisoned	freetalk
jenny	ˈdʒɛni	A female donkey	freetalk
lacks	ˈlæks	To be without something that is needed or desired	freetalk
landlord	ˈlændˌlɔɹd	A person who owns and leases land, buildings, or dwelling units to others	freetalk
landmark	ˈlændˌmɑɹk	An event, discovery, or change marking an important stage or turning point in something	freetalk
launches	ˈlɔntʃəz	To set or thrust in motion	freetalk
leaning	ˈlinɪŋ	Inclining or bending from a vertical position	freetalk
liable	ˈlaɪəbəl	Legally responsible for something	freetalk
life's	ˈlaɪfs	Belonging to or relating to life	shadowline
midst	ˈmɪdst	In the middle of	freetalk
misery	ˈmɪzɝi	A state of great distress or discomfort	freetalk
module	ˈmɑdʒul	A separate unit or self-contained component of a larger system	freetalk
mommy	ˈmɑmi	A child's word for mother	freetalk
mosque	ˈmɑsk	A Muslim place of worship	freetalk
moss	ˈmɔs	A growth of such plants	freetalk
museums	mjuˈziəmz	A building or place where works of art, scientific specimens, or other objects of permanent value are kept and displayed	freetalk
nursery	ˈnɝsɝi	A room or area in a house for the care and supervision of young children	freetalk
onion	ˈʌnjən	A round vegetable with many layers that has a strong taste and smell	freetalk
perspectives	pɝˈspɛktɪvz	A particular attitude or way of regarding something	freetalk
phrases	ˈfɹeɪzəz	A small group of words standing together as a conceptual unit, typically forming a component of a clause	freetalk
plague	ˈpleɪɡ	A contagious bacterial disease causing fever and delirium, typically with the formation of buboes	freetalk
plains	ˈpleɪnz	A large area of flat land with few trees	freetalk
positively	ˈpɑzətɪvli	In a confident or certain manner	freetalk
prevents	pɹɪˈvɛnts	To stop something from happening	freetalk
profiles	ˈpɹoʊˌfaɪlz	An outline of something, especially a person's face, seen from one side	freetalk
pursued	pɝˈsud	Followed or chased after	freetalk
raids	ˈɹeɪdz	A sudden attack on an enemy by troops, aircraft, or other armed forces in warfare	freetalk
recruit	ɹəˈkɹut	To enlist (someone) in the armed forces	freetalk
resting	ˈɹɛstɪŋ	Cease work or movement in order to relax or recover strength	freetalk
rex	ˈɹɛks	A king or ruler	freetalk
rogue	ˈɹoʊɡ	A dishonest or unprincipled person	freetalk
salaries	ˈsælɝiz	Fixed regular payment, typically paid on a monthly basis, made by an employer to an employee	freetalk
seated	ˈsitɪd	Being in a sitting position	freetalk
sharply	ˈʃɑɹpli	In a way that is quick and sudden	freetalk
showers	ˈʃaʊɝz	A brief fall of rain or, sometimes, of hail or snow	freetalk
sincerely	sɪnˈsɪɹli	In a genuine or honest manner	freetalk
sings	ˈsɪŋz	To make musical sounds with the voice	freetalk
solidarity	ˌsɑləˈdɛɹəti	Unity or agreement of feeling or action, especially among individuals with a common interest	freetalk
specialty	ˈspɛʃəlti	A pursuit, area of study, or skill in which one specializes	freetalk
supernatural	ˌsupɝˈnætʃɝəl	Attributed to some force beyond scientific understanding or the laws of nature	freetalk
surprises	sɝˈpɹaɪzɪz	To cause someone to feel mild astonishment or shock	freetalk
tens	ˈtɛnz	The numbers 10 through 19	freetalk
thirteen	ˈθɝˈtin	The number that is one more than twelve	freetalk
tomb	ˈtum	A place for the burial of a corpse	freetalk
touring	ˈtʊɹɪŋ	The activity of traveling for pleasure	freetalk
traces	ˈtɹeɪsəz	A mark or other indication of the existence or passing of something	freetalk
trademark	ˈtɹeɪdˌmɑɹk	A symbol, word, or phrase legally registered or established by use as representing a company or product	freetalk
trim	ˈtɹɪm	Make (something) neat or of the required size or form by cutting away irregular or unwanted parts	freetalk
umbrella	əmˈbɹɛlə	A device consisting of a circular canopy on a folding frame, used for protection against rain or sun	freetalk
utilities	juˈtɪlətiz	The state of being useful, profitable, or beneficial	freetalk
voyage	ˈvɔɪədʒ	A long journey involving travel by sea or space	freetalk
weaker	ˈwikɝ	Less strong in physical strength	freetalk
willie	ˈwɪli	A term of endearment for a young boy	freetalk
yields	ˈjildz	Produce or provide (a natural, agricultural, or industrial product)	freetalk
abbey	ˈæbi	A building occupied by a community of monks or nuns	freetalk
accepts	ækˈsɛpts	To receive willingly	freetalk
adjustment	əˈdʒʌstmənt	A small change made to a machine or system to correct or improve its performance	freetalk
assignments	əˈsaɪnmənts	A task or piece of work assigned to someone as part of their job or course of study	freetalk
attachment	əˈtætʃmənt	an emotional bond or connection	freetalk
baron	ˈbæɹən	A member of the lowest order of the British nobility	freetalk
blah	ˈblɑ	Used to represent meaningless or nonspecific talk or writing	freetalk
blaming	ˈbleɪmɪŋ	Assigning responsibility for a fault or wrong	freetalk
bomber	ˈbɑmɝ	A person who drops bombs, especially from an aircraft	freetalk
bunny	ˈbʌni	A small rabbit	freetalk
candle	ˈkændəl	A cylinder or block of wax or tallow with a central wick that is lit to produce light as it burns	freetalk
carved	ˈkɑɹvd	To cut (something) into a desired shape or design	freetalk
choir	ˈkwaɪɝ	A group of singers performing together	freetalk
clutch	ˈklʌtʃ	Grasp or hold tightly	freetalk
coconut	ˈkoʊkəˌnʌt	The large, oval, brown seed of a tropical palm, consisting of a hard shell lined with edible white flesh and containing a clear liquid	freetalk
committing	kəˈmɪtɪŋ	To carry out or perpetrate (an illegal or harmful action)	freetalk
comprising	kəmˈpɹaɪzɪŋ	To include or contain	freetalk
confession	kənˈfɛʃən	The act of admitting or acknowledging a wrongdoing or fault	freetalk
consume	kənˈsum	To eat or drink something	freetalk
corridor	ˈkɔɹədɝ	A long passage in a building, with doors leading to rooms on either side	freetalk
credibility	ˌkɹɛdəˈbɪlɪti	The quality of being trusted and believed in	freetalk
credited	ˈkɹɛdətəd	To believe or consider to be responsible for something	freetalk
critically	ˈkɹɪtɪkəli	In a way that involves making judgments or evaluations	freetalk
distracted	dɪˈstɹæktəd	Unable to concentrate because one's mind is preoccupied with something else	freetalk
dolphins	ˈdɑlfənz	A highly intelligent marine mammal known for its playful behavior	freetalk
estates	ɪˈsteɪts	An extensive area of land in the country, usually with a large house, owned by one person or family	freetalk
filters	ˈfɪltɝz	A device or piece of equipment used to remove impurities or unwanted elements from a substance	freetalk
fools	ˈfulz	A person who lacks good sense or judgment	freetalk
fourteen	ˈfɔɹˈtin	The number that is one more than thirteen	freetalk
geometry	dʒiˈɑmətɹi	The branch of mathematics that deals with the properties and relationships of points, lines, angles, surfaces, and solids	freetalk
ghosts	ˈɡoʊsts	The soul of a dead person believed to appear to the living	freetalk
gossip	ˈɡɑsəp	Casual or unconstrained conversation or reports about other people, typically involving details that are not confirmed as true	freetalk
grandparents	ˈɡɹændˌpɛɹənts	The parents of one's father or mother	freetalk
group's	ˈɡɹups	Belonging to or relating to group	shadowline
haul	ˈhɔl	To pull or drag with effort or force	freetalk
header	ˈhɛdɝ	A person or thing that removes or puts a head on something	freetalk
headphones	ˈhɛdˌfoʊnz	A pair of small speakers worn over the ears to listen to audio from a computer, music player, etc	freetalk
highways	ˈhaɪˌweɪz	A main road, especially one connecting major cities	freetalk
holly	ˈhɑli	A widely distributed evergreen shrub or tree with glossy, spiny-toothed leaves and red berries	freetalk
immense	ˌɪˈmɛns	Extremely large or great in size or amount	freetalk
imports	ˌɪmˈpɔɹts	Bring (goods or services) into a country from abroad for sale	freetalk
incentives	ˌɪnˈsɛntɪvz	Something that encourages or motivates someone to do something	freetalk
interfere	ˌɪntɝˈfɪɹ	To get in the way of or prevent the progress or success of something	freetalk
intersection	ˌɪntɝˈsɛkʃən	A point or line where two or more things intersect or cross each other	freetalk
investigators	ˌɪnˈvɛstəˌɡeɪtɝz	A person who carries out investigations	freetalk
juvenile	ˈdʒuvənəl	Relating to young people or immature behavior	freetalk
karma	ˈkɑɹmə	(noun) the sum of a person's actions in this and previous states of existence, viewed as deciding their fate in future existences	freetalk
ki	ˈki	The vital life force in traditional Chinese medicine	freetalk
knocking	ˈnɑkɪŋ	To strike a surface with a sharp blow	freetalk
leaks	ˈliks	To allow liquid or gas to escape through a hole or crack	freetalk
leverage	ˈlɛvɝɪdʒ	the action of a lever or the mechanical advantage gained by it	freetalk
lining	ˈlaɪnɪŋ	A material that covers the inner surface of something	freetalk
manila	məˈnɪlə	A type of strong, brown paper used for envelopes and folders	freetalk
mankind	ˈmænˈkaɪnd	The human race collectively; humanity	freetalk
mapping	ˈmæpɪŋ	The act or process of making a map	freetalk
masks	ˈmæsks	Covering for the face, often worn for protection or disguise	freetalk
metric	ˈmɛtɹɪk	A system of measurement based on the meter, gram, and liter as units of length, weight, and capacity	freetalk
militia	məˈlɪʃə	A military force composed of ordinary citizens	freetalk
naming	ˈneɪmɪŋ	A word or set of words by which a person, animal, place, or thing is known or addressed	freetalk
night's	ˈnaɪts	Belonging to or relating to night	shadowline
node	ˈnoʊd	A point at which lines or pathways intersect or branch off	freetalk
obstacles	ˈɑbstəkəlz	Something that obstructs or hinders progress	freetalk
opener	ˈoʊpənɝ	A person or thing that opens something	freetalk
overwhelmed	ˌoʊvɝˈwɛlmd	To be overcome by a large amount or intensity of something	freetalk
performers	pɝˈfɔɹmɝz	A person who entertains an audience by acting, singing, dancing, or playing music	freetalk
pointless	ˈpɔɪntləs	Having no purpose or use; meaningless	freetalk
poles	ˈpoʊlz	A long, slender, rounded piece of wood or metal used for support or as a weapon	freetalk
preferences	ˈpɹɛfɝənsɪz	A greater liking for one alternative over another or others	freetalk
prompted	ˈpɹɑmptɪd	To cause or bring about (an action or feeling)	freetalk
proximity	pɹɑkˈsɪməti	Nearness in space or time	freetalk
qualification	ˌkwɑləfəˈkeɪʃən	A quality or accomplishment that makes someone suitable for a particular job or activity	freetalk
qualifications	ˌkwɑləfəˈkeɪʃənz	A quality or accomplishment that makes someone suitable for a particular job or activity	freetalk
ranger	ˈɹeɪndʒɝ	A person who ranges or roves	freetalk
rendered	ˈɹɛndɝd	To provide or give (a service, help, etc.)	freetalk
rented	ˈɹɛntɪd	To pay money for the temporary use of something	freetalk
reversed	ɹɪˈvɝst	Opposite or contrary in position, direction, order, or effect	freetalk
robbed	ˈɹɑbd	To take property unlawfully from (a person or place) by force or threat of force	freetalk
sadness	ˈsædnəs	The state or quality of being sad	freetalk
scenarios	sɪˈnɛɹioʊz	A postulated sequence of events	freetalk
selective	səˈlɛktɪv	Carefully choosing only the best or most suitable options	freetalk
seniors	ˈsinjɝz	A person who is older than another	freetalk
shiny	ˈʃaɪni	Bright or glossy in appearance	freetalk
socialism	ˈsoʊʃəˌlɪzəm	A political and economic theory advocating for collective or governmental ownership and administration of the means of production and distribution of goods	freetalk
son's	ˈsʌnz	Belonging to or relating to son	shadowline
sour	ˈsaʊɝ	Having a sharp, biting taste like that of lemon or vinegar	freetalk
spoon	ˈspun	A utensil consisting of a small, shallow bowl on a long handle, used for eating or serving food	freetalk
stressful	ˈstɹɛsfəl	Causing mental or emotional strain or tension	freetalk
stretched	ˈstɹɛtʃt	To extend or lengthen	freetalk
sucking	ˈsʌkɪŋ	To draw into the mouth by contracting the muscles of the lips and mouth to make a partial vacuum	freetalk
teddy	ˈtɛdi	A stuffed toy bear	freetalk
tenants	ˈtɛnənts	A person who occupies land or property rented from a landlord	freetalk
terrace	ˈtɛɹəs	A flat area of ground near a building, typically paved and used for outdoor dining or relaxation	freetalk
thief	ˈθif	a person who steals	freetalk
transported	tɹænˈspɔɹtɪd	To carry or move from one place to another	freetalk
tribunal	tɹəˈbjunəl	A court of justice	freetalk
undoubtedly	ənˈdaʊtɪdli	Without doubt; certainly	freetalk
uniforms	ˈjunəˌfɔɹmz	Identical or consistent in form, type, or nature	freetalk
verify	ˈvɛɹəˌfaɪ	Confirm the truth or accuracy of something	freetalk
villain	ˈvɪlən	A character in a play, novel, or movie who is typically evil and who causes harm or trouble to others	freetalk
whistle	ˈwɪsəl	A clear, high-pitched sound made by forcing breath through a small hole between one's lips or teeth	freetalk
wife's	ˈwaɪfs	Belonging to or relating to wife	shadowline
workshops	ˈwɝkˌʃɑps	A room or building where goods are manufactured or repaired	freetalk
yale	ˈjeɪl	A mythical creature resembling an antelope with goat-like features	freetalk
yearly	ˈjɪɹli	Happening or done once a year	freetalk
abusive	əˈbjusɪv	Using or involving physical violence or emotional cruelty	freetalk
alley	ˈæli	A narrow passageway between or behind buildings	freetalk
announcing	əˈnaʊnsɪŋ	Make a public and typically formal declaration about a fact, occurrence, or intention	freetalk
appetite	ˈæpəˌtaɪt	A strong desire or liking for something	freetalk
backyard	ˈbæˌkjɑɹd	The area behind a house, typically enclosed by a fence	freetalk
beth	ˈbɛθ	A Hebrew letter	freetalk
bids	ˈbɪdz	To offer a certain amount of money for something at an auction	freetalk
billboard	ˈbɪlˌbɔɹd	A large outdoor board for displaying advertisements	freetalk
blades	ˈbleɪdz	The flat cutting part of a knife or tool	freetalk
bully	ˈbʊli	A person who uses strength or power to harm or intimidate those who are weaker	freetalk
burke	ˈbɝk	To murder (someone) by suffocation so as to leave no marks	freetalk
cables	ˈkeɪbəlz	Strong, thick ropes made of strands of wire twisted together	freetalk
calculate	ˈkælkjəˌleɪt	Determine or estimate mathematically	freetalk
calculations	ˌkælkjəˈleɪʃənz	The act or process of calculating	freetalk
chicks	ˈtʃɪks	Informal term for a young woman	freetalk
conceived	kənˈsivd	Formed in the mind; imagined	freetalk
consult	kənˈsʌlt	Seek information or advice from (someone)	freetalk
crashes	ˈkɹæʃɪz	Collide violently with an obstacle or another vehicle	freetalk
crowds	ˈkɹaʊdz	A large number of people gathered together	freetalk
cunt	ˈkʌnt	Offensive slang term for a woman's genitals	freetalk
damned	ˈdæmd	condemned to suffer eternal punishment in hell	freetalk
dissolved	dɪˈzɑlvd	To mix a solid substance with a liquid until it forms a solution	freetalk
distinguish	dɪˈstɪŋɡwɪʃ	Recognize or treat (someone or something) as different	freetalk
dominate	ˈdɑməˌneɪt	To have control or power over	freetalk
dynasty	ˈdaɪnəsti	A sequence of rulers from the same family	freetalk
economist	ɪˈkɑnəmɪst	A person who studies or specializes in economics	freetalk
endorsed	ɛnˈdɔɹst	To approve, support, or sustain	freetalk
examining	ɪɡˈzæmɪnɪŋ	To inspect or scrutinize closely	freetalk
extensively	ɪkˈstɛnsɪvli	In a way that covers a wide range or scope	freetalk
festivals	ˈfɛstəvəlz	A day or period of celebration or feasting	freetalk
forehead	ˈfɔɹhɛd	The part of the face above the eyes and below the hairline	freetalk
foreigners	ˈfɔɹənɝz	A person from another country	freetalk
forgiveness	fɝˈɡɪvnəs	The action or process of forgiving or being forgiven	freetalk
gem	ˈdʒɛm	A precious stone	freetalk
glen	ˈɡlɛn	A narrow valley, especially one with a stream running through it	freetalk
graves	ˈɡɹeɪvz	A place where dead bodies are buried	freetalk
haunted	ˈhɔntɪd	Showing signs of being troubled or disturbed	freetalk
heather	ˈhɛðɝ	A low-growing plant with small pink or white flowers	freetalk
hiking	ˈhaɪkɪŋ	The activity of going for long walks, especially in the countryside or mountains	freetalk
hypothesis	haɪˈpɑθəsəs	A supposition or proposed explanation made on the basis of limited evidence as a starting point for further investigation	freetalk
illegally	ˌɪˈliɡəli	In a manner contrary to or forbidden by law	freetalk
illustrations	ˌɪləˈstɹeɪʃənz	A picture or diagram that helps make something clear or attractive	freetalk
inclined	ˌɪnˈklaɪnd	Having a tendency or preference towards something	freetalk
informal	ˌɪnˈfɔɹməl	Not formal or ceremonious	freetalk
jew	ˈdʒu	To bargain shrewdly or unfairly with someone, especially in buying or selling	freetalk
learnt	ˈlɝnt	past tense and past participle of learn	freetalk
lending	ˈlɛndɪŋ	The act of giving something to someone on the understanding that it will be returned	freetalk
marker	ˈmɑɹkɝ	A pen or pencil used for writing or drawing	freetalk
marsh	ˈmɑɹʃ	An area of low-lying land that is flooded in wet seasons or at high tide and typically remains waterlogged at all times	freetalk
marshal	ˈmɑɹʃəl	An officer of the highest rank in the armed forces	freetalk
maturity	məˈtʃʊɹəti	The state or quality of being fully developed or grown	freetalk
maya	ˈmaɪə	Illusion	freetalk
messy	ˈmɛsi	Untidy or dirty	freetalk
molly	ˈmɑli	A female given name	freetalk
neighboring	ˈneɪbɝɪŋ	Situated or living near one another	freetalk
neighbours	ˈneɪbɝz	A person living next door to or near another	freetalk
ninja	ˈnɪndʒə	A person trained in ancient Japanese martial arts and employed for espionage and assassination	freetalk
optimistic	ˌɑptəˈmɪstɪk	Hopeful and confident about the future	freetalk
outlined	ˈaʊtˌlaɪnd	Give a brief account or summary of	freetalk
owl	ˈaʊl	A nocturnal bird of prey with large eyes, a hooked beak, and strong talons	freetalk
parenting	ˈpɛɹəntɪŋ	The process of raising and caring for a child	freetalk
peaks	ˈpiks	The pointed top of a mountain	freetalk
pharmacy	ˈfɑɹməsi	A store where medicinal drugs are dispensed	freetalk
pools	ˈpulz	A small body of still water	freetalk
preparations	ˌpɹɛpɝˈeɪʃənz	The action or process of making ready or being made ready for use or consideration	freetalk
problematic	ˌpɹɑbləˈmætɪk	Constituting or presenting a problem or difficulty	freetalk
proceeded	pɹəˈsidɪd	To move forward or onward	freetalk
processor	ˈpɹɑˌsɛsɝ	A person or thing that processes something	freetalk
promotional	pɹəˈmoʊʃənəl	Relating to the promotion of a product or service	freetalk
pros	ˈpɹoʊz	Advantages	freetalk
prospective	pɹəˈspɛktɪv	Expected or likely to happen in the future	freetalk
psychiatric	ˌsaɪkiˈætɹɪk	Relating to or used in psychiatry	freetalk
regulate	ˈɹɛɡjəˌleɪt	Control or supervise by means of rules and regulations	freetalk
renaissance	ˌɹɛnəˈsɑns	A revival or rebirth, especially in the arts and learning	freetalk
repeal	ɹɪˈpil	To revoke or annul a law or regulation	freetalk
riots	ˈɹaɪəts	A violent disturbance of the peace by a crowd	freetalk
roast	ˈɹoʊst	Cook (food, especially meat) by prolonged exposure to heat in an oven or over a fire	freetalk
rubbish	ˈɹʌbɪʃ	Waste material; refuse or litter	freetalk
saga	ˈsɑɡə	A long, detailed story or account	freetalk
salon	səˈlɑn	A place where people receive beauty treatments	freetalk
seventeen	ˈsɛvənˈtin	The number that is one more than sixteen and one less than eighteen	freetalk
shields	ˈʃildz	A broad piece of armor, varying widely in form and size, carried apart from the body to intercept blows	freetalk
sliding	ˈslaɪdɪŋ	Move smoothly along a surface	freetalk
sodium	ˈsoʊdiəm	A soft, silver-white, highly reactive metal	freetalk
surplus	ˈsɝpləs	An amount of something left over when requirements have been met	freetalk
swallow	ˈswɑloʊ	To cause or allow something to pass down the throat	freetalk
systematic	ˌsɪstəˈmætɪk	Done or acting according to a fixed plan or system	freetalk
theaters	ˈθiətɝz	A building or outdoor area where plays, movies, or other dramatic performances are presented	freetalk
transmitted	tɹænˈsmɪtɪd	To send or pass on (a message, information, etc.)	freetalk
tuned	ˈtund	Adjusted for proper functioning or accuracy	freetalk
unacceptable	ˌʌnækˈsɛptəbəl	Not satisfactory or allowable	freetalk
unaware	ˌʌnəˈwɛɹ	Not aware or conscious of something	freetalk
uncommon	ənˈkɑmən	Not commonly encountered or experienced	freetalk
underway	ˌʌndɝˈweɪ	In progress or already commenced	freetalk
unified	ˈjunəˌfaɪd	Make or become united, uniform, or whole	freetalk
unstable	ənˈsteɪbəl	Not firmly fixed or steady	freetalk
upstairs	əpˈstɛɹz	Located on a higher floor of a building	freetalk
vague	ˈveɪɡ	Not clearly or explicitly stated or expressed	freetalk
wee	ˈwi	Very small	freetalk
woo	ˈwu	Try to gain the love of someone	freetalk
zip	ˈzɪp	Move quickly and smoothly in a particular direction	freetalk
abundance	əˈbʌndəns	A very large quantity or amount	freetalk
advancing	ədˈvænsɪŋ	Moving forward or making progress	freetalk
ant	ˈænt	A small insect typically living in a complex social colony	freetalk
antique	ænˈtik	A collectible object such as a piece of furniture or work of art that is valued because of its age and quality	freetalk
autonomy	ɔˈtɑnəmi	Independence or freedom to make one's own decisions	freetalk
baptist	ˈbæptəst	A member of a Christian denomination that practices baptism by immersion	freetalk
behavioral	bɪˈheɪvjɝəl	Of or relating to behavior	freetalk
booking	ˈbʊkɪŋ	The act of reserving a place, seat, or accommodation in advance	freetalk
breeze	ˈbɹiz	A gentle wind	freetalk
browns	ˈbɹaʊnz	A type of American football team based in Cleveland, Ohio	freetalk
carnival	ˈkɑɹnəvəl	A festive occasion or event typically featuring parades, music, and revelry	freetalk
commodity	kəˈmɑdəti	A raw material or primary agricultural product that can be bought and sold, such as copper or coffee	freetalk
congressman	ˈkɑŋɡɹəsmən	A member of a congress, especially the US House of Representatives	freetalk
containers	kənˈteɪnɝz	A receptacle for holding items or substances	freetalk
cooperative	koʊˈɑpɝˌeɪtɪv	Involving mutual assistance or working together towards a common goal	freetalk
coral	ˈkɔɹəl	A hard substance formed from the skeletons of marine polyps	freetalk
correlation	ˌkɔɹəˈleɪʃən	A mutual relationship or connection between two or more things	freetalk
correspondent	ˌkɔɹəˈspɑndənt	A person who writes letters or emails to someone else	freetalk
coupon	ˈkuˌpɔn	A voucher entitling the holder to a discount off a particular product or service	freetalk
crosses	ˈkɹɔsɪz	A mark, object, or figure formed by two intersecting lines	freetalk
curtain	ˈkɝtən	A piece of material suspended at the top to form a covering or screen, typically one of a pair at a window	freetalk
curves	ˈkɝvz	A line that deviates from straightness in a smooth, continuous way	freetalk
defines	dɪˈfaɪnz	To state or set forth the meaning of (a word, phrase, etc.)	freetalk
delivers	dɪˈlɪvɝz	To bring or transport something to a person or place	freetalk
demonstrates	ˈdɛmənˌstɹeɪts	Show clearly	freetalk
dentist	ˈdɛntəst	A professional who specializes in the diagnosis, prevention, and treatment of diseases and conditions of the teeth and gums	freetalk
dodgers	ˈdɑdʒɝz	A person who dodges or evades something	freetalk
dough	ˈdoʊ	A thick, malleable mixture of flour and liquid used for baking bread or pastry	freetalk
dug	ˈdʌɡ	past tense of dig	freetalk
endangered	ɛnˈdeɪndʒɝd	Threatened with extinction	freetalk
envelope	ˈɛnvəˌloʊp	A flat paper container with a sealable flap, used for enclosing a letter or document	freetalk
exhibited	ɪɡˈzɪbətəd	To show or display something for others to see	freetalk
fade	ˈfeɪd	To gradually lose brightness or vividness	freetalk
fatigue	fəˈtiɡ	Extreme tiredness resulting from mental or physical exertion	freetalk
fellowship	ˈfɛloʊˌʃɪp	The companionship of individuals in a friendly and supportive environment	freetalk
fictional	ˈfɪkʃənəl	Relating to or characteristic of fiction	freetalk
fragile	ˈfɹædʒəl	Easily broken or damaged	freetalk
fringe	ˈfɹɪndʒ	An ornamental border of threads left loose or formed into tassels or twists	freetalk
fulfill	fʊlˈfɪl	To bring to completion or reality; achieve or realize	freetalk
gaps	ˈɡæps	An opening or space in something where something is missing	freetalk
granite	ˈɡɹænət	A very hard, granular, crystalline, igneous rock consisting mainly of quartz, mica, and feldspar	freetalk
greens	ˈɡɹinz	The color of growing foliage, between yellow and blue in the spectrum	freetalk
handbook	ˈhændˌbʊk	A book giving information such as facts on a particular subject or instructions for operating a device	freetalk
hardy	ˈhɑɹdi	Capable of enduring difficult conditions	freetalk
honors	ˈɑnɝz	High respect; esteem	freetalk
india's	ˈɪndiəz	Belonging to or relating to india	shadowline
insights	ˈɪnˌsaɪts	The capacity to gain an accurate and deep understanding of a person or thing	freetalk
instinct	ˈɪnstɪŋkt	An innate, typically fixed pattern of behavior in animals in response to certain stimuli	freetalk
inviting	ˌɪnˈvaɪtɪŋ	Attractive or tempting	freetalk
irony	ˈaɪɹəni	The expression of one's meaning by using language that normally signifies the opposite, typically for humorous or emphatic effect	freetalk
judgement	ˈdʒʌdʒmənt	The ability to make considered decisions or come to sensible conclusions	freetalk
judiciary	dʒuˈdɪʃiˌɛɹi	The branch of government responsible for interpreting laws and administering justice	freetalk
jumps	ˈdʒʌmps	Move suddenly and quickly in a specified way	freetalk
lads	ˈlædz	A boy or young man	freetalk
legion	ˈlidʒən	A large military unit	freetalk
lethal	ˈliθəl	Capable of causing death	freetalk
lime	ˈlaɪm	A small, green citrus fruit	freetalk
lively	ˈlaɪvli	Full of life and energy	freetalk
logistics	ləˈdʒɪstɪks	The detailed coordination of a complex operation involving many people, facilities, or supplies	freetalk
lowered	ˈloʊɝd	To move or bring down to a lower level	freetalk
maid	ˈmeɪd	A female servant or domestic worker	freetalk
manning	ˈmænɪŋ	To staff with workers	freetalk
maple	ˈmeɪpəl	A tree or shrub of the genus Acer, known for its distinctive lobed leaves and sap used to make syrup	freetalk
mickey	ˈmɪki	A small bottle of alcohol	freetalk
mindset	ˈmaɪndˌsɛt	A set of beliefs or way of thinking	freetalk
mistress	ˈmɪstɹəs	A woman in a position of authority or control over others	freetalk
moms	ˈmɑmz	A female parent	freetalk
mon	ˈmoʊn	A large brown butterfly with a distinctive eye-like spot on each wing	freetalk
morality	mɝˈæləti	Principles concerning the distinction between right and wrong or good and bad behavior	freetalk
mortal	ˈmɔɹtəl	Subject to death	freetalk
mounting	ˈmaʊntɪŋ	The act of climbing or ascending	freetalk
nonprofit	nɑnˈpɹɑfət	Not making or conducted primarily to make a profit	freetalk
oils	ˈɔɪlz	A viscous liquid used for cooking or as a fuel	freetalk
operative	ˈɑpɝətɪv	Functioning; in effect	freetalk
outs	ˈaʊts	A means of escape or evasion	freetalk
owed	ˈoʊd	To be under obligation to pay or repay (money or something else) to someone in return for something received	freetalk
panama	ˈpænəˌmɑ	A country in Central America	freetalk
patches	ˈpætʃəz	A small piece of material used to mend a hole or tear in fabric	freetalk
pickup	ˈpɪˌkʌp	The act of lifting or gathering something up	freetalk
portraits	ˈpɔɹtɹəts	A painting, drawing, photograph, or engraving of a person	freetalk
pouring	ˈpɔɹɪŋ	To cause (a liquid) to flow in a steady stream	freetalk
prestigious	pɹɛˈstɪdʒəs	Inspiring respect and admiration; having high status or reputation	freetalk
prompt	ˈpɹɑmpt	Done without delay; immediate	freetalk
quantities	ˈkwɑntətiz	The amount or number of something, especially that can be measured or counted	freetalk
radius	ˈɹeɪdiəs	A straight line from the center to the circumference of a circle or sphere	freetalk
referee	ˌɹɛfɝˈi	A person who arbitrates in a dispute or competition	freetalk
relay	ˈɹiˌleɪ	A race or competition in which team members take turns participating	freetalk
rig	ˈɹɪɡ	To assemble or set up equipment or machinery	freetalk
risen	ˈɹɪzən	To move from a lower position to a higher one; come or go up	freetalk
rows	ˈɹoʊz	A line of seats in a theater or auditorium	freetalk
scroll	ˈskɹoʊl	A roll of parchment or paper for writing or painting on	freetalk
searches	ˈsɝtʃɪz	To look through or explore for something	freetalk
sh	ʃ	Used to urge silence	freetalk
smiled	ˈsmaɪld	To form one's features into a pleased, kind, or amused expression, typically with the corners of the mouth turned up and the front teeth exposed	freetalk
snacks	ˈsnæks	A small amount of food eaten between meals	freetalk
snakes	ˈsneɪks	A long, legless reptile that may be venomous or non-venomous	freetalk
sovereignty	ˈsɑvɹənti	Supreme power or authority	freetalk
strips	ˈstɹɪps	Remove clothing or covering from oneself or someone else	freetalk
stunt	ˈstʌnt	A feat displaying unusual skill or daring, especially one performed in public	freetalk
subjected	səbˈdʒɛktɪd	To cause or force someone to undergo a particular experience or endure a particular situation	freetalk
sucked	ˈsʌkt	To draw into the mouth by contracting the muscles of the lips and mouth to make a partial vacuum	freetalk
sunlight	ˈsʌnˌlaɪt	The light of the sun	freetalk
surf	ˈsɝf	Waves breaking on the shore	freetalk
symbolic	sɪmˈbɑlɪk	Serving as a symbol	freetalk
sync	ˈsɪŋk	To cause to occur at the same time	freetalk
taxpayer	ˈtækˌspeɪɝ	A person who pays taxes to a government	freetalk
tempted	ˈtɛmptɪd	Entice or persuade someone to do something, typically something they should not do	freetalk
thrust	ˈθɹʌst	Push forcefully	freetalk
trilogy	ˈtɹɪlədʒi	A group of three related works, such as books or films, that are connected in theme or story	freetalk
weights	ˈweɪts	Objects used to measure the heaviness of something	freetalk
wheelchair	ˈwilˌtʃɛɹ	a chair fitted with wheels for use as a means of transport by a person who is unable to walk	freetalk
whore	ˈhɔɹ	A person who engages in sexual activity for payment	freetalk
wiped	ˈwaɪpt	To clean or dry something by rubbing its surface with a cloth or one's hand	freetalk
yahoo	ˈjɑˌhu	A rude, noisy, or violent person	freetalk
yourselves	jʊɹˈsɛlvz	Used to refer to the people being spoken or written to as the object of a verb or preposition	freetalk
accompanying	əˈkʌmpəniɪŋ	Present together with something else	freetalk
accusations	ˌækjəˈzeɪʃənz	A charge of wrongdoing; a formal charge of criminal activity	freetalk
acids	ˈæsədz	A chemical substance that neutralizes alkalis, dissolves some metals, and turns litmus red	freetalk
administrators	ædˈmɪnɪˌstɹeɪtɝz	A person responsible for managing and organizing a business or organization	freetalk
aired	ˈɛɹd	To broadcast on television or radio	freetalk
allowance	əˈlaʊəns	The amount of money regularly given to a person, typically a child, by a parent or guardian	freetalk
apologies	əˈpɑləˌdʒiz	A regretful acknowledgment of an offense or failure	freetalk
arbitrary	ˈɑɹbəˌtɹɛɹi	Based on random choice or personal whim, rather than any reason or system	freetalk
autonomous	ɔˈtɑnəməs	Having the freedom to govern oneself or control one's own actions	freetalk
averaged	ˈævɹədʒd	To calculate the average of a set of numbers	freetalk
bait	ˈbeɪt	Food used to entice fish or other animals to be caught	freetalk
bark	ˈbɑɹk	The sound a dog makes	freetalk
bets	ˈbɛts	A wager or gamble	freetalk
blogger	ˈblɔɡɝ	A person who regularly writes and updates a blog	freetalk
bra	ˈbɹɑ	A woman's undergarment for supporting the breasts	freetalk
brotherhood	ˈbɹʌðɝˌhʊd	The relationship between brothers	freetalk
builder	ˈbɪldɝ	a person who constructs something by putting parts or material together	freetalk
cakes	ˈkeɪks	A sweet baked dessert typically made from a mixture of flour, sugar, eggs, and butter	freetalk
carriage	ˈkæɹɪdʒ	A vehicle with four wheels drawn by horses	freetalk
celebrations	ˌsɛləˈbɹeɪʃənz	The action of marking one's pleasure at an important event or occasion by engaging in enjoyable, typically social, activity	freetalk
censorship	ˈsɛnsɝˌʃɪp	The suppression or prohibition of any parts of books, films, news, etc. that are considered obscene, politically unacceptable, or a threat to security	freetalk
clarify	ˈklɛɹəˌfaɪ	Make (a statement or situation) less confused and more clearly comprehensible	freetalk
climbed	ˈklaɪmd	To move upward, especially by using the hands and feet	freetalk
comp	ˈkɑmp	A place where musicians rehearse or practice	freetalk
compilation	ˌkɑmpəˈleɪʃən	The action or process of producing something by assembling information from various sources	freetalk
composer	kəmˈpoʊzɝ	A person who writes music	freetalk
comprises	kəmˈpɹaɪzəz	Consist of	freetalk
constitute	ˈkɑnstəˌtut	Be a part of a whole	freetalk
correspondence	ˌkɔɹəˈspɑndəns	A close similarity, connection, or equivalence between two things	freetalk
cowboy	ˈkaʊˌbɔɪ	A man who herds and tends cattle, especially in the western US	freetalk
defendants	dɪˈfɛndənts	A person, company, or institution sued or accused in a court of law	freetalk
desirable	dɪˈzaɪɹəbəl	Worth having or seeking	freetalk
devastating	ˈdɛvəˌsteɪtɪŋ	Causing great damage or destruction	freetalk
diagram	ˈdaɪəˌɡɹæm	A simple drawing or plan that shows the parts of something or how the parts work together	freetalk
dismiss	dɪˈsmɪs	To decide not to consider or deal with something any longer	freetalk
editions	ɪˈdɪʃənz	A particular form or version of a published text	freetalk
erected	ɪˈɹɛktəd	To build or construct something vertically	freetalk
explorer	ɪkˈsplɔɹɝ	A person who explores new or unfamiliar places	freetalk
farther	ˈfɑɹðɝ	At or to a greater distance	freetalk
favorable	ˈfeɪvɝəbəl	Expressing approval or agreement	freetalk
feminism	ˈfɛmɪˌnɪzəm	The advocacy of women's rights on the basis of the equality of the sexes	freetalk
flaws	ˈflɔz	A mark, fault, or imperfection that impairs worth or utility	freetalk
forums	ˈfɔɹəmz	A place, meeting, or medium where ideas and views on a particular issue can be exchanged	freetalk
freed	ˈfɹid	To release from captivity or confinement	freetalk
galleries	ˈɡælɝiz	A room or building for the display or sale of works of art	freetalk
gasoline	ˈɡæsəˌlin	A volatile flammable liquid used as fuel in internal combustion engines	freetalk
genesis	ˈdʒɛnəsəs	The origin or mode of formation of something	freetalk
geographical	ˌdʒiəˈɡɹæfɪkəl	Relating to the natural features, population, industries, etc. of a region	freetalk
governed	ˈɡʌvɝnd	Control, influence, or regulate	freetalk
governmental	ˈɡʌvɝˌmɛntəl	Of or relating to government	freetalk
grandson	ˈɡɹændˌsʌn	A son of one's son or daughter	freetalk
guy's	ˈɡaɪz	Belonging to or relating to guy	shadowline
halls	ˈhɔlz	A large room for meetings or entertainment	freetalk
handles	ˈhændəlz	A part of an object designed to be held or grasped by the hand	freetalk
heavier	ˈhɛviɝ	Having a greater weight than something else	freetalk
hints	ˈhɪnts	A slight or indirect indication or suggestion	freetalk
husband's	ˈhʌzbəndz	Belonging to or relating to husband	shadowline
incomplete	ˌɪnkəmˈplit	Not complete; lacking some part or element	freetalk
incorporate	ˌɪnˈkɔɹpɝˌeɪt	To combine or include something as part of a whole	freetalk
interrupted	ˌɪntɝˈʌptɪd	stopped briefly	freetalk
ivory	ˈaɪvɝi	The hard white substance forming the tusks of elephants and other animals	freetalk
kerry	ˈkɛɹi	A county in southwestern Ireland	freetalk
kirk	ˈkɝk	A church	freetalk
lang	ˈlæŋ	A unit of measure equal to 100 kilometers	freetalk
lengthy	ˈlɛŋθi	Being long in duration; prolonged	freetalk
levy	ˈlɛvi	Impose or collect (a tax, fee, or fine)	freetalk
manipulation	məˌnɪpjəˈleɪʃən	Handling or controlling something skillfully or cleverly	freetalk
merchants	ˈmɝtʃənts	A person or company involved in wholesale trade, especially one dealing with foreign countries	freetalk
misses	ˈmɪsəz	Fails to hit or make contact with something	freetalk
mock	ˈmɑk	Tease or laugh at in a scornful or contemptuous manner	freetalk
necklace	ˈnɛkləs	A piece of jewelry worn around the neck	freetalk
niche	ˈnɪtʃ	A shallow recess, especially one in a wall to display a statue or other ornament	freetalk
obscure	əbˈskjʊɹ	Not clear or easily understood	freetalk
para	ˈpɛɹə	Beside or next to	freetalk
popped	ˈpɑpt	To make a short, sharp, explosive sound	freetalk
porch	ˈpɔɹtʃ	A covered entrance to a building	freetalk
portrayed	pɔɹˈtɹeɪd	Represented or depicted in a particular way	freetalk
possessed	pəˈzɛst	Own or have	freetalk
proposition	ˌpɹɑpəˈzɪʃən	A statement or assertion that expresses a judgment or opinion	freetalk
railways	ˈɹeɪlˌweɪz	A system of tracks with trains for transporting goods or passengers	freetalk
readings	ˈɹidɪŋz	The action or process of interpreting data or information	freetalk
recession	ɹɪˈsɛʃən	A period of temporary economic decline during which trade and industrial activity are reduced	freetalk
rim	ˈɹɪm	The outer edge of a circular object	freetalk
seals	ˈsilz	A device or substance used to join two things together to prevent leakage or to keep air, liquid, etc., from entering or escaping	freetalk
secondly	ˈsɛkəndli	In the second place	freetalk
sequences	ˈsikwənsəz	A set of related events, movements, or items that follow each other in a particular order	freetalk
settling	ˈsɛtəlɪŋ	To come to rest	freetalk
spinal	ˈspaɪnəl	Relating to the spine	freetalk
spiral	ˈspaɪɹəl	A curve on a plane that winds around a fixed center point at a continuously increasing or decreasing distance from the point	freetalk
spit	ˈspɪt	To eject saliva from the mouth	freetalk
splash	ˈsplæʃ	A sound made by something striking or falling into liquid	freetalk
stretching	ˈstɹɛtʃɪŋ	To extend or lengthen	freetalk
successive	səkˈsɛsɪv	Following in order or sequence	freetalk
superhero	ˌsupɝˈhiɹoʊ	A fictional character with superhuman powers or abilities, typically fighting crime or protecting the public	freetalk
taxpayers	ˈtækˌspeɪɝz	A person who pays taxes	freetalk
therapeutic	ˌθɛɹəˈpjutɪk	Relating to the healing of disease	freetalk
threads	ˈθɹɛdz	A long, thin strand of cotton, nylon, or other fibers used in sewing or weaving	freetalk
ti	ˈti	The seventh tone in the diatonic scale	freetalk
timely	ˈtaɪmli	Happening at the right time; punctual	freetalk
tomato	təˈmeɪˌtoʊ	A red or yellowish fruit with a juicy pulp, used as a vegetable in cooking	freetalk
tub	ˈtʌb	A wide, open, deep container with a flat bottom	freetalk
undergraduate	ˌʌndɝˈɡɹædʒəwət	A student pursuing a bachelor's degree at a college or university	freetalk
undertaken	ˈʌndɝˌteɪkən	To take on a task or responsibility	freetalk
uranium	jɝˈeɪniəm	A silvery-white metallic chemical element that is radioactive and used in nuclear reactors	freetalk
utter	ˈʌtɝ	Complete; absolute	freetalk
wires	ˈwaɪɝz	Metal strands used to conduct electricity or transmit signals	freetalk
yell	ˈjɛl	To shout loudly in anger or pain	freetalk
advertisement	ædˈvɝtəzmənt	A notice or announcement in a public medium promoting a product, service, or event	freetalk
analysts	ˈænəlɪsts	A person who analyzes or examines data or information	freetalk
analyze	ˈænəˌlaɪz	Examine methodically and in detail	freetalk
atmospheric	ˌætməsˈfɛɹɪk	Relating to the atmosphere	freetalk
bangkok	bæŋˈkɑk	The capital and largest city of Thailand	freetalk
batting	ˈbætɪŋ	The action or manner of using a bat in a game or sport	freetalk
bitches	ˈbɪtʃɪz	Female dogs	freetalk
bracket	ˈbɹækɪt	A support or fixture attached to a wall for holding shelves, lamps, or other objects	freetalk
branded	ˈbɹændɪd	Marked with a branding iron to show ownership	freetalk
cardiac	ˈkɑɹdiˌæk	Of or relating to the heart	freetalk
commanding	kəˈmændɪŋ	Having authority or control over others	freetalk
confirms	kənˈfɝmz	Establish the truth or correctness of (something previously believed or suspected)	freetalk
confronted	kənˈfɹʌntəd	Face to face with (someone) in hostility or defiance	freetalk
crashing	ˈkɹæʃɪŋ	Colliding violently with something	freetalk
creep	ˈkɹip	To move slowly and quietly in order to avoid being noticed	freetalk
daylight	ˈdeɪˌlaɪt	The light from the sun during the day	freetalk
dee	ˈdi	A river in Scotland	freetalk
devon	ˈdɛvən	A county in southwestern England	freetalk
disclose	dɪsˈkloʊz	Make (secret or new information) known	freetalk
doe	ˈdoʊ	A female deer	freetalk
donna	ˈdɑnə	A woman	freetalk
elbow	ˈɛlˌboʊ	The joint between the upper and lower parts of the arm	freetalk
encourages	ɛnˈkɝɪdʒɪz	To give support, confidence, or hope to someone	freetalk
enthusiastic	ɪnˌθuziˈæstɪk	Having or showing intense excitement or interest	freetalk
envy	ˈɛnvi	A feeling of discontented or resentful longing aroused by someone else's possessions, qualities, or luck	freetalk
establishments	ɛˈstæblɪʃmənts	A place of business or residence	freetalk
exile	ˈɛɡˌzaɪl	A person who is expelled from their native country and not allowed to return	freetalk
exploitation	ˌɛkˌsplɔɪˈteɪʃən	The action or fact of treating someone unfairly in order to benefit from their work	freetalk
futures	ˈfjutʃɝz	The time or period of time following the present moment	freetalk
gel	ˈdʒɛl	A jelly-like substance used for styling hair	freetalk
genetics	dʒəˈnɛtɪks	The study of heredity and the variation of inherited characteristics	freetalk
goose	ˈɡus	A large waterbird with a long neck, short legs, webbed feet, and a honking call	freetalk
grill	ˈɡɹɪl	A metal framework used for cooking food over an open fire	freetalk
grounded	ˈɡɹaʊndɪd	Having a solid foundation or basis	freetalk
hating	ˈheɪtɪŋ	Feel intense or passionate dislike for someone	freetalk
heel	ˈhil	The back part of the human foot below the ankle	freetalk
heroic	hɪˈɹoʊɪk	Having or displaying qualities of a hero	freetalk
hut	ˈhʌt	A small, simple, single-story building	freetalk
inmates	ˈɪnˌmeɪts	A person confined in an institution such as a prison or hospital	freetalk
instructed	ˌɪnˈstɹʌktəd	To provide knowledge or information to someone	freetalk
johns	ˈdʒɑnz	A toilet	freetalk
knives	ˈnaɪvz	A cutting instrument consisting of a sharp blade attached to a handle	freetalk
margins	ˈmɑɹdʒənz	The edge or border of something	freetalk
marina	mɝˈinə	A harbor for pleasure boats	freetalk
mat	ˈmæt	A thick pad used as a protective covering on a table or other surface	freetalk
monopoly	məˈnɑpəli	The exclusive possession or control of the supply or trade in a commodity or service	freetalk
nationally	ˈnæʃənəli	In a way that relates to a nation	freetalk
outrage	ˈaʊˌtɹeɪdʒ	An extremely strong reaction of anger, shock, or indignation	freetalk
owning	ˈoʊnɪŋ	Have possession or control over something	freetalk
pains	ˈpeɪnz	Effort or exertion	freetalk
paperwork	ˈpeɪpɝˌwɝk	Work involving the handling, processing, or completion of documents or forms	freetalk
pitched	ˈpɪtʃt	To throw or toss something with force	freetalk
poets	ˈpoʊəts	A person who writes poems	freetalk
poisoning	ˈpɔɪzənɪŋ	The act of administering poison to someone or something	freetalk
promptly	ˈpɹɑmptli	Without delay; quickly	freetalk
rains	ˈɹeɪnz	Water that falls in drops from the clouds	freetalk
recovering	ɹəˈkʌvɝɪŋ	To return to a normal state of health, mind, or strength after an illness or injury	freetalk
renewal	ɹɪˈnuəl	The action of extending the period of validity of something	freetalk
repeating	ɹɪˈpitɪŋ	To say or do something again	freetalk
rifles	ˈɹaɪfəlz	A type of firearm with a long barrel and a spirally grooved bore for increased accuracy	freetalk
ruler	ˈɹulɝ	A person who rules or governs	freetalk
school's	ˈskulz	Belonging to or relating to school	shadowline
screams	ˈskɹimz	A loud, sharp, piercing cry	freetalk
sellers	ˈsɛlɝz	A person who sells something	freetalk
sights	ˈsaɪts	Things that are seen	freetalk
sincere	sɪnˈsɪɹ	Free from pretense or deceit; genuine	freetalk
skating	ˈskeɪtɪŋ	The act or sport of gliding on skates	freetalk
skiing	ˈskiɪŋ	The action or sport of gliding on skis over snow	freetalk
slaughter	ˈslɔtɝ	The killing of animals for food	freetalk
smashed	ˈsmæʃt	To break or shatter into pieces	freetalk
sox	ˈsɑks	A type of clothing worn on the feet	freetalk
sperm	ˈspɝm	The reproductive cell in male animals	freetalk
spill	ˈspɪl	To cause or allow (a liquid) to flow over the edge of its container	freetalk
steadily	ˈstɛdəli	In a firm or constant manner	freetalk
stripped	ˈstɹɪpt	To remove clothing or covering from	freetalk
supplier	səˈplaɪɝ	A person or company that provides goods or services to another	freetalk
swamp	ˈswɑmp	An area of low-lying, uncultivated ground where water collects; a bog or marsh	freetalk
swan	ˈswɑn	A large waterbird with a long neck and usually white plumage	freetalk
switches	ˈswɪtʃəz	A device for making and breaking the connection in an electric circuit	freetalk
synthesis	ˈsɪnθəsəs	The combination of ideas to form a theory or system	freetalk
tasty	ˈteɪsti	Having a pleasant flavor or taste	freetalk
tattoos	ˌtæˈtuz	A form of body modification involving the insertion of ink into the skin	freetalk
teammate	ˈtiˌmeɪt	A person who is on the same team as another	freetalk
testify	ˈtɛstəˌfaɪ	Give evidence as a witness in a court of law	freetalk
tolerate	ˈtɑlɝˌeɪt	Allow the existence, occurrence, or practice of (something that one dislikes or disagrees with) without interference	freetalk
tournaments	ˈtɝnəmənts	A series of contests in which a number of teams or individuals compete against each other	freetalk
travelers	ˈtɹævəlɝz	A person who is traveling or who travels often	freetalk
treason	ˈtɹizən	The offense of acting to overthrow one's government or to harm or kill its sovereign	freetalk
trustees	ˌtɹʌˈstiz	A person or organization with the legal authority to manage assets on behalf of others	freetalk
typing	ˈtaɪpɪŋ	The act or skill of writing using a keyboard	freetalk
urine	ˈjɝən	Waste liquid excreted by the kidneys	freetalk
vanilla	vəˈnɪlə	A flavoring extract prepared from the cured seed pods of a tropical orchid	freetalk
violet	ˈvaɪəlɪt	A plant of the genus Viola with purple or blue flowers	freetalk
weighing	ˈweɪɪŋ	To determine the weight of something by using a scale or balance	freetalk
activation	ˌæktəˈveɪʃən	The act of making something active or operative	freetalk
afghan	ˈæfˌɡæn	A soft woolen blanket or shawl, typically knitted or crocheted	freetalk
afterward	ˈæftɝwɝd	At a later or subsequent time	freetalk
agreeing	əˈɡɹiɪŋ	To have the same opinion or belief as someone else	freetalk
allocated	ˈæləˌkeɪtɪd	To distribute or designate for a specific purpose	freetalk
appealed	əˈpild	Make a serious or urgent request	freetalk
applause	əˈplɔz	The act of showing approval or appreciation by clapping	freetalk
bald	ˈbɔld	Having no hair on the head	freetalk
barrels	ˈbæɹəlz	A cylindrical container with a bulging center, typically made of wooden staves bound by metal hoops	freetalk
boil	ˈbɔɪl	A painful, pus-filled bump on the skin caused by infected hair follicles	freetalk
borough	ˈbɝˌoʊ	A town or district that is an administrative unit	freetalk
breakthrough	ˈbɹeɪkˌθɹu	A significant development or discovery that helps to advance knowledge or technology	freetalk
calif	ˈkælɪf	A Muslim ruler or chief	freetalk
charities	ˈtʃɛɹətiz	The voluntary giving of help, typically in the form of money, to those in need	freetalk
cheering	ˈtʃɪɹɪŋ	Giving comfort or support to someone	freetalk
chooses	ˈtʃuzəz	To select from a number of possibilities	freetalk
combinations	ˌkɑmbəˈneɪʃənz	A joining or merging of different elements or things	freetalk
commenting	ˈkɑmɛntɪŋ	Expressing an opinion or reaction in response to something	freetalk
competitions	ˌkɑmpəˈtɪʃənz	The act of competing	freetalk
cone	ˈkoʊn	A solid or hollow object that tapers from a circular base to a point	freetalk
connects	kəˈnɛkts	Join together	freetalk
convey	kənˈveɪ	Transport or carry from one place to another	freetalk
critique	kɹəˈtik	A detailed analysis or assessment of something	freetalk
crushing	ˈkɹʌʃɪŋ	To press or squeeze with great force	freetalk
curved	ˈkɝvd	Having a smooth, continuous bend or surface	freetalk
decay	dɪˈkeɪ	(verb) to gradually deteriorate or decline in quality or strength	freetalk
declining	dɪˈklaɪnɪŋ	Becoming smaller, fewer, or less	freetalk
depressing	dɪˈpɹɛsɪŋ	Causing or resulting in a feeling of sadness or despondency	freetalk
dessert	dɪˈzɝt	The sweet course eaten at the end of a meal	freetalk
destinations	ˌdɛstəˈneɪʃənz	The place to which someone or something is going or being sent	freetalk
diagnostic	ˌdaɪəɡˈnɑstɪk	Serving to identify or characterize a disease or condition	freetalk
differential	ˌdɪfɝˈɛnʃəl	Relating to or showing a difference	freetalk
discourse	ˈdɪskɔɹs	Written or spoken communication	freetalk
distances	ˈdɪstənsəz	The extent or amount of space between two things	freetalk
dominance	ˈdɑmənəns	Power and influence over others	freetalk
donors	ˈdoʊnɝz	A person who donates something, especially money to a charity or organization	freetalk
downloaded	ˈdaʊnˌloʊdɪd	To transfer data or files from a server or computer to a local device	freetalk
earth's	ˈɝθs	Belonging to or relating to earth	shadowline
economically	ˌɛkəˈnɑmɪkli	In a way that relates to the economy	freetalk
entertain	ˌɛntɝˈteɪn	Provide amusement or enjoyment for (someone)	freetalk
evaluated	ɪˈvæljuˌeɪtəd	To judge or determine the significance, worth, or quality of something	freetalk
exploit	ˈɛkˌsplɔɪt	make full use of and derive benefit from (a resource)	freetalk
fireworks	ˈfaɪɹˌwɝks	Explosive devices used for entertainment or celebration	freetalk
flown	ˈfloʊn	past participle of fly	freetalk
founders	ˈfaʊndɝz	A person who establishes an organization or institution	freetalk
freeman	ˈfɹimən	A person who is not a slave or under bondage	freetalk
game's	ˈɡeɪmz	Belonging to or relating to game	shadowline
gateway	ˈɡeɪˌtweɪ	An entrance or opening that can be closed by a gate	freetalk
guarantees	ˌɡɛɹənˈtiz	A formal assurance that certain conditions will be fulfilled	freetalk
humidity	hjuˈmɪdəti	The state or quality of being humid	freetalk
humour	ˈhjumɝ	The quality of being amusing or entertaining	freetalk
imagery	ˈɪmədʒɹi	Visually descriptive or figurative language	freetalk
imply	ˌɪmˈplaɪ	To suggest or indicate indirectly	freetalk
indicators	ˈɪndəˌkeɪtɝz	A thing that indicates	freetalk
inherent	ɪnˈhɪɹənt	Existing in something as a permanent, essential, or characteristic attribute	freetalk
inland	ˈɪnˌlænd	Situated in or toward the interior of a country	freetalk
inning	ˈɪnɪŋ	A division of a game in which each team has a turn at bat and in the field	freetalk
innocence	ˈɪnəsəns	Lack of guilt or wrongdoing	freetalk
investigator	ˌɪnˈvɛstəˌɡeɪtɝ	A person who carries out formal inquiry or investigation	freetalk
isle	ˈaɪl	A small island	freetalk
ivy	ˈaɪvi	A climbing plant with dark green leaves, often found on walls or trees	freetalk
justification	ˌdʒʌstəfəˈkeɪʃən	The action of showing something to be right or reasonable	freetalk
ka	ˈkɑ	In ancient Egypt, the spiritual essence or life force of a person	freetalk
licenses	ˈlaɪsənsɪz	A permit from an authority to own or use something, do a particular thing, or carry on a trade	freetalk
livestock	ˈlaɪvˌstɑk	animals kept or raised on a farm for use or profit	freetalk
mafia	ˈmɑfiə	A secret criminal organization, typically of Italian origin, engaged in illegal activities such as gambling, drug trafficking, and extortion	freetalk
manners	ˈmænɝz	Polite or well-behaved behavior	freetalk
merry	ˈmɛɹi	Cheerful and lively	freetalk
mick	ˈmɪk	Offensive slang term for a person of Irish descent	freetalk
missionary	ˈmɪʃəˌnɛɹi	A person sent on a religious mission, especially one sent to promote Christianity in a foreign country	freetalk
nationalism	ˈnæʃənəˌlɪzəm	Patriotic feeling, principles, or efforts	freetalk
naughty	ˈnɔti	Behaving badly or disobediently	freetalk
notified	ˈnoʊtəˌfaɪd	Inform (someone) of something, typically in an official manner	freetalk
notorious	noʊˈtɔɹiəs	Famous or well known, typically for some bad quality or deed	freetalk
obey	oʊˈbeɪ	To follow the commands or guidance of someone or something	freetalk
organizational	ˌɔɹɡənəˈzeɪʃənəl	Of or relating to an organization	freetalk
outfits	ˈaʊtˌfɪts	A set of clothes worn together, especially for a particular occasion or purpose	freetalk
outright	ˈaʊˈtɹaɪt	Completely and entirely	freetalk
overly	ˈoʊvɝli	excessively	freetalk
oversight	ˈoʊvɝˌsaɪt	An unintentional failure to notice or do something	freetalk
panthers	ˈpænθɝz	A large, powerful wild animal of the cat family, with a coat of dark fur and black spots	freetalk
phases	ˈfeɪzəz	A distinct period or stage in a process or development	freetalk
photographers	fəˈtɑɡɹəfɝz	A person who takes photographs	freetalk
polling	ˈpoʊlɪŋ	The act of casting votes in an election or survey	freetalk
popping	ˈpɑpɪŋ	Make a sudden, sharp, explosive sound	freetalk
prisons	ˈpɹɪzənz	A building for the confinement of persons held while awaiting trial, persons sentenced after conviction, etc	freetalk
prototype	ˈpɹoʊtəˌtaɪp	A first or preliminary model of something, from which other forms are developed or copied	freetalk
pumpkin	ˈpʌmpkɪn	A large round orange fruit with a thick rind and edible flesh	freetalk
pumps	ˈpʌmps	A device used to move fluids or gases by mechanical action	freetalk
punched	ˈpʌntʃt	To strike with the fist	freetalk
ramp	ˈɹæmp	A sloping surface joining two levels	freetalk
rand	ˈɹænd	A thin strip of leather or other material used for binding or edging	freetalk
reactor	ɹiˈæktɝ	A person or thing that reacts	freetalk
reef	ˈɹif	A ridge of rocks, sand, or coral that rises to or near the surface of a body of water	freetalk
refined	ɹəˈfaɪnd	Improved in accuracy, delicacy, or excellence	freetalk
refreshing	ɹɪˈfɹɛʃɪŋ	Giving new strength or energy to; reinvigorating	freetalk
refusal	ɹəˈfjuzəl	The act of refusing to do something	freetalk
reinforced	ˌɹiɪnˈfɔɹst	Strengthened or supported with additional material or structure	freetalk
remedies	ˈɹɛmədiz	A means of counteracting or eliminating something undesirable	freetalk
reset	ɹiˈsɛt	To set again or differently	freetalk
sage	ˈseɪdʒ	A profoundly wise person	freetalk
shave	ˈʃeɪv	To remove hair from the body with a razor or other sharp tool	freetalk
sickness	ˈsɪknəs	The state of being ill	freetalk
simpler	ˈsɪmpəlɝ	Easy to understand or do	freetalk
sinking	ˈsɪŋkɪŋ	Descending below the surface of water or another liquid	freetalk
slots	ˈslɑts	A narrow opening or groove	freetalk
sorted	ˈsɔɹtɪd	Arranged in a particular order	freetalk
staged	ˈsteɪdʒd	Present or organize (a play, movie, or other show) on a stage	freetalk
startup	ˈstɑɹˌtʌp	The act or process of setting in operation or motion	freetalk
statute	ˈstætʃut	A written law passed by a legislative body	freetalk
stems	ˈstɛmz	The main body or stalk of a plant	freetalk
straightforward	ˈstɹeɪtˈfɔɹwɝd	Direct and clear in communication or action	freetalk
strengths	ˈstɹɛŋkθs	The quality or state of being physically strong	freetalk
suffers	ˈsʌfɝz	To experience pain or distress	freetalk
superstar	ˌsupɝˈstɑɹ	A widely acclaimed star, especially in the entertainment industry	freetalk
telecommunications	ˌtɛləkəˌmjunəˈkeɪʃənz	The transmission of information over long distances by electronic means	freetalk
thieves	ˈθivz	Plural of thief	freetalk
thoughtful	ˈθɔtfəl	Showing consideration for others; considerate	freetalk
thru	ˈθɹu	Moving in one side and out of the other side of (an opening, channel, or location)	freetalk
tissues	ˈtɪˌsjuz	A soft, thin piece of paper used for wiping or cleaning	freetalk
toddler	ˈtɑdlɝ	A young child who is just beginning to walk	freetalk
utilized	ˈjutəˌlaɪzd	Make practical and effective use of	freetalk
vicious	ˈvɪʃəs	Deliberately cruel or violent	freetalk
victories	ˈvɪktɝiz	An act of defeating an enemy or opponent in a battle, game, or other competition	freetalk
vikings	ˈvaɪkɪŋz	A member of the Scandinavian seafaring warriors who raided and settled in many parts of northwestern Europe in the 8th-11th centuries	freetalk
vodka	ˈvɑdkə	A colorless alcoholic beverage made from distilled grain or potatoes	freetalk
wholly	ˈhoʊli	Entirely	freetalk
zoom	ˈzum	To move quickly and smoothly in a specified direction	freetalk
accidental	ˌæksəˈdɛntəl	Happening by chance or unexpectedly	freetalk
accounted	əˈkaʊntɪd	Considered to be the cause or explanation of something	freetalk
addicted	əˈdɪktɪd	Physically and mentally dependent on a particular substance	freetalk
adjustments	əˈdʒʌstmənts	The act of making small changes to something in order to improve or correct it	freetalk
apollo	əˈpɑloʊ	A Greek god of music, poetry, prophecy, and healing	freetalk
archbishop	ˈɑɹtʃˈbɪʃəp	A bishop of the highest rank who presides over an archdiocese	freetalk
assassination	əˌsæsəˈneɪʃən	The act of killing a prominent person for political or religious reasons	freetalk
athletics	æθˈlɛtɪks	The practice of physical exercise and sports	freetalk
basics	ˈbeɪsɪks	Fundamental principles or elements	freetalk
bats	ˈbæts	A flying mammal typically active at night	freetalk
bibliography	ˌbɪbliˈɑɡɹəfi	A list of sources used in research or writing	freetalk
bot	ˈbɔt	A software application that runs automated tasks over the internet	freetalk
broadly	ˈbɹɔdli	In a wide or general sense	freetalk
calcium	ˈkælsiəm	A silver-white metallic chemical element	freetalk
candles	ˈkændəlz	A cylinder or block of wax or tallow with a central wick that is lit to produce light as it burns	freetalk
capita	ˈkæpɪtə	Per head	freetalk
certainty	ˈsɝtənti	The state of being certain or sure	freetalk
cheeks	ˈtʃiks	The fleshy part of the face below the eye and above the jaw	freetalk
chickens	ˈtʃɪkənz	Domestic fowl raised for meat or eggs	freetalk
citation	saɪˈteɪʃən	A quotation from or reference to a book, paper, or author	freetalk
clues	ˈkluz	A piece of evidence or information used in the detection of a crime or solving of a mystery	freetalk
collectively	kəˈlɛktɪvli	As a group or whole	freetalk
commercials	kəˈmɝʃəlz	A paid advertisement on television or radio	freetalk
commissions	kəˈmɪʃənz	An instruction, command, or duty given to a person or group	freetalk
compression	kəmˈpɹɛʃən	The action or state of being squished or pressed together	freetalk
comprised	kəmˈpɹaɪzd	Consist of	freetalk
confess	kənˈfɛs	Admit to something	freetalk
confined	kənˈfaɪnd	Restricted in space or movement	freetalk
congregation	ˌkɑŋɡɹəˈɡeɪʃən	A group of people gathered for religious worship	freetalk
consolidated	kənˈsɑləˌdeɪtəd	Combine into a single, coherent whole	freetalk
coordinate	koʊˈɔɹdənət	Bring the different elements of (a complex activity or organization) into a relationship that will ensure efficiency or harmony	freetalk
coordinates	koʊˈɔɹdənəts	Bring the different elements of (a complex activity or organization) into a relationship that will ensure efficiency or harmony	freetalk
cube	ˈkjub	A solid object with six square faces of equal size	freetalk
declaring	dɪˈklɛɹɪŋ	Announcing or making known officially	freetalk
decoration	ˌdɛkɝˈeɪʃən	The act or process of decorating	freetalk
decree	dɪˈkɹi	An official order issued by a legal authority	freetalk
definitions	ˌdɛfəˈnɪʃənz	The act of defining or explaining something	freetalk
deliberate	dɪˈlɪbɝət	Done consciously and intentionally	freetalk
despair	dɪˈspɛɹ	The complete loss or absence of hope	freetalk
discovering	dɪˈskʌvɝɪŋ	To find or learn something for the first time	freetalk
dividend	ˈdɪvɪˌdɛnd	A sum of money paid regularly (typically quarterly) by a company to its shareholders out of its profits	freetalk
dragging	ˈdɹæɡɪŋ	Pulling something along the ground	freetalk
drift	ˈdɹɪft	To be carried along by currents of air or water	freetalk
dye	ˈdaɪ	A substance used to color materials	freetalk
educators	ˈɛdʒəˌkeɪtɝz	A person who provides instruction or education	freetalk
electron	ˌɪˈlɛktɹɑn	A stable subatomic particle with a charge of negative electricity	freetalk
endure	ɛnˈdjʊɹ	Suffer (something painful or difficult) patiently	freetalk
enzyme	ˈɛnˌzaɪm	A substance produced by a living organism that acts as a catalyst to bring about a specific biochemical reaction	freetalk
evolutionary	ˌɛvəˈluʃəˌnɛɹi	Relating to or involving evolution	freetalk
exhibits	ɪɡˈzɪbəts	To display or show something for others to see	freetalk
fellows	ˈfɛloʊz	A man or boy	freetalk
fragments	ˈfɹæɡmənts	A small part broken off or detached	freetalk
fuels	ˈfjuəlz	Material such as coal, gas, or oil that is burned to produce heat or power	freetalk
geological	ˌdʒiəˈlɑdʒɪkəl	Relating to the study of the Earth's structure and formation	freetalk
globally	ˈɡloʊbəli	Throughout the world	freetalk
grams	ˈɡɹæmz	A metric unit of mass equal to one thousandth of a kilogram	freetalk
guru	ˈɡuˌɹu	A Hindu spiritual teacher or guide	freetalk
hacked	ˈhækt	To cut roughly or irregularly	freetalk
hatch	ˈhætʃ	To emerge from an egg	freetalk
historians	hɪˈstɔɹiənz	A person who studies or writes about history	freetalk
hm	hm	Used to express hesitation or uncertainty	freetalk
hormone	ˈhɔɹˌmoʊn	A regulatory substance produced in an organism and transported in tissue fluids such as blood or sap to stimulate specific cells or tissues into action	freetalk
inadequate	ˌɪˈnædəkwət	Not enough or sufficient	freetalk
infinity	ˌɪnˈfɪnɪti	The state or quality of being infinite	freetalk
intentionally	ˌɪnˈtɛnʃənəli	Done on purpose; deliberate	freetalk
joints	ˈdʒɔɪnts	A point at which parts of an artificial structure are joined	freetalk
kilometers	kəˈlɑˌmʌtɝz	A unit of length equal to 1000 meters	freetalk
labs	ˈlæbz	A place equipped for experimental study in a science or technical field	freetalk
lace	ˈleɪs	A delicate fabric made of yarn or thread in an open weblike pattern	freetalk
losers	ˈluzɝz	A person who is defeated or unsuccessful in a competition or contest	freetalk
louder	ˈlaʊdɝ	Having a greater volume or intensity of sound	freetalk
maiden	ˈmeɪdən	A young unmarried woman	freetalk
marching	ˈmɑɹtʃɪŋ	Walk steadily and rhythmically forward in step with others	freetalk
marketplace	ˈmɑɹkətˌpleɪs	An open space or building where goods or services are bought and sold	freetalk
membrane	ˈmɛmˌbɹeɪn	A thin, pliable sheet or layer of tissue that covers a surface, lines a cavity, or divides a space or organ	freetalk
messing	ˈmɛsɪŋ	To make a mess or untidy situation	freetalk
metallic	məˈtælɪk	Of, relating to, or resembling metal	freetalk
methodology	ˌmɛθəˈdɑlədʒi	A system or set of methods used in a particular area of study or activity	freetalk
modifications	ˌmɑdəfəˈkeɪʃənz	The act or process of making changes to something	freetalk
monitors	ˈmɑnətɝz	A person who observes a process or activity to ensure that it is carried out correctly	freetalk
murderer	ˈmɝdɝɝ	A person who commits murder	freetalk
nap	ˈnæp	A short period of sleep, especially during the day	freetalk
nickel	ˈnɪkəl	A hard, silvery-white metallic element used in alloys and as a coating	freetalk
niece	ˈnis	A daughter of one's brother or sister	freetalk
nominations	ˌnɑməˈneɪʃənz	The act of officially suggesting someone for a position or award	freetalk
numbered	ˈnʌmbɝd	To assign a number to something	freetalk
offerings	ˈɔfɝɪŋz	Things presented or offered as a gift or contribution	freetalk
overlooked	ˈoʊvɝˌlʊkt	Fail to notice or consider	freetalk
pardon	ˈpɑɹdən	Forgiveness for an offense or wrongdoing	freetalk
partnerships	ˈpɑɹtnɝˌʃɪps	A relationship between two or more people or organizations that work together towards a common goal	freetalk
persuade	pɝˈsweɪd	Cause (someone) to do something through reasoning or argument	freetalk
pier	ˈpɪɹ	A structure extending into a body of water for docking ships or boats	freetalk
poured	ˈpɔɹd	To cause (a liquid) to flow in a steady stream	freetalk
practiced	ˈpɹæktəst	Skilled or experienced in a particular activity or profession	freetalk
predecessor	ˈpɹɛdəˌsɛsɝ	A person who held a job or office before the current holder	freetalk
premise	ˈpɹɛmɪs	A proposition supporting or helping to support a conclusion	freetalk
quiz	ˈkwɪz	A test of knowledge, typically as a competition or for entertainment	freetalk
rainfall	ˈɹeɪnˌfɔl	The amount of rain that falls in a specific area during a specific time period	freetalk
recipients	ɹɪˈsɪpiənts	A person who receives something	freetalk
reckless	ˈɹɛkləs	Without thinking or caring about the consequences of an action	freetalk
redemption	ɹɪˈdɛmpʃən	The action of saving or being saved from sin, error, or evil	freetalk
relates	ɹɪˈleɪts	To make a connection between two or more things	freetalk
relied	ɹɪˈlaɪd	To depend on with full trust or confidence	freetalk
remedy	ˈɹɛmədi	A medicine or treatment for a disease or injury	freetalk
replay	ɹiˈpleɪ	To play again	freetalk
revision	ɹiˈvɪʒən	The action of revising or correcting something	freetalk
rooted	ˈɹutəd	Established deeply and firmly	freetalk
scent	ˈsɛnt	A distinctive smell, especially one that is pleasant	freetalk
slate	ˈsleɪt	A fine-grained rock used for roofing and flooring	freetalk
spells	ˈspɛlz	A period of time during which a person is under the influence of magic or witchcraft	freetalk
stimulus	ˈstɪmjələs	Something that incites to action or exertion or quickens action, feeling, thought, etc	freetalk
strengthening	ˈstɹɛŋθənɪŋ	Making or becoming stronger	freetalk
structured	ˈstɹʌktʃɝd	Arranged in a definite pattern or organization	freetalk
sunrise	ˈsʌnˌɹaɪz	The time in the morning when the sun appears above the horizon	freetalk
surge	ˈsɝdʒ	A sudden powerful forward or upward movement	freetalk
tagged	ˈtæɡd	Attach a label to	freetalk
tags	ˈtæɡz	A small piece or strip of paper, plastic, or other material attached to an object to identify it or give instructions	freetalk
tapes	ˈteɪps	A long, narrow strip of material used for binding or fastening	freetalk
tee	ˈti	A small peg with a concave top used to support a golf ball before it is struck	freetalk
testified	ˈtɛstəˌfaɪd	Give evidence as a witness in a court of law	freetalk
timothy	ˈtɪməθi	A type of grass used for hay	freetalk
token	ˈtoʊkən	A thing serving as a visible or tangible representation of a fact, quality, feeling, etc	freetalk
tornado	tɔɹˈneɪˌdoʊ	A rotating column of air extending from a thunderstorm to the ground	freetalk
tunes	ˈtunz	A melody or sequence of notes in music	freetalk
tunnels	ˈtʌnəlz	An underground passage	freetalk
twilight	ˈtwaɪˌlaɪt	The soft glowing light from the sky when the sun is below the horizon, caused by the reflection of the sun's rays	freetalk
unprecedented	ənˈpɹɛsɪˌdɛntɪd	Never done or known before	freetalk
vagina	vəˈdʒaɪnə	The passage leading from the uterus to the external genital opening in women	freetalk
verses	ˈvɝsəz	A stanza or section of a poem or song	freetalk
vocabulary	voʊˈkæbjəˌlɛɹi	The words known and used by a person	freetalk
whoa	ˈwoʊ	Used to command a horse to stop or slow down	freetalk
willingness	ˈwɪlɪŋnəs	The quality or state of being prepared to do something	freetalk
woody	ˈwʊdi	Consisting of or resembling wood	freetalk
worthless	ˈwɝθləs	Without worth or value; of no use or importance	freetalk
yacht	ˈjɑt	A large, luxurious boat used for cruising or racing	freetalk
absorb	əbˈzɔɹb	Take in or soak up (liquid)	freetalk
accompany	əˈkʌmpəni	To go along with someone or something	freetalk
accord	əˈkɔɹd	Give or grant someone (power, status, or recognition)	freetalk
advancement	ədˈvænsmənt	The process of moving forward or making progress	freetalk
algorithms	ˈælɡɝˌɪðəmz	A process or set of rules to be followed in calculations or other problem-solving operations, especially by a computer	freetalk
alternatively	ɔlˈtɝnətɪvli	In a different way or manner	freetalk
anglo	ˈæŋɡloʊ	A white English-speaking person of British or American descent	freetalk
archer	ˈɑɹtʃɝ	A person who shoots with a bow and arrow	freetalk
assurance	əˈʃʊɹəns	Confidence or certainty in one's abilities or beliefs	freetalk
barber	ˈbɑɹbɝ	A person whose occupation is cutting hair and shaving or trimming beards	freetalk
bash	ˈbæʃ	A heavy blow or impact	freetalk
battalion	bəˈtæljən	A large body of troops ready for battle	freetalk
bidding	ˈbɪdɪŋ	The act of offering a price for something at an auction	freetalk
boycott	ˈbɔɪˌkɑt	To refuse to buy, use, or participate in something as a way of protesting or expressing disapproval	freetalk
bricks	ˈbɹɪks	A rectangular block of clay baked by the sun or in a kiln, used as a building material	freetalk
buddies	ˈbʌdiz	A friend or companion	freetalk
carpenter	ˈkɑɹpəntɝ	A person who builds or repairs wooden structures	freetalk
ceased	ˈsist	To stop happening or existing	freetalk
coding	ˈkoʊdɪŋ	The process of assigning a code to something for classification or identification	freetalk
competitor	kəmˈpɛtətɝ	A person or entity that competes against others in a contest or competition	freetalk
creators	kɹiˈeɪtɝz	A person or thing that creates	freetalk
cuisine	kwɪˈzin	A style or method of cooking, especially as characteristic of a particular country or region	freetalk
detained	dɪˈteɪnd	Keep (someone) in official custody, typically for questioning about a crime	freetalk
dioxide	daɪˈɑkˌsaɪd	A compound containing two oxygen atoms	freetalk
dolls	ˈdɑlz	A small model of a human figure, often used as a child's toy	freetalk
doom	ˈdum	Death or destruction	freetalk
dubbed	ˈdʌbd	Give an unofficial name or nickname to (someone or something)	freetalk
eclipse	ɪˈklɪps	To obscure the light from or to by interposition of the moon, a planet, or another body	freetalk
eighteen	eɪˈtin	The number that is one more than seventeen and one less than nineteen	freetalk
elephants	ˈɛləfənts	A large mammal with a long trunk, large ears, and tusks	freetalk
enjoyment	ˌɛnˈdʒɔɪmənt	The state or condition of taking pleasure in something	freetalk
exhaust	ɪɡˈzɔst	To use up completely	freetalk
expired	ɪkˈspaɪɹd	No longer valid or in effect	freetalk
flee	ˈfli	To run away quickly	freetalk
forwards	ˈfɔɹwɝdz	In the direction that one is facing or traveling	freetalk
fries	ˈfɹaɪz	Cooked strips of potato	freetalk
fundraising	ˈfʌnˌdɹeɪsɪŋ	The act of collecting money or other resources for a particular purpose	freetalk
gal	ˈɡæl	A girl or young woman	freetalk
glimpse	ˈɡlɪmps	A brief or quick look	freetalk
hawk	ˈhɔk	A bird of prey with sharp talons and a hooked beak	freetalk
healthier	ˈhɛlθiɝ	In better health or physical condition	freetalk
homemade	ˈhoʊmˈmeɪd	Made or prepared at home	freetalk
honorable	ˈɑnɝəbəl	Deserving of respect or high regard	freetalk
infectious	ˌɪnˈfɛkʃəs	Capable of causing infection	freetalk
inferior	ˌɪnˈfɪɹiɝ	Lower in rank, status, or quality than another or others	freetalk
injustice	ˌɪnˈdʒʌstɪs	Lack of fairness or justice	freetalk
inquiries	ˌɪnˈkwaɪɝiz	The act of asking for information	freetalk
insulin	ˈɪnsələn	A hormone produced by the pancreas that regulates blood sugar levels	freetalk
interpret	ˌɪnˈtɝpɹət	Explain the meaning of something	freetalk
intro	ˈɪntɹoʊ	A brief spoken or written explanation at the beginning of a performance or event	freetalk
jackets	ˈdʒækɪts	A short coat or outer garment worn by both men and women	freetalk
jill	ˈdʒɪl	A young woman	freetalk
kindle	ˈkɪndəl	To start a fire	freetalk
lid	ˈlɪd	A removable or hinged cover for the top of a container	freetalk
logs	ˈlɔɡz	A thick piece of tree trunk or branch, especially when cut for fuel or timber	freetalk
manor	ˈmænɝ	A large country house with lands	freetalk
masterpiece	ˈmæstɝˌpis	A work of outstanding artistry or skill	freetalk
melody	ˈmɛlədi	A sequence of single notes that is musically satisfying	freetalk
memo	ˈmɛˌmoʊ	A short note or written reminder	freetalk
mic	ˈmɪk	A unit of length equal to one millionth of a meter	freetalk
mirrors	ˈmɪɹɝz	A surface, typically of glass coated with a metal amalgam, that reflects a clear image	freetalk
mom's	ˈmɑmz	Belonging to or relating to mom	shadowline
narrator	ˈnɛɹeɪtɝ	A person who tells a story	freetalk
nets	ˈnɛts	A device made of threads or cords woven together in a grid-like pattern, used for catching fish or other objects	freetalk
obesity	oʊˈbisəti	The condition of being grossly overweight	freetalk
partisan	ˈpɑɹtəzən	A strong supporter of a party, cause, or person	freetalk
planting	ˈplæntɪŋ	The act of putting seeds or young plants into the ground to grow	freetalk
pony	ˈpoʊˌni	A small horse, typically under 14.2 hands high	freetalk
posed	ˈpoʊzd	Present or constitute (a problem, danger, or difficulty)	freetalk
possessions	pəˈzɛʃənz	The things that someone owns or has with them	freetalk
privileged	ˈpɹɪvlədʒd	Having special rights or advantages	freetalk
prolonged	pɹəˈlɔŋd	Continuing for a long time or longer than usual	freetalk
pumping	ˈpʌmpɪŋ	To move rhythmically up and down	freetalk
pupil	ˈpjupəl	A student in school	freetalk
recruited	ɹɪˈkɹutɪd	Enlisted or hired for a job or task	freetalk
reliance	ɹɪˈlaɪəns	Dependence on someone or something for support or help	freetalk
relies	ɹɪˈlaɪz	Depend on someone or something	freetalk
reluctant	ɹɪˈlʌktənt	Unwilling or hesitant	freetalk
relying	ɹiˈlaɪɪŋ	Depend on with confidence or trust	freetalk
respiratory	ˈɹɛspɝəˌtɔɹi	relating to breathing or the organs involved in breathing	freetalk
retention	ɹiˈtɛnʃən	The action of retaining something	freetalk
rewarded	ɹɪˈwɔɹdɪd	Given something in recognition of one's service, effort, or achievement	freetalk
ribbon	ˈɹɪbən	A narrow strip of fabric used for tying things or for decoration	freetalk
roommate	ˈɹuˌmeɪt	A person who shares a room with another person	freetalk
rotten	ˈɹɑtən	Decomposed or decaying	freetalk
sands	ˈsændz	Loose particles of rock or mineral that cover beaches and deserts	freetalk
schedules	ˈskɛdʒʊlz	A plan for carrying out a process or procedure	freetalk
selecting	səˈlɛktɪŋ	Choose carefully from a group of options	freetalk
shah	ˈʃɑ	A title of the former monarch of Iran	freetalk
shawn	ˈʃɔn	Past participle of 'shew'	freetalk
shotgun	ˈʃɑtˌɡʌn	A firearm typically used for hunting or sport shooting	freetalk
singers	ˈsɪŋɝz	A person who sings, especially professionally	freetalk
snapped	ˈsnæpt	To break suddenly and completely, typically with a sharp sound	freetalk
sofa	ˈsoʊfə	A long upholstered seat with a back and arms, for two or more people to sit on	freetalk
spoil	ˈspɔɪl	To diminish or destroy the quality or value of something	freetalk
spoiled	ˈspɔɪld	To diminish the value or quality of something	freetalk
submarine	ˈsʌbmɝˌin	A watercraft capable of operating underwater	freetalk
suburb	ˈsʌbɝb	An outlying district of a city, especially a residential one	freetalk
surgeons	ˈsɝdʒənz	A person who performs surgery	freetalk
sympathetic	ˌsɪmpəˈθɛtɪk	Feeling or showing concern or compassion for others	freetalk
taxation	tækˈseɪʃən	The act of imposing taxes on individuals or businesses	freetalk
temper	ˈtɛmpɝ	a person's state of mind regarding anger or calmness	freetalk
undergo	ˌʌndɝˈɡoʊ	Experience or be subjected to (something, typically something unpleasant)	freetalk
venus	ˈvinəs	The second planet from the sun in our solar system	freetalk
weighed	ˈweɪd	To determine the weight of something by using a scale	freetalk
acquiring	əˈkwaɪɹɪŋ	To obtain or get possession of something	freetalk
additions	əˈdɪʃənz	The action or process of adding something to something else	freetalk
admitting	ædˈmɪtɪŋ	To allow to enter; grant entry	freetalk
aligned	əˈlaɪnd	Arranged in a straight line	freetalk
altar	ˈɔltɝ	A raised structure on which sacrifices or gifts are offered in religious ceremonies	freetalk
amp	ˈæmp	A unit of electric current	freetalk
arrows	ˈæɹoʊz	A weapon for shooting	freetalk
atlas	ˈætləs	A book of maps or charts	freetalk
automation	ɔtəˈmeɪʃən	The use of largely automatic equipment in a system of operation	freetalk
awe	ˈɑ	A feeling of reverential respect mixed with fear or wonder	freetalk
balancing	ˈbælənsɪŋ	To keep or put (something) in a steady position so that it does not fall	freetalk
banning	ˈbænɪŋ	To officially or legally prohibit or forbid something	freetalk
bishops	ˈbɪʃəps	A high-ranking Christian cleric, typically in charge of a diocese and empowered to confer holy orders	freetalk
broncos	ˈbɹɑŋkoʊz	A horse or pony of a small breed known for its strength and agility	freetalk
builders	ˈbɪldɝz	A person or company that constructs buildings	freetalk
burton	ˈbɝtən	A strong tackle for hoisting heavy weights	freetalk
caesar	ˈsizɝ	A title of Roman emperors	freetalk
canada's	ˈkænədəz	Belonging to or relating to canada	shadowline
cans	ˈkænz	A cylindrical metal container used for storing food or drink	freetalk
cavalry	ˈkævəlɹi	Soldiers on horseback	freetalk
coffin	ˈkɔfɪn	A box or chest for burying a corpse	freetalk
collectors	kəˈlɛktɝz	A person who collects things as a hobby or for a living	freetalk
colorful	ˈkʌlɝfəl	Full of color; having bright or vivid colors	freetalk
combo	ˈkɑmˌboʊ	A combination of two or more things	freetalk
conductor	kənˈdʌktɝ	A person who directs the performance of an orchestra or choir	freetalk
confront	kənˈfɹʌnt	Face up to and deal with (a problem or difficult situation)	freetalk
constraints	kənˈstɹeɪnts	Limitations that restrict or control something	freetalk
crow	ˈkɹoʊ	A large, black bird with a loud, harsh call	freetalk
dad's	ˈdædz	Belonging to or relating to dad	shadowline
decisive	dɪˈsaɪsɪv	Settling an issue or producing a definite result	freetalk
decorative	ˈdɛkɹətɪv	Serving to make something look more attractive or festive	freetalk
definitive	dɪˈfɪnɪtɪv	Most reliable or complete; final and conclusive	freetalk
disclosed	dɪsˈkloʊzd	Make (secret or new information) known	freetalk
displaced	dɪˈspleɪst	To move or shift from the usual place or position	freetalk
disturbed	dɪˈstɝbd	To interrupt the normal functions or actions of	freetalk
epidemic	ˌɛpəˈdɛmɪk	A widespread occurrence of an infectious disease in a community at a particular time	freetalk
eternity	ɪˈtɝnəti	Infinite time; duration without beginning or end	freetalk
evolve	ɪˈvɑlv	Develop gradually	freetalk
explode	ɪkˈsploʊd	To burst or shatter violently and noisily as a result of pressure from within	freetalk
extraction	ɛkˈstɹækʃən	The action of taking out something, especially using force or effort	freetalk
fatty	ˈfæti	Containing or resembling fat	freetalk
filthy	ˈfɪlθi	Covered or smeared with dirt or grime	freetalk
fletcher	ˈflɛtʃɝ	A person who makes and sells arrows	freetalk
flush	ˈflʌʃ	To clean or rinse out by a sudden flow of water	freetalk
font	ˈfɑnt	A receptacle for holy water in a church	freetalk
freestyle	ˈfɹiˌstaɪl	A performance or routine that is improvised or done without preparation	freetalk
glue	ˈɡlu	A substance used for sticking objects together	freetalk
grandpa	ˈɡɹændˌpɑ	The father of one's parent	freetalk
hairy	ˈhɛɹi	Covered with hair	freetalk
homicide	ˈhɑməˌsaɪd	The deliberate and unlawful killing of one person by another	freetalk
horns	ˈhɔɹnz	A hard pointed outgrowth on the head of various animals, typically consisting of a bony core covered with a sheath of keratin	freetalk
inheritance	ˌɪnˈhɛɹətəns	The act of receiving property, titles, or other possessions from a deceased relative	freetalk
introduces	ˌɪntɹəˈdusɪz	To present or bring something into use or operation for the first time	freetalk
ironic	aɪˈɹɑnɪk	Using or characterized by irony	freetalk
lacked	ˈlækt	To be without something that is needed or expected	freetalk
lin	ˈlɪn	A unit of length equal to one hundredth of a meter	freetalk
luggage	ˈlʌɡədʒ	Suitcases, bags, and other containers used to hold personal belongings while traveling	freetalk
madame	ˈmædəm	A polite term of address for a woman	freetalk
maggie	ˈmæˌɡi	A female given name	freetalk
mel	ˈmɛl	A unit of distance equal to 1000th of an inch	freetalk
melting	ˈmɛltɪŋ	To change from a solid to a liquid by heat	freetalk
messaging	ˈmɛsɪdʒɪŋ	The act of sending and receiving messages	freetalk
microwave	ˈmaɪkɹəˌweɪv	A type of electromagnetic wave with a wavelength in the range of 1 millimeter to 30 centimeters	freetalk
minimize	ˈmɪnəˌmaɪz	Reduce to the smallest possible amount or degree	freetalk
modi	ˈmoʊdi	A method or way of doing something	freetalk
morocco	mɝˈɑkoʊ	A fine, soft leather made from goatskin	freetalk
organisms	ˈɔɹɡəˌnɪzəmz	A living thing that has (or can develop) the ability to act or function independently	freetalk
originated	ɝˈɪdʒəˌneɪtəd	To come into existence or begin	freetalk
ounce	ˈaʊns	A unit of weight equal to 1/16 of a pound or 28.35 grams	freetalk
peel	ˈpil	To remove the outer covering or skin from a fruit or vegetable	freetalk
pensions	ˈpɛnʃənz	A regular payment made during a person's retirement from an investment fund to which that person or their employer has contributed during their working life	freetalk
performer	pɝˈfɔɹmɝ	One who performs a task or duty	freetalk
picnic	ˈpɪkˌnɪk	An outing or occasion that involves taking a packed meal to be eaten outdoors	freetalk
pins	ˈpɪnz	A small, slender, pointed piece of metal used to fasten or secure things	freetalk
practitioners	pɹækˈtɪʃənɝz	A person actively engaged in an art, discipline, or profession	freetalk
predominantly	ˌpɹɪˈdɑmənəntˌli	Mainly or chiefly	freetalk
primitive	ˈpɹɪmətɪv	Relating to an early stage of development or existence	freetalk
providence	ˈpɹɑvədəns	The protective care of God or of nature as a spiritual power	freetalk
psychic	ˈsaɪkɪk	Relating to or denoting faculties or phenomena that are apparently inexplicable by natural laws, especially involving telepathy or clairvoyance	freetalk
psychologist	saɪˈkɑlədʒəst	A person who studies the mind and behavior of humans and animals	freetalk
puppet	ˈpʌpət	A person, group, or country that is controlled by another	freetalk
reproductive	ˌɹipɹəˈdʌktɪv	relating to the production of offspring	freetalk
requesting	ɹɪˈkwɛstɪŋ	The act of asking for something	freetalk
responds	ɹɪˈspɑndz	To reply or answer in words	freetalk
restrict	ɹiˈstɹɪkt	To limit or control the actions or movements of someone or something	freetalk
retiring	ɹɪˈtaɪɹɪŋ	Withdrawn or shy in social situations	freetalk
retrieved	ɹiˈtɹivd	To get or bring back something	freetalk
righteous	ˈɹaɪtʃəs	Morally right or justifiable	freetalk
rivalry	ˈɹaɪvəlɹi	Competition for the same objective or for superiority in the same field	freetalk
royalty	ˈɹɔɪəlti	A person of royal blood or status	freetalk
sausage	ˈsɔsədʒ	A cylindrical length of minced pork, beef, or other meat encased in a skin, typically sold raw to be grilled, boiled, or fried	freetalk
seize	ˈsiz	To take hold of suddenly and forcibly	freetalk
sim	ˈsɪm	A type of card game involving matching pairs	freetalk
skeleton	ˈskɛlətən	The internal framework of bones in the body	freetalk
spicy	ˈspaɪsi	Having a strong, pungent flavor or aroma, often from the presence of spices	freetalk
sticky	ˈstɪki	Tending or able to stick to things	freetalk
sting	ˈstɪŋ	To cause a sharp pain or smarting sensation, typically by pricking with a sharp point	freetalk
sufficiently	səˈfɪʃəntli	To a degree that satisfies a need or requirement	freetalk
thankfully	ˈθæŋkfəli	In a thankful manner	freetalk
tick	ˈtɪk	A small, blood-sucking arachnid	freetalk
traced	ˈtɹeɪst	Find or discover by investigation or searching	freetalk
trusts	ˈtɹʌsts	Belief in the reliability, truth, ability, or strength of someone or something	freetalk
tutorial	tuˈtɔɹiəl	A period of instruction given by a tutor to an individual or small group	freetalk
twentieth	ˈtwɛntiəθ	Constituting number twenty in a sequence	freetalk
unpleasant	ənˈplɛzənt	Not pleasing or agreeable	freetalk
unrelated	ˌʌnɹɪˈleɪtɪd	Not connected or associated with something else	freetalk
vacant	ˈveɪkənt	Not filled, used, or lived in	freetalk
vent	ˈvɛnt	An opening that allows air, gas, or liquid to pass out of or into a confined space	freetalk
vicinity	vəˈsɪnəti	The area near or surrounding a particular place	freetalk
wan	ˈwɑn	Pale or sickly in appearance	freetalk
wandering	ˈwɑndɝɪŋ	Moving aimlessly from place to place	freetalk
wardrobe	ˈwɔɹˌdɹoʊb	A tall upright cabinet used for storing clothes	freetalk
warmth	ˈwɔɹmθ	The quality or state of being warm	freetalk
weaknesses	ˈwiknəsəz	The state or condition of lacking strength or being feeble	freetalk
wines	ˈwaɪnz	An alcoholic drink made from fermented grapes or other fruits	freetalk
wired	ˈwaɪɝd	Equipped with wires	freetalk
amendments	əˈmɛndmənts	A change or addition to a legal document or law	freetalk
analyses	əˈnæləˌsiz	The process of examining something in detail to understand its nature or to determine its essential features	freetalk
asses	ˈæsəz	Plural of ass	freetalk
assessments	əˈsɛsmənts	The action of assessing someone or something	freetalk
assisting	əˈsɪstɪŋ	To help or support someone in doing something	freetalk
australia's	ɔˈstɹeɪljəz	Belonging to or relating to australia	shadowline
axe	ˈæks	A tool with a heavy metal head mounted across a handle, used for chopping wood	freetalk
backgrounds	ˈbækˌɡɹaʊndz	The area or scenery behind the main object or subject of focus	freetalk
belle	ˈbɛl	A beautiful woman	freetalk
bites	ˈbaɪts	To use the teeth to cut into something	freetalk
bombers	ˈbɑmɝz	A person or group that bombs or attacks with explosives	freetalk
bonuses	ˈboʊnəsɪz	An extra payment or gift given to an employee in addition to their regular pay	freetalk
bred	ˈbɹɛd	Past tense and past participle of breed	freetalk
bubbles	ˈbʌbəlz	A thin sphere of liquid enclosing air or another gas	freetalk
buddha	ˈbudə	A title given to Siddhartha Gautama, the founder of Buddhism	freetalk
bulletin	ˈbʊlɪtən	A brief official statement or announcement	freetalk
capitalist	ˈkæpətəlɪst	A person who has capital, especially extensive capital, invested in business enterprises	freetalk
cautious	ˈkɔʃəs	Showing care or attention in order to avoid potential problems or dangers	freetalk
clinics	ˈklɪnɪks	A place or hospital department where outpatients are given medical treatment or advice	freetalk
commitments	kəˈmɪtmənts	The state or quality of being dedicated to a cause or activity	freetalk
companions	kəmˈpænjənz	A person who accompanies or associates with another	freetalk
comparisons	kəmˈpɛɹəsənz	The act of comparing two or more things	freetalk
constable	ˈkɑnstəbəl	A police officer of the lowest rank	freetalk
cooperate	koʊˈɑpɝˌeɪt	To work together towards a common goal	freetalk
coordinated	koʊˈɔɹdəneɪtɪd	To organize or arrange in a harmonious way	freetalk
copied	ˈkɑpid	To make a reproduction or duplicate of something	freetalk
counselor	ˈkaʊnsəlɝ	A person who gives advice or guidance, especially professionally	freetalk
curb	ˈkɝb	A concrete border along the edge of a street	freetalk
dances	ˈdænsəz	Moves rhythmically to music	freetalk
deeds	ˈdidz	Something that is done, performed, or accomplished	freetalk
destined	ˈdɛstɪnd	Intended for a particular purpose or outcome	freetalk
detached	dɪˈtætʃt	Not influenced by emotions; impartial	freetalk
devils	ˈdɛvəlz	A wicked or malevolent person or spirit	freetalk
discounts	dɪˈskaʊnts	A deduction from the usual cost of something	freetalk
distribute	dɪˈstɹɪbjut	To give out or deliver something to a number of people	freetalk
dong	ˈdɔŋ	A loud, resonant sound, as of a bell	freetalk
efficiently	ɪˈfɪʃəntli	In a way that achieves maximum productivity with minimum wasted effort or expense	freetalk
eliminating	ɪˈlɪməˌneɪtɪŋ	To remove or get rid of something	freetalk
encouragement	ɛnˈkɝɪdʒmənt	The action of giving someone support, confidence, or hope	freetalk
enforced	ɛnˈfɔɹst	Compelled or forced	freetalk
explosives	ɪkˈsploʊsɪvz	A substance or device that can cause an explosion	freetalk
faction	ˈfækʃən	A small, organized, dissenting group within a larger one, especially in politics	freetalk
fascist	ˈfæʃɪst	A person who is authoritarian or intolerant	freetalk
feathers	ˈfɛðɝz	One of the light, horny epidermal outgrowths that form the external covering of birds	freetalk
fixtures	ˈfɪkstʃɝz	A piece of equipment or furniture that is fixed in position in a building or vehicle and is considered part of the property	freetalk
flooded	ˈflʌdəd	Covered or filled with water	freetalk
fuller	ˈfʊlɝ	A person who fulls cloth	freetalk
gamble	ˈɡæmbəl	To play games of chance for money or other stakes	freetalk
goalkeeper	ˈɡoʊlˌkipɝ	A player in a team sport who defends the goal	freetalk
grandchildren	ˈɡɹænˌtʃɪldɹən	The children of one's son or daughter	freetalk
guardians	ˈɡɑɹdiənz	A person who protects or defends something	freetalk
harmless	ˈhɑɹmləs	Not causing or capable of causing harm	freetalk
hearings	ˈhiɹɪŋz	An act of listening to evidence or arguments in a court of law	freetalk
hesitate	ˈhɛzəˌteɪt	To pause before saying or doing something	freetalk
hid	ˈhɪd	to conceal oneself	freetalk
hips	ˈhɪps	The lateral prominence of the pelvis or pelvic region from the waist to the thigh	freetalk
hopeful	ˈhoʊpfəl	Feeling or inspiring optimism or confidence	freetalk
horny	ˈhɔɹni	Feeling or showing sexual desire	freetalk
hygiene	ˈhaɪˌdʒin	Conditions or practices conducive to maintaining health and preventing disease, especially through cleanliness	freetalk
imaginary	ˌɪˈmædʒəˌnɛɹi	existing only in the imagination	freetalk
imprisoned	ˌɪmˈpɹɪzənd	Confined in or as if in prison	freetalk
inconsistent	ˌɪnkənˈsɪstənt	Not staying the same in behavior or quality	freetalk
judy	ˈdʒudi	A female given name	freetalk
kindergarten	ˈkɪndɝˌɡɑɹtən	A school or class for young children before they start formal education	freetalk
latino	lɑˈtinoʊ	A person of Latin American descent	freetalk
loudly	ˈlaʊdli	In a manner that produces a great deal of noise	freetalk
master's	ˈmæstɝz	Belonging to or relating to master	shadowline
mechanic	məˈkænɪk	A person who repairs machines or engines	freetalk
modify	ˈmɑdəˌfaɪ	Make partial or minor changes to (something)	freetalk
neglect	nəˈɡlɛkt	Fail to care for properly	freetalk
northwestern	ˌnɔɹˈθwɛstɝn	Situated in or towards the northwest	freetalk
offenders	əˈfɛndɝz	A person who commits an illegal or immoral act	freetalk
oppression	əˈpɹɛʃən	Prolonged cruel or unjust treatment or control	freetalk
patriotic	ˌpeɪtɹiˈɑtɪk	Having or showing love and devotion for one's country	freetalk
pictured	ˈpɪktʃɝd	Represented visually	freetalk
pitcher	ˈpɪtʃɝ	A container for holding and pouring liquids, typically with a handle and a lip	freetalk
playground	ˈpleɪˌɡɹaʊnd	An outdoor area provided for children to play in	freetalk
populated	ˈpɑpjəˌleɪtɪd	Inhabited by people or animals	freetalk
poses	ˈpoʊzəz	Present or constitute (a problem, danger, or difficulty)	freetalk
positioned	pəˈzɪʃənd	To put or place in a particular position or location	freetalk
prejudice	ˈpɹɛdʒədɪs	Preconceived opinion that is not based on reason or actual experience	freetalk
probable	ˈpɹɑbəbəl	Likely to happen or be true	freetalk
probation	pɹoʊˈbeɪʃən	The release of an offender from detention, subject to a period of good behavior under supervision	freetalk
projection	pɹəˈdʒɛkʃən	The act of projecting or the state of being projected	freetalk
promotes	pɹəˈmoʊts	To help or encourage the growth or development of something	freetalk
pumped	ˈpʌmpt	Filled with enthusiasm or excitement	freetalk
rails	ˈɹeɪlz	A bar extending from one post or support to another as a fencing or barrier	freetalk
raven	ˈɹeɪvən	A large, black bird with a loud, harsh call	freetalk
receptor	ɹiˈsɛptɝ	A cell or group of cells that receives stimuli	freetalk
rehab	ɹihæb	A place or program for helping people recover from addiction or illness	freetalk
remake	ˈɹiˈmeɪk	Make again or differently	freetalk
rendering	ˈɹɛndɝɪŋ	To represent or depict in a particular way	freetalk
reproduction	ˌɹipɹəˈdʌkʃən	The action or process of making a copy of something	freetalk
res	ˈɹeɪz	The thing that is left over after other parts have been taken away	freetalk
reservations	ˌɹɛzɝˈveɪʃənz	Doubts or hesitations about something	freetalk
shrimp	ˈʃɹɪmp	A small, edible marine crustacean with a long tail and many legs	freetalk
similarities	ˌsɪməˈlɛɹətiz	The state or quality of being similar	freetalk
skins	ˈskɪnz	The outer covering of an animal's body	freetalk
slopes	ˈsloʊps	A surface of which one end or side is at a higher level than another; a rising or falling surface	freetalk
spelled	ˈspɛld	To write or name the letters that form a word in correct sequence	freetalk
spokesman	ˈspoʊksmən	A person who speaks on behalf of a group or organization	freetalk
stained	ˈsteɪnd	Marked or colored by a stain	freetalk
stall	ˈstɔl	A small compartment for one domestic animal in a stable or barn	freetalk
starving	ˈstɑɹvɪŋ	Suffering or dying from hunger	freetalk
strap	ˈstɹæp	A strip of leather or other material used for fastening or securing something	freetalk
subjective	səbˈdʒɛktɪv	Based on personal feelings or opinions rather than facts	freetalk
surround	sɝˈaʊnd	Be all around (someone or something)	freetalk
surroundings	sɝˈaʊndɪŋz	The things and conditions around a person or place	freetalk
sweeping	ˈswipɪŋ	Extending or performed in a wide or broad manner	freetalk
swinging	ˈswɪŋɪŋ	Moving back and forth or from side to side	freetalk
tearing	ˈtɛɹɪŋ	To pull or rip something apart forcefully	freetalk
traumatic	tɹɔˈmætɪk	Causing psychological or emotional distress	freetalk
trillion	ˈtɹɪljən	A very large number, equal to 1,000,000,000,000	freetalk
tucker	ˈtʌkɝ	To tire out or exhaust	freetalk
vendor	ˈvɛndɝ	A person or company that sells goods or services	freetalk
watts	ˈwɑts	A unit of power equal to one joule per second	freetalk
aboriginal	ˌæbɝˈɪdʒənəl	Inhabiting or existing in a land from the earliest times or from before the arrival of colonists	freetalk
academics	ˌækəˈdɛmɪks	The scholarly activities of a school or university, typically including teaching and research	freetalk
adopting	əˈdɑptɪŋ	To take up and practice or use	freetalk
alignment	əˈlaɪnmənt	Arrangement in a straight line or in correct relative positions	freetalk
allergic	əˈlɝdʒɪk	Having an allergy	freetalk
amended	əˈmɛndɪd	Make minor changes in (a text) in order to make it fairer, more accurate, or more up-to-date	freetalk
apparatus	ˌæpɝˈætəs	A group or combination of instruments, machinery, tools, or materials used for a specific purpose	freetalk
assumes	əˈsumz	To take for granted or without proof	freetalk
backpack	ˈbækˌpæk	A bag with shoulder straps for carrying items on one's back	freetalk
balcony	ˈbælkəni	A platform enclosed by a wall or balustrade on the outside of a building, with access from an upper-floor window or door	freetalk
banker	ˈbæŋkɝ	A person who owns or is an official of a bank	freetalk
bliss	ˈblɪs	Perfect happiness; great joy	freetalk
bodily	ˈbɑdəli	Of or relating to the body	freetalk
buffer	ˈbʌfɝ	A person or thing that reduces shock or prevents damage	freetalk
chapman	ˈtʃæpmən	A peddler or seller of goods	freetalk
chopped	ˈtʃɑpt	To cut into pieces	freetalk
collaborative	kəˈlæbɝˌeɪtɪv	Involving two or more people working together for a common goal	freetalk
commenced	kəˈmɛnst	Began	freetalk
compensate	ˈkɑmpənˌseɪt	To make up for something	freetalk
compromised	ˈkɑmpɹəˌmaɪzd	Exposed to danger or harm	freetalk
constructive	kənˈstɹʌktɪv	Serving a useful purpose; helpful	freetalk
conventions	kənˈvɛnʃənz	A way in which something is usually done or a common practice	freetalk
cosmic	ˈkɑzmɪk	Relating to the universe or cosmos	freetalk
crystals	ˈkɹɪstəlz	A solid substance in which the atoms, molecules, or ions are arranged in an orderly repeating pattern	freetalk
daisy	ˈdeɪzi	A small flower with white petals and a yellow center	freetalk
daughter's	ˈdɔtɝz	Belonging to or relating to daughter	shadowline
definite	ˈdɛfənət	Clearly defined or determined	freetalk
demonstrations	ˌdɛmənˈstɹeɪʃənz	The action or process of showing the existence or truth of something by giving proof or evidence	freetalk
departed	dɪˈpɑɹtɪd	No longer living; dead	freetalk
depths	ˈdɛpθs	The distance from the top or surface to the bottom	freetalk
developmental	dɪˌvɛləpˈmɛntəl	relating to the development of someone or something	freetalk
disco	ˈdɪskoʊ	A style of popular music for dancing, characterized by a strong, repetitive beat and electronic sounds	freetalk
distraction	dɪˈstɹækʃən	a thing that prevents someone from giving full attention to something else	freetalk
dom	ˈdɑm	A suffix forming nouns that refer to a state or condition (e.g. kingdom, freedom)	freetalk
doses	ˈdoʊsəz	A quantity of medicine or drug taken at one time	freetalk
drawer	ˈdɹɔɹ	A box-shaped container that slides in and out of a piece of furniture, used for storing items	freetalk
driver's	ˈdɹaɪvɝz	Belonging to or relating to driver	shadowline
drones	ˈdɹoʊnz	A low continuous humming sound	freetalk
ecological	ikəˈlɑdʒɪkəl	Relating to or concerned with the relation of living organisms to one another and to their physical surroundings	freetalk
ecosystem	ˈikoʊˌsɪstəm	A biological community of interacting organisms and their physical environment	freetalk
exclude	ɪksˈklud	Deny access to; keep out	freetalk
exempt	ɪɡˈzɛmpt	Free from an obligation or liability imposed on others	freetalk
exposing	ɪkˈspoʊzɪŋ	Make (something) visible by uncovering it	freetalk
faint	ˈfeɪnt	Lacking strength or vigor	freetalk
fertility	fɝˈtɪləti	The ability to conceive children or produce offspring	freetalk
fines	ˈfaɪnz	A sum of money exacted as a penalty by a court of law or other authority	freetalk
floods	ˈflʌdz	A great flowing or overflowing of water, especially over land not usually submerged	freetalk
foam	ˈfoʊm	A mass of small bubbles formed on or in liquid, typically by agitation or fermentation	freetalk
folded	ˈfoʊldəd	To bend or crease something over on itself	freetalk
foremost	ˈfɔɹˌmoʊst	Most prominent or important	freetalk
forge	ˈfɔɹdʒ	Make or shape (a metal object) by heating it in a fire or furnace and hammering it	freetalk
greenhouse	ˈɡɹinˌhaʊs	A building with glass walls and a glass roof, used for growing plants that need warmth and protection	freetalk
hears	ˈhiɹz	Perceive with the ear	freetalk
hierarchy	ˈhaɪɝˌɑɹki	A system or organization in which people or groups are ranked one above the other according to status or authority	freetalk
ideals	aɪˈdilz	A standard of perfection or excellence	freetalk
identities	aɪˈdɛntɪˌtiz	The fact of being who or what a person or thing is	freetalk
installations	ˌɪnstəˈleɪʃənz	The action or process of installing something	freetalk
invalid	ˈɪnvələd	Not valid or legally binding	freetalk
jade	ˈdʒeɪd	A hard, typically green stone used for ornaments and jewelry	freetalk
jointly	ˈdʒɔɪntli	In cooperation or collaboration with others	freetalk
kits	ˈkɪts	A set of articles or implements used for a specific purpose	freetalk
lightweight	ˈlaɪˈtweɪt	A person or thing that is relatively light in weight	freetalk
lowering	ˈloʊɝɪŋ	Making or becoming less high in position	freetalk
melted	ˈmɛltəd	Changed from a solid to a liquid state by heat	freetalk
metabolism	məˈtæbəˌlɪzəm	The chemical processes that occur within a living organism in order to maintain life	freetalk
neglected	nəˈɡlɛktəd	Failed to care for or attend to	freetalk
negotiated	nəˈɡoʊʃiˌeɪtəd	To discuss something in order to reach an agreement	freetalk
negotiating	nɪˈɡoʊʃiˌeɪtɪŋ	To discuss something in order to reach an agreement	freetalk
negotiation	nɪˌɡoʊʃiˈeɪʃən	The act or process of negotiating	freetalk
newborn	ˈnubɔɹn	A recently born baby	freetalk
nodes	ˈnoʊdz	A point at which lines or pathways intersect or branch off	freetalk
notch	ˈnɑtʃ	A V-shaped cut or indentation	freetalk
omega	oʊˈmɛɡə	The last letter of the Greek alphabet	freetalk
onions	ˈʌnjənz	A round vegetable with many layers that has a strong taste and smell	freetalk
packers	ˈpækɝz	A person or company that packs goods for transport or storage	freetalk
paired	ˈpɛɹd	Formed into a pair	freetalk
parental	pɝˈɛntəl	Of or relating to a parent	freetalk
parody	ˈpɛɹədi	An imitation of the style of a particular writer, artist, or genre with deliberate exaggeration for comic effect	freetalk
parole	pɝˈoʊl	The conditional release of a prisoner before the end of their sentence	freetalk
participant	pɑɹˈtɪsəpənt	a person who takes part in an activity or event	freetalk
penguin	ˈpɛŋɡwən	A large flightless seabird of the southern hemisphere, with black upper parts and white underparts and wings	freetalk
phantom	ˈfæntəm	A ghost or spirit	freetalk
photoshop	ˈfoʊˌtoʊˌʃɑp	A software program used for editing and manipulating digital images	freetalk
precedent	ˈpɹɛsɪdənt	An earlier event or action that is regarded as an example or guide for future events	freetalk
prevalent	ˈpɹɛvələnt	Widespread in a particular area or at a particular time	freetalk
prom	ˈpɹɑm	A formal dance, especially one held for a high school or college class at the end of the academic year	freetalk
promotions	pɹəˈmoʊʃənz	The act of promoting or being promoted	freetalk
python	ˈpaɪθɑn	A large nonvenomous constrictor snake found in Africa, Asia, and Australia	freetalk
questionable	ˈkwɛstʃənəbəl	Open to doubt or challenge; uncertain	freetalk
queue	ˈkju	A line or sequence of people or vehicles waiting their turn	freetalk
regrets	ɹɪˈɡɹɛts	Feelings of sadness or disappointment over something that has happened or been done	freetalk
render	ˈɹɛndɝ	To provide or give	freetalk
respondents	ɹɪˈspɑndənts	A person who replies to something, especially in a survey or questionnaire	freetalk
retaining	ɹɪˈteɪnɪŋ	To keep possession of	freetalk
sailor	ˈseɪlɝ	A person whose occupation is sailing	freetalk
seventy	ˈsɛvənti	The number 70	freetalk
shouted	ˈʃaʊtɪd	To utter a loud cry or call	freetalk
show's	ˈʃoʊz	Belonging to or relating to show	shadowline
sims	ˈsɪmz	A person's name or nickname	freetalk
slides	ˈslaɪdz	Moves smoothly along a surface	freetalk
sociology	ˌsoʊsiˈɑlədʒi	The study of society, social institutions, and social relationships	freetalk
somerset	ˈsʌmɝˌsɛt	A type of acrobatic movement involving a complete forward or backward revolution of the body	freetalk
specify	ˈspɛsəˌfaɪ	To mention or describe in detail	freetalk
splitting	ˈsplɪtɪŋ	To divide or separate into parts	freetalk
stab	ˈstæb	To thrust a pointed weapon into or through (someone or something)	freetalk
supermarket	ˈsupɝˌmɑɹkɪt	A large self-service retail store selling food and household goods	freetalk
sweater	ˈswɛtɝ	A knitted garment worn on the upper body to keep warm	freetalk
tenant	ˈtɛnənt	A person who occupies land or property rented from a landlord	freetalk
tensions	ˈtɛntʃənz	The state of being stretched tight	freetalk
tortured	ˈtɔɹtʃɝd	Experiencing intense physical or mental pain	freetalk
traction	ˈtɹækʃən	The action of drawing or pulling something over a surface	freetalk
tractor	ˈtɹæktɝ	A vehicle used for pulling farm machinery or trailers	freetalk
trout	ˈtɹaʊt	A freshwater fish of the salmon family, typically found in cold, clear streams	freetalk
turnover	ˈtɝˌnoʊvɝ	The action or process of turning over	freetalk
university's	ˌjunəˈvɝsətiz	Belonging to or relating to university	shadowline
unwanted	ənˈwɔntɪd	Not desired or wished for	freetalk
upgrades	əpˈɡɹeɪdz	To improve or enhance something	freetalk
valentine's	ˈvælənˌtaɪnz	Belonging to or relating to valentine	shadowline
variant	ˈvɛɹiənt	A different form or version of something	freetalk
vegetarian	ˌvɛdʒəˈtɛˌɹiən	A person who does not eat meat	freetalk
visibility	ˌvɪzəˈbɪlɪti	The state of being able to see or be seen	freetalk
warnings	ˈwɔɹnɪŋz	A statement or event that serves as a cautionary advice or notice	freetalk
wherein	wɛˈɹɪn	In which place or situation	freetalk
whiskey	ˈwɪski	A strong alcoholic spirit distilled from malted grain	freetalk
worms	ˈwɝmz	A long, slender, soft-bodied invertebrate animal	freetalk
abundant	əˈbʌndənt	Present in great quantity; more than adequate; fully sufficient	freetalk
algebra	ˈældʒəbɹə	A branch of mathematics in which letters and symbols are used to represent numbers and quantities in equations and formulas	freetalk
analytics	ˌænəˈlɪtɪks	The systematic computational analysis of data or statistics	freetalk
antenna	ænˈtɛnə	A rod, wire, or other device used to transmit or receive radio or television signals	freetalk
attribute	ˈætɹəˌbjut	regard something as being caused by someone or something	freetalk
audition	ɑˈdɪʃən	A trial performance to demonstrate suitability for a particular role or job	freetalk
bankers	ˈbæŋkɝz	A person who owns or is an official of a bank	freetalk
biting	ˈbaɪtɪŋ	Having a keen or sharp taste or smell	freetalk
branding	ˈbɹændɪŋ	The process of creating a unique name, symbol, or design that identifies and differentiates a product or service	freetalk
bravo	ˈbɹɑvoʊ	Used to express approval or praise	freetalk
busted	ˈbʌstɪd	Broken or damaged	freetalk
cardinals	ˈkɑɹdənəlz	A high-ranking ecclesiastical official in the Roman Catholic Church	freetalk
certificates	sɝˈtɪfɪkəts	A document serving as evidence or as a guarantee of authenticity or authority	freetalk
chatting	ˈtʃætɪŋ	Talk in a friendly and informal way	freetalk
chop	ˈtʃɑp	To cut into pieces with a sharp tool	freetalk
circuits	ˈsɝkəts	A complete and closed path around which a circulating electric current can flow	freetalk
commanded	kəˈmændɪd	To give an order or instruction	freetalk
commissioners	kəˈmɪʃənɝz	A person with authority to act on behalf of a government or organization	freetalk
communicating	kəˈmjunəˌkeɪtɪŋ	Share or exchange information with others	freetalk
comparative	kəmˈpɛɹətɪv	Estimated by comparison; not absolute or complete	freetalk
complement	ˈkɑmpləmənt	Something that completes or makes perfect	freetalk
connor	ˈkɑnɝ	A male given name	freetalk
conquer	ˈkɑŋkɝ	Overcome and take control of (a place or people) by military force	freetalk
conquest	ˈkɑŋkwɛst	The act of conquering or taking control by force	freetalk
contested	kənˈtɛstəd	Subject to disagreement or dispute	freetalk
continuity	ˌkɑntəˈnuəti	The state or quality of being continuous	freetalk
crawl	ˈkɹɔl	Move forward on hands and knees	freetalk
credible	ˈkɹɛdəbəl	Able to be believed; convincing	freetalk
cursed	ˈkɝst	Under a curse	freetalk
day's	ˈdeɪz	Belonging to or relating to day	shadowline
deepest	ˈdipəst	Extending far down from the top or surface	freetalk
defects	ˈdifɛkts	A shortcoming or imperfection	freetalk
delightful	dɪˈlaɪtfəl	Causing delight; charming or pleasing	freetalk
depicted	dɪˈpɪktəd	Show or represent by a drawing, painting, or other art form	freetalk
determines	dəˈtɝmənz	To decide or settle conclusively	freetalk
digit	ˈdɪdʒət	Any of the Arabic numerals from 0 to 9	freetalk
dinosaur	ˈdaɪnəˌsɔɹ	A fossil reptile of the Mesozoic era, often of large size	freetalk
doomed	ˈdumd	Condemned to certain destruction or death	freetalk
drainage	ˈdɹeɪnədʒ	The process of removing water or liquid from an area	freetalk
drowning	ˈdɹaʊnɪŋ	Die through submersion in and inhalation of water	freetalk
embarrassment	ɪmˈbɛɹəsmənt	The state of feeling self-conscious, ashamed, or awkward	freetalk
equations	ɪˈkweɪʒənz	A statement that the values of two mathematical expressions are equal	freetalk
evolving	ɪˈvɑlvɪŋ	Develop gradually	freetalk
exploded	ɪkˈsploʊdəd	To burst forth with sudden violence or noise	freetalk
fairness	ˈfɛɹnəs	The quality of being free from bias or injustice	freetalk
favored	ˈfeɪvɝd	Preferred or recommended	freetalk
felony	ˈfɛləni	A serious crime, typically punishable by imprisonment for more than one year	freetalk
flats	ˈflæts	A level area of land	freetalk
flint	ˈflɪnt	A hard gray rock used for making sparks	freetalk
floral	ˈflɔɹəl	Of or relating to flowers	freetalk
fortress	ˈfɔɹtɹəs	A fortified place or stronghold	freetalk
fulfilled	fʊlˈfɪld	To bring to completion or reality; accomplish	freetalk
fundamentally	ˌfʌndəˈmɛntəli	In a basic or central way	freetalk
grabbing	ˈɡɹæbɪŋ	To seize suddenly or quickly	freetalk
guts	ˈɡʌts	The stomach or belly	freetalk
hairs	ˈhɛɹz	A fine threadlike strand growing from the skin of humans, mammals, and some other animals	freetalk
handing	ˈhændɪŋ	To give or pass something to someone	freetalk
hearted	ˈhɑɹtəd	Having a specified kind of heart or heart as specified	freetalk
herb	ˈɝb	A plant whose leaves, seeds, or flowers are used for flavoring, food, medicine, or perfume	freetalk
herd	ˈhɝd	A large group of animals, especially hoofed mammals, that live, feed, or migrate together	freetalk
husbands	ˈhʌzbəndz	A married man considered in relation to his spouse	freetalk
ideological	ˌaɪdiəˈlɑdʒɪkəl	Relating to or concerned with ideas or ideologies	freetalk
immortal	ˌɪˈmɔɹtəl	Living forever; never dying or decaying	freetalk
incumbent	ˌɪnˈkʌmbənt	Necessary for someone as a duty or responsibility	freetalk
insider	ˌɪnˈsaɪdɝ	A person who is a member of a group or organization and has special knowledge or access	freetalk
insufficient	ˌɪnsəˈfɪʃənt	Not enough; inadequate	freetalk
interval	ˈɪntɝvəl	A period of time between events or occurrences	freetalk
jelly	ˈdʒɛli	A sweet, clear, semisolid, somewhat elastic spread or preserve made from fruit juice and sugar boiled to a thick consistency	freetalk
kai	ˈkaɪ	A sea in the Pacific Ocean, located between Hawaii and Japan	freetalk
kidnapping	ˈkɪdˌnæpɪŋ	The action of abducting someone and holding them captive	freetalk
kilometres	ˌkɪˈlɔˌmʌtɝz	A unit of measurement equal to 1000 meters	freetalk
lenses	ˈlɛnzəz	A piece of glass or other transparent material with curved sides for concentrating or dispersing light rays	freetalk
lick	ˈlɪk	To pass the tongue over something	freetalk
literal	ˈlɪtɝəl	Taking words in their usual or most basic sense without metaphor or exaggeration	freetalk
lunar	ˈlunɝ	Relating to the moon	freetalk
maternal	məˈtɝnəl	Of or relating to a mother	freetalk
maxwell	ˈmækˌswɛl	The centimeter-gram-second electromagnetic unit of magnetic flux	freetalk
medicines	ˈmɛdəsənz	A substance used to treat or prevent disease	freetalk
memoir	ˈmɛmˌwɑɹ	A historical account or biography written from personal knowledge or special sources	freetalk
modification	ˌmɑdəfəˈkeɪʃən	The act or process of making changes to something	freetalk
mold	ˈmoʊld	A hollow container used to give shape to fluid or molten material as it cools and hardens	freetalk
nailed	ˈneɪld	To fasten or secure with a nail	freetalk
napoleon	nəˈpoʊliən	A pastry consisting of thin layers of puff pastry filled with cream or custard	freetalk
neighbouring	ˈneɪbɝɪŋ	Situated or living near one another	freetalk
objection	əbˈdʒɛkʃən	A reason or argument presented in opposition	freetalk
obliged	əˈblaɪdʒd	Grateful or thankful	freetalk
observers	əbˈzɝvɝz	People who watch or notice something	freetalk
occurrence	əˈkɝəns	The fact or state of happening or existing	freetalk
offspring	ˈɔfˌspɹɪŋ	A person's child or children	freetalk
ou	ˈu	Used to express a sense of surprise or disbelief	freetalk
outrageous	aʊˈtɹeɪdʒəs	Shockingly bad or excessive	freetalk
packet	ˈpækət	A small container or package, typically containing a quantity of something	freetalk
pads	ˈpædz	A cushioning or protective device	freetalk
pathway	ˈpæˌθweɪ	A route or way for traveling from one place to another	freetalk
peach	ˈpitʃ	A round stone fruit with juicy yellow flesh and pinkish-orange skin	freetalk
persuaded	pɝˈsweɪdɪd	Convinced or influenced someone to do something	freetalk
plots	ˈplɑts	A small piece of ground, generally used for a specific purpose such as gardening	freetalk
polo	ˈpoʊloʊ	A game played on horseback with mallets and a ball	freetalk
presenter	ˈpɹɛzəntɝ	a person who presents or introduces a program or event	freetalk
proclaimed	pɹoʊˈkleɪmd	Announced officially or publicly	freetalk
prohibition	ˌpɹoʊəˈbɪʃən	The action of forbidding something, especially by law	freetalk
prop	ˈpɹɑp	A support or brace used to hold something in position	freetalk
queen's	ˈkwinz	Belonging to or relating to queen	shadowline
recognizing	ˈɹɛkəɡˌnaɪzɪŋ	Identify or know someone or something from past experience or knowledge	freetalk
recommends	ˌɹɛkəˈmɛndz	To suggest or endorse as being suitable, desirable, or beneficial	freetalk
registry	ˈɹɛdʒɪstɹi	An official list or record, especially one for keeping track of names or items	freetalk
relieve	ɹɪˈliv	To ease or alleviate pain or discomfort	freetalk
remarkably	ɹɪˈmɑɹkəbli	In a way that is worthy of attention or notice	freetalk
repaired	ɹɪˈpɛɹd	To fix or mend something that is broken or damaged	freetalk
rotating	ˈɹoʊˌteɪtɪŋ	Moving in a circle around a central point	freetalk
sandwiches	ˈsændwɪtʃɪz	A food consisting of two or more slices of bread with a filling between them	freetalk
satellites	ˈsætəˌlaɪts	A celestial body orbiting around a planet	freetalk
scar	ˈskɑɹ	A lasting effect of grief, fear, or other emotion left on a person's character by a traumatic experience	freetalk
scouts	ˈskaʊts	A person sent out to obtain information	freetalk
scripture	ˈskɹɪptʃɝ	The sacred writings of a religion	freetalk
seating	ˈsitɪŋ	The act of providing chairs or benches for people to sit on	freetalk
seminar	ˈsɛməˌnɑɹ	A small group of students meeting with a teacher, especially for discussion and research	freetalk
shores	ˈʃɔɹz	The land along the edge of a sea, lake, or river	freetalk
silva	ˈsɪlvə	A forest or wooded area	freetalk
simplicity	sɪmˈplɪsəti	The quality or condition of being simple	freetalk
slightest	ˈslaɪtəst	Small in degree or amount	freetalk
softly	ˈsɔftli	In a gentle or quiet manner	freetalk
specimens	ˈspɛsəmənz	A sample or individual taken as typical of a particular group or kind	freetalk
stereo	ˈstɛɹiˌoʊ	Sound system that uses two or more channels to create a more realistic audio experience	freetalk
supplements	ˈsʌpləmənts	Something that completes or enhances something else when added to it	freetalk
surrey	ˈsɝi	A light four-wheeled carriage with two seats facing forward	freetalk
sustainability	səˌsteɪnəˈbɪlɪti	The ability to be maintained at a certain rate or level	freetalk
symphony	ˈsɪmfəni	An elaborate musical composition for full orchestra, typically in four movements	freetalk
tesla	ˈtɛslə	A unit of magnetic flux density equal to one weber per square meter	freetalk
textbook	ˈtɛkstˌbʊk	A book used as a standard work for the study of a particular subject	freetalk
theological	ˌθiəˈlɑdʒɪkəl	Relating to the study of God and religious beliefs	freetalk
trader	ˈtɹeɪdɝ	A person who buys and sells goods or services	freetalk
undercover	ˌʌndɝˈkʌvɝ	Acting or working in a secret way for the purpose of catching criminals or collecting information	freetalk
vegetation	ˌvɛdʒəˈteɪʃən	Plants in general, especially the plants that are found in a particular area or environment	freetalk
vein	ˈveɪn	A blood vessel that carries blood towards the heart	freetalk
velvet	ˈvɛlvət	A soft fabric with a smooth pile, typically made from silk or a synthetic fiber	freetalk
vendors	ˈvɛndɝz	A person or company that sells goods or services	freetalk
viewer	ˈvjuɝ	A person who watches or looks at something	freetalk
welcoming	ˈwɛlkəmɪŋ	Friendly and inviting	freetalk
whales	ˈweɪlz	A very large marine mammal with a streamlined body and a horizontal tail fin	freetalk
wheeler	ˈwilɝ	A person or thing that wheels	freetalk
worm	ˈwɝm	A long, slender, soft-bodied invertebrate animal	freetalk
zombies	ˈzɑmbiz	A reanimated corpse that has been brought back to life, typically by supernatural means	freetalk
accountant	əˈkaʊntənt	A person who keeps or inspects financial accounts	freetalk
activate	ˈæktəˌveɪt	To make active or cause to function	freetalk
admissions	ædˈmɪʃənz	The act of admitting or allowing someone to enter a place or join an organization	freetalk
amusing	əˈmjuzɪŋ	Providing entertainment or enjoyment	freetalk
beams	ˈbimz	A long piece of timber or metal used in construction	freetalk
behold	bɪˈhoʊld	To see or observe	freetalk
betrayed	bɪˈtɹeɪd	To be unfaithful or disloyal to someone's trust or confidence	freetalk
biased	ˈbaɪəst	Showing an unfair preference for or against something	freetalk
billionaire	ˌbɪljəˈnɛɹ	A person whose wealth amounts to at least a billion dollars	freetalk
bloggers	ˈblɔɡɝz	A person who writes regularly for a blog	freetalk
brewing	ˈbɹuɪŋ	The process of making beer or other beverages through fermentation	freetalk
bypass	ˈbaɪˌpæs	A road or passage that avoids a built-up area, congestion, or obstruction	freetalk
calculation	ˌkælkjəˈleɪʃən	The process or act of determining something by mathematical or logical methods	freetalk
cancellation	ˌkænsəˈleɪʃən	The act of canceling or annulling something	freetalk
cane	ˈkeɪn	A long, hollow or solid, slender stick, especially one used as a support for walking	freetalk
capturing	ˈkæptʃɝɪŋ	To take by force or skill	freetalk
catalyst	ˈkætələst	A substance that increases the rate of a chemical reaction without itself undergoing any permanent chemical change	freetalk
cedar	ˈsidɝ	A type of coniferous tree	freetalk
celebrates	ˈsɛləˌbɹeɪts	To observe (a day or event) with ceremonies or festivities	freetalk
concentrations	ˌkɑnsənˈtɹeɪʃənz	The action or power of focusing one's attention or mental effort	freetalk
concludes	kənˈkludz	To bring to an end	freetalk
cons	ˈkɑnz	To persuade or encourage (someone) to do something by deceit or trickery	freetalk
corpse	ˈkɔɹps	A dead body, especially of a human being	freetalk
crab	ˈkɹæb	A crustacean with a broad carapace, stalked eyes, and five pairs of legs, the first pair of which are modified as pincers	freetalk
cruelty	ˈkɹulti	The quality or state of being cruel	freetalk
decorations	ˌdɛkɝˈeɪʃənz	The act or process of decorating	freetalk
dementia	dɪˈmɛnʃiə	A chronic or persistent disorder of the mental processes caused by brain disease or injury and marked by memory disorders, personality changes, and impaired reasoning	freetalk
demonstrating	ˈdɛmənˌstɹeɪtɪŋ	Show or prove something clearly and convincingly	freetalk
designation	ˌdɛzəɡˈneɪʃən	The action of choosing someone for a particular role or purpose	freetalk
dev	ˈdɛv	A person who is skilled in a particular activity or subject	freetalk
dice	ˈdaɪs	A small cube with each side having a different number of spots on it, ranging from one to six, used in games of chance	freetalk
diploma	dɪˈploʊmɑ	A certificate awarded by an educational institution, typically after completing a course of study	freetalk
disasters	dɪˈzæstɝz	An event causing great harm, damage, or suffering	freetalk
discharged	dɪsˈtʃɑɹdʒd	To release or let go of something	freetalk
dispatch	dɪˈspætʃ	Send off to a destination or for a purpose	freetalk
disputed	dɪˈspjutəd	Contested or argued about	freetalk
dots	ˈdɑts	A small round mark or spot	freetalk
duchess	ˈdʌtʃəs	The wife or widow of a duke	freetalk
dunno	dəˈnoʊ	I don't know	freetalk
economists	ɪˈkɑnəmɪsts	A person who studies or specializes in economics	freetalk
elders	ˈɛldɝz	A person who is older or higher in rank or experience	freetalk
exceeded	ɪkˈsidəd	To go beyond in quantity, degree, rate, etc	freetalk
explanations	ˌɛkspləˈneɪʃənz	A statement or account that makes something clear	freetalk
extinction	ɪkˈstɪŋkʃən	The state or process of a species, family, or larger group being or becoming extinct	freetalk
factions	ˈfækʃənz	A group within a larger organization or political party that has different opinions or goals	freetalk
foil	ˈfɔɪl	A thin sheet of metal	freetalk
formats	ˈfɔɹˌmæts	The way in which something is arranged or set out	freetalk
geology	dʒiˈɑlədʒi	The study of the Earth's physical structure and substance, its history, and the processes that act on it	freetalk
graduating	ˈɡɹædʒəˌweɪtɪŋ	To receive a degree or diploma from a school or university	freetalk
gram	ˈɡɹæm	A metric unit of mass equal to one thousandth of a kilogram	freetalk
heath	ˈhiθ	An area of open uncultivated land covered with low-growing vegetation	freetalk
heavenly	ˈhɛvənli	Of or relating to heaven	freetalk
hormones	ˈhɔɹˌmoʊnz	A regulatory substance produced in an organism and transported in tissue fluids such as blood or sap to stimulate specific cells or tissues into action	freetalk
horrific	hɔˈɹɪfɪk	Causing horror or terror	freetalk
infants	ˈɪnfənts	A child in the earliest period of life	freetalk
insect	ˈɪnˌsɛkt	A small arthropod animal with six legs and a body divided into three parts: head, thorax, and abdomen	freetalk
iris	ˈaɪɹəs	The colored part of the eye surrounding the pupil	freetalk
issuing	ˈɪʃuɪŋ	To send out or distribute	freetalk
lifts	ˈlɪfts	Raises to a higher position	freetalk
locking	ˈlɑkɪŋ	To fasten or secure with a lock	freetalk
logging	ˈlɔɡɪŋ	The activity or business of cutting down trees for timber	freetalk
medications	ˌmɛdəˈkeɪʃənz	A substance used for medical treatment	freetalk
mentality	mɛnˈtæləti	The characteristic way of thinking of a person or group	freetalk
metre	ˈmitɝ	The basic unit of length in the metric system, equal to 100 centimeters	freetalk
miracles	ˈmɪɹəkəlz	An extraordinary event manifesting divine intervention in human affairs	freetalk
neural	ˈnʊɹəl	relating to a nerve or the nervous system	freetalk
newsletter	ˈnuzˌlɛtɝ	A bulletin issued periodically to members of a society, business, or organization	freetalk
nineteenth	ˈnaɪnˈtinθ	Coming after the eighteenth in a series	freetalk
nitrogen	ˈnaɪtɹədʒən	A colorless, odorless, nonmetallic element that constitutes about four-fifths of the air by volume	freetalk
norms	ˈnɔɹmz	A standard or pattern that is typical or expected	freetalk
oceans	ˈoʊʃənz	A very large expanse of sea, in particular each of the main areas into which the sea is divided geographically	freetalk
ooh	ˈu	Used to express surprise or admiration	freetalk
payroll	ˈpeɪˌɹoʊl	A list of employees and their salaries	freetalk
phenomenal	fəˈnɑmənəl	Very remarkable; extraordinary	freetalk
photographic	ˌfoʊtəˈɡɹæfɪk	Of or relating to photography	freetalk
pinch	ˈpɪntʃ	To squeeze or compress between the finger and thumb	freetalk
ping	ˈpɪŋ	A high-pitched, short, sharp sound	freetalk
polished	ˈpɑlɪʃt	Shiny and smooth in texture, appearance, or finish	freetalk
pots	ˈpɑts	A container typically round and deep, used for cooking or storing food	freetalk
predictable	pɹɪˈdɪktəbəl	Able to be foretold or anticipated	freetalk
privileges	ˈpɹɪvlədʒəz	A special right, advantage, or immunity granted or available only to a particular person or group	freetalk
professionally	pɹəˈfɛʃənəli	In a professional manner or way	freetalk
protesting	pɹəˈtɛstɪŋ	Expressing strong disapproval or objection	freetalk
protocols	ˈpɹoʊtəˌkɔlz	A set of rules or guidelines for communication or interaction	freetalk
pushes	ˈpʊʃəz	To exert force on (someone or something) in order to move them away from oneself	freetalk
queer	ˈkwɪɹ	Strange or odd	freetalk
rebounds	ˈɹiˌbaʊndz	To bounce back after hitting a surface	freetalk
reckon	ˈɹɛkən	To consider or regard in a specified way	freetalk
recycling	ɹiˈsaɪkəlɪŋ	The process of converting waste materials into reusable objects	freetalk
restriction	ɹiˈstɹɪkʃən	The act of limiting or controlling something	freetalk
resumed	ɹɪˈzumd	Begin again after a pause or interruption	freetalk
resurrection	ˌɹɛzɝˈɛkʃən	The act of rising from the dead	freetalk
rover	ˈɹoʊvɝ	A person who roves or wanders	freetalk
scars	ˈskɑɹz	A lasting effect of grief, fear, or other emotion left on a person's character by a traumatic experience	freetalk
scholarships	ˈskɑlɝˌʃɪps	An amount of money or other aid granted to a student, as for the purpose of attending a college	freetalk
shelves	ˈʃɛlvz	A flat, horizontal board or surface used for storing or displaying items	freetalk
shipment	ˈʃɪpmənt	The act of shipping goods or cargo	freetalk
slut	ˈslʌt	A woman who has many casual sexual partners	freetalk
sparks	ˈspɑɹks	A small fiery particle thrown off from a fire, alight in ashes, or produced by striking together two hard surfaces such as stone or metal	freetalk
spatial	ˈspeɪʃəl	Relating to space	freetalk
stainless	ˈsteɪnləs	Resistant to staining or rusting	freetalk
statutory	ˈstætʃəˌtɔɹi	Required, permitted, or enacted by statute	freetalk
stellar	ˈstɛlɝ	Of or relating to stars	freetalk
stripes	ˈstɹaɪps	A long, narrow band or line of a different color or texture from the surface on either side of it	freetalk
stubborn	ˈstʌbɝn	Having or showing dogged determination not to change one's attitude or position on something	freetalk
summoned	ˈsʌmənd	To call upon to do something specified	freetalk
swords	ˈsɔɹdz	A weapon with a long metal blade and a hilt	freetalk
syrup	ˈsɝəp	A thick, sweet liquid made by dissolving sugar in water	freetalk
tackles	ˈtækəlz	To make determined efforts to deal with a problem or difficult task	freetalk
tapping	ˈtæpɪŋ	To strike lightly	freetalk
teachings	ˈtitʃɪŋz	Ideas or principles taught by a teacher or religious leader	freetalk
tightly	ˈtaɪtli	In a firm or secure manner	freetalk
tina	ˈtinə	A female given name	freetalk
tones	ˈtoʊnz	A musical or vocal sound with reference to its pitch, quality, and strength	freetalk
tories	ˈtɔˌɹiz	A member or supporter of the Conservative Party in the UK	freetalk
transplant	tɹænˈsplænt	To move or transfer (something) from one place to another	freetalk
traps	ˈtɹæps	A device or mechanism for catching animals	freetalk
turf	ˈtɝf	Grass and the surface layer of earth held together by its roots	freetalk
twitch	ˈtwɪtʃ	A sudden, quick movement or jerk	freetalk
unlocked	ənˈlɑkt	Opened or made accessible by removing a lock or other obstruction	freetalk
unusually	əˈnjuˌʒuəli	In a way that is not usual or common	freetalk
unveiled	ənˈveɪld	Make (something secret or concealed) known to others	freetalk
username	ˈjuzɝˌneɪm	A name used to gain access to a computer system or online service	freetalk
vaccines	ˌvækˈsinz	A substance used to stimulate the production of antibodies and provide immunity against one or several diseases	freetalk
veins	ˈveɪnz	Blood vessels that carry blood towards the heart	freetalk
ventures	ˈvɛntʃɝz	An undertaking involving uncertainty as to the outcome	freetalk
visions	ˈvɪʒənz	The act or power of seeing	freetalk
voiced	ˈvɔɪst	Uttered with vibration of the vocal cords	freetalk
volcano	vɑlˈkeɪnoʊ	A vent in the earth's crust through which lava, steam, ashes, etc., are expelled	freetalk
warmer	ˈwɔɹmɝ	Having a higher temperature than usual	freetalk
webster	ˈwɛbstɝ	A weaver of cloth	freetalk
weddings	ˈwɛdɪŋz	A marriage ceremony, especially considered as including the associated celebrations	freetalk
yelled	ˈjɛld	To shout loudly in anger or excitement	freetalk
accelerated	ækˈsɛlɝˌeɪtɪd	Increase in speed or rate	freetalk
accomplishments	əˈkɑmplɪʃmənts	Something that has been achieved successfully	freetalk
advertised	ˈædvɝˌtaɪzd	Make (a product, service, or event) known to the public through various forms of media	freetalk
advertisements	ˈædvɝˌtaɪzmənts	A notice or announcement in a public medium promoting a product, service, or event	freetalk
ark	ˈɑɹk	A large boat or ship	freetalk
armour	ˈɑɹmɝ	Protective covering worn in battle	freetalk
assaulted	əˈsɔltɪd	Make a physical attack on	freetalk
atoms	ˈætəmz	The basic unit of a chemical element	freetalk
attach	əˈtætʃ	To fasten or join one thing to another	freetalk
awaiting	əˈweɪtɪŋ	To wait for; expect	freetalk
bind	ˈbaɪnd	To tie or fasten something tightly	freetalk
blessings	ˈblɛsɪŋz	God's favor and protection	freetalk
boiling	ˈbɔɪlɪŋ	Extremely hot; full of activity or excitement	freetalk
borrowing	ˈbɑɹoʊɪŋ	To take and use (something that belongs to someone else) with the intention of returning it	freetalk
bowls	ˈboʊlz	A round, deep dish or basin used for holding food or liquid	freetalk
bum	ˈbʌm	A person's buttocks	freetalk
butcher	ˈbʊtʃɝ	A person who slaughters animals for food	freetalk
c'mon	kəˈmɑn	Informal short form of 'come on'	shadowline
chandler	ˈtʃændlɝ	A person who makes or sells candles	freetalk
cheapest	ˈtʃipəst	Of low cost or price	freetalk
communists	ˈkɑmjənəsts	A person who supports or advocates for communism	freetalk
compares	kəmˈpɛɹz	To examine for the purpose of noting similarities and differences	freetalk
conception	kənˈsɛpʃən	The act of conceiving or the state of being conceived	freetalk
congo	ˈkɑŋɡoʊ	A river in Africa	freetalk
counterparts	ˈkaʊntɝˌpɑɹts	A person or thing that corresponds to or has the same function as another person or thing	freetalk
cue	ˈkju	A signal for action	freetalk
deed	ˈdid	Something that is done, performed, or accomplished	freetalk
disciplinary	ˈdɪsəpləˌnɛɹi	relating to the enforcement of discipline	freetalk
dreamed	ˈdɹimd	Past tense of dream	freetalk
dwarf	ˈdwɔɹf	A person of unusually small stature	freetalk
eighty	ˈeɪti	The number 80	freetalk
eligibility	ˌɛlɪdʒəˈbɪlɪti	The state of being qualified for something	freetalk
embraced	ɛmˈbɹeɪst	Hold (someone) closely in one's arms, especially as a sign of affection	freetalk
enacted	ɛˈnæktəd	Make (a bill or other proposal) law	freetalk
endorsement	ɛnˈdɔɹsmənt	The act of publicly supporting or recommending a product, service, or person	freetalk
eyebrows	ˈaɪˌbɹaʊz	The strip of hair growing on the ridge above the eye socket	freetalk
finite	ˈfaɪˌnaɪt	Having limits or bounds	freetalk
flagship	ˈflæɡˌʃɪp	The best or most important thing owned or produced by a particular organization	freetalk
forensic	fɝˈɛnsɪk	Relating to or denoting the application of scientific methods and techniques to the investigation of crime	freetalk
forthcoming	ˈfɔɹθˈkʌmɪŋ	About to happen or appear	freetalk
gallon	ˈɡælən	A unit of liquid capacity equal to 4 quarts or 3.785 liters	freetalk
gems	ˈdʒɛmz	A precious stone or mineral that is cut and polished for use in jewelry	freetalk
glowing	ˈɡloʊɪŋ	Emitting a steady light or heat	freetalk
glucose	ˈɡluˌkoʊs	A simple sugar that is an important energy source in living organisms	freetalk
gore	ˈɡɔɹ	Blood that has been shed, especially as a result of violence	freetalk
gown	ˈɡaʊn	A long dress worn on formal occasions	freetalk
greedy	ˈɡɹidi	Having or showing an intense and selfish desire for something, especially wealth or power	freetalk
halo	ˈheɪloʊ	A circle of light or brightness surrounding something	freetalk
ideally	aɪˈdili	In an ideal manner	freetalk
identifies	aɪˈdɛntəˌfaɪz	Recognizes or determines who or what someone or something is	freetalk
improves	ˌɪmˈpɹuvz	To make or become better	freetalk
infamous	ˈɪnfəməs	Well-known for a bad quality or deed	freetalk
inspirational	ˌɪnspɝˈeɪʃənəl	Providing or showing inspiration	freetalk
internally	ˌɪnˈtɝnəli	Inside something; within	freetalk
kashmir	ˈkæʃmɪɹ	A region in northern India and Pakistan known for its beautiful landscapes	freetalk
lateral	ˈlætɝəl	Of or relating to the side; situated at or extending to the side	freetalk
lent	ˈlɛnt	Past tense of lend	freetalk
lib	ˈlɪb	A political philosophy advocating individual freedom	freetalk
lifelong	ˈlaɪˈflɔŋ	Lasting for the duration of a person's life	freetalk
limestone	ˈlaɪmˌstoʊn	A sedimentary rock consisting mainly of calcium carbonate	freetalk
liner	ˈlaɪnɝ	A person or thing that lines something	freetalk
majors	ˈmeɪdʒɝz	Greater in size, extent, or importance	freetalk
marched	ˈmɑɹtʃt	Walked with regular and measured steps, typically in a group	freetalk
marrying	ˈmɛɹiɪŋ	To take as a husband or wife	freetalk
memes	ˈmɛmz	An image, video, piece of text, etc., typically humorous in nature, that is copied and spread rapidly by internet users	freetalk
mentioning	ˈmɛnʃənɪŋ	Refer to something briefly or casually	freetalk
merge	ˈmɝdʒ	Combine or blend into a single entity	freetalk
mesh	ˈmɛʃ	A material made of a network of wire or thread	freetalk
migrant	ˈmaɪɡɹənt	A person who moves from one place to another in search of work or better living conditions	freetalk
monitored	ˈmɑnətɝd	Watched closely	freetalk
moron	ˈmɔˌɹɑn	A stupid person	freetalk
mortar	ˈmɔɹtɝ	A mixture of sand, water, and cement used for building and repairing walls	freetalk
myths	ˈmɪθs	Traditional stories or legends, especially ones that explain the beliefs or customs of a society	freetalk
naive	ˌnaɪˈiv	Lacking experience, wisdom, or judgment	freetalk
nat	ˈnæt	A unit of currency in Vietnam	freetalk
noises	ˈnɔɪzɪz	Sound or sounds that are loud, unpleasant, or unexpected	freetalk
noticeable	ˈnoʊtəsəbəl	Easily seen or noticed	freetalk
observing	əbˈzɝvɪŋ	To watch carefully	freetalk
opted	ˈɑptɪd	To make a choice or decision	freetalk
pedro	ˈpeɪdɹoʊ	A male given name	freetalk
pens	ˈpɛnz	A writing instrument with a nib for applying ink	freetalk
perfume	pɝˈfjum	A fragrant liquid typically made from essential oils and alcohol	freetalk
pitching	ˈpɪtʃɪŋ	The act of throwing a baseball to a batter in a game	freetalk
pleasing	ˈplizɪŋ	Giving pleasure or satisfaction; enjoyable or agreeable	freetalk
premiums	ˈpɹimiəmz	An amount to be paid for an insurance policy	freetalk
prestige	pɹɛˈstiʒ	Widespread respect and admiration felt for someone or something on the basis of a perception of their achievements or quality	freetalk
protects	pɹəˈtɛkts	To keep safe from harm or danger	freetalk
pyramid	ˈpɪɹəmɪd	A structure with a square or triangular base and sloping sides that meet at a point	freetalk
realizes	ˈɹiəˌlaɪzɪz	To become fully aware of something	freetalk
relevance	ˈɹɛləvəns	The quality or state of being closely connected or appropriate to the matter at hand	freetalk
remotely	ɹiˈmoʊtli	From a distance	freetalk
resorts	ɹɪˈzɔɹts	A place that is a popular destination for vacations or recreation	freetalk
retailer	ˈɹiˌteɪlɝ	A person or business that sells goods to the public	freetalk
rigid	ˈɹɪdʒəd	Not flexible or pliant; stiff	freetalk
rom	ˈɹɑm	A type of narrative poem or tale dealing with chivalry and adventure	freetalk
sailors	ˈseɪlɝz	A person whose occupation is sailing	freetalk
sampling	ˈsæmplɪŋ	The act of selecting a representative portion of a larger group for analysis or testing	freetalk
screenshot	ˈskɹinˌʃɑt	A digital image of the contents of a computer or mobile device screen	freetalk
selfie	ˈsɛlˌfi	A photograph that one has taken of oneself, typically with a smartphone	freetalk
settlers	ˈsɛtlɝz	A person who settles in a new country or area	freetalk
shattered	ˈʃætɝd	Broken into many pieces	freetalk
signatures	ˈsɪɡnətʃɝz	A person's name written in a distinctive way as a form of identification	freetalk
spacecraft	ˈspeɪˌskɹæft	A vehicle designed for travel or operation in outer space	freetalk
specification	ˌspɛsɪfɪˈkeɪʃən	A detailed description or explanation of how something should be done, made, or performed	freetalk
spiders	ˈspaɪdɝz	A small creature with eight legs that spins webs to catch insects	freetalk
splendid	ˈsplɛndɪd	Magnificent or grand in appearance	freetalk
strokes	ˈstɹoʊks	A movement of one's hand or an object across a surface	freetalk
successes	səkˈsɛsəz	The accomplishment of an aim or purpose	freetalk
summers	ˈsʌmɝz	The warmest season of the year, in the northern hemisphere from June to August and in the southern hemisphere from December to February	freetalk
supplying	səˈplaɪɪŋ	To provide something that is needed or wanted	freetalk
telescope	ˈtɛləˌskoʊp	An optical instrument designed to make distant objects appear nearer	freetalk
tended	ˈtɛndɪd	To care for or look after	freetalk
terminated	ˈtɝməˌneɪtɪd	To bring to an end	freetalk
textile	ˈtɛkˌstaɪl	A type of material made from fibers or yarn that is used for making fabrics or cloth	freetalk
that'd	ˈðætɪd	Short for 'that would' or 'that had'	shadowline
thickness	ˈθɪknəs	The state or quality of being thick	freetalk
threatens	ˈθɹɛtənz	To utter intentions of injury or punishment against	freetalk
tossed	ˈtɔst	To throw lightly or casually	freetalk
tray	ˈtɹeɪ	A flat, shallow container with a raised edge, used for carrying or holding items	freetalk
unreasonable	ənˈɹiznəbəl	Not guided by or based on good sense	freetalk
unsure	ənˈʃʊɹ	Not certain or confident	freetalk
upwards	ˈʌpwɝdz	In a direction from lower to higher	freetalk
utilize	ˈjutəˌlaɪz	Make practical and effective use of	freetalk
valuation	væljuˈeɪʃən	The act of estimating or determining the worth or value of something	freetalk
veterinary	ˈvɛtɹəˌnɛɹi	relating to the medical care and treatment of animals	freetalk
villagers	ˈvɪlɪdʒɝz	Inhabitants of a village	freetalk
violate	ˈvaɪəleɪt	Break or fail to comply with (a rule or law)	freetalk
vivid	ˈvɪvəd	Producing powerful feelings or strong, clear images in the mind	freetalk
waving	ˈweɪvɪŋ	To move one's hand back and forth in greeting or as a signal	freetalk
accusing	əˈkjuzɪŋ	To charge with the fault, offense, or crime	freetalk
aided	ˈeɪdəd	Helped or assisted	freetalk
allocation	ˌæləˈkeɪʃən	The action or process of distributing something	freetalk
amusement	əˈmjuzmənt	The state or experience of finding something funny or entertaining	freetalk
antibiotics	ˌæntibaɪˈɑtɪks	A medicine that inhibits the growth of or destroys microorganisms	freetalk
anticipation	ænˌtɪsəˈpeɪʃən	The act of looking forward to or expecting something	freetalk
anyone's	ˈɛniˌwʌnz	Belonging to or relating to anyone	shadowline
appropriately	əˈpɹoʊpɹiɪtli	In a suitable or proper manner	freetalk
arrests	ɝˈɛsts	Stop or check the progress of (something)	freetalk
arrogant	ˈɛɹəɡənt	Having or revealing an exaggerated sense of one's own importance or abilities	freetalk
assessing	əˈsɛsɪŋ	To evaluate or estimate the nature, ability, or quality of something	freetalk
authorization	ˌɔθɝəˈzeɪʃən	The act of giving someone permission or power to do something	freetalk
auxiliary	ɑɡˈzɪljɝi	Providing supplementary or additional help or support	freetalk
baggage	ˈbæɡədʒ	Personal belongings packed for traveling	freetalk
beacon	ˈbikən	A signaling or guiding device, typically a light or fire, used to warn or attract attention	freetalk
belts	ˈbɛlts	A strip of leather or other material worn around the waist to support clothing or hold weapons	freetalk
bounty	ˈbaʊnti	A generous gift or reward	freetalk
boxer	ˈbɑksɝ	A person who participates in the sport of boxing	freetalk
briefing	ˈbɹifɪŋ	A meeting in which information is given or instructions are explained	freetalk
brook	ˈbɹʊk	A small stream	freetalk
budgets	ˈbʌdʒɪts	An estimate of income and expenditure for a set period of time	freetalk
cartoons	kɑɹˈtunz	A humorous or satirical drawing or comic strip	freetalk
ceramic	sɝˈæmɪk	Made of clay and hardened by heat	freetalk
cereal	ˈsɪɹiəl	A grass that is cultivated for its edible grains	freetalk
challenger	ˈtʃæləndʒɝ	A person who challenges or competes against another	freetalk
chased	ˈtʃeɪst	Pursued in order to catch or catch up with	freetalk
clergy	ˈklɝdʒi	The body of people ordained for religious duties, especially in the Christian Church	freetalk
coats	ˈkoʊts	An outer garment with sleeves, worn outdoors and typically extending below the hips	freetalk
cola	ˈkoʊlə	A carbonated soft drink containing an extract of the kola nut or similar flavorings	freetalk
coma	ˈkoʊmə	A state of deep unconsciousness	freetalk
comfortably	ˈkʌmfɝtəbli	In a physically relaxed and contented manner	freetalk
commanders	kəˈmændɝz	A person who commands, especially a military officer in charge of a group of soldiers	freetalk
compass	ˈkʌmpəs	A device used for determining direction, typically consisting of a magnetized needle that points to the magnetic north	freetalk
considerations	kənˌsɪdɝˈeɪʃənz	Careful thought or attention	freetalk
consultants	kənˈsʌltənts	A person who provides expert advice professionally	freetalk
contempt	kənˈtɛmpt	The feeling that a person or a thing is beneath consideration, worthless, or deserving scorn	freetalk
contributes	kənˈtɹɪbjuts	To give (money, time, knowledge, assistance, etc.) to help achieve or provide something	freetalk
credentials	kɹəˈdɛnʃəlz	Evidence of authority, status, rights, or qualifications	freetalk
cured	ˈkjʊɹd	Eliminated or completely healed of a disease or ailment	freetalk
descended	dɪˈsɛndəd	Move or fall downward	freetalk
disappearance	ˌdɪsəˈpɪɹəns	The act of disappearing or vanishing	freetalk
drowned	ˈdɹaʊnd	To die through submersion in and inhalation of water	freetalk
drying	ˈdɹaɪɪŋ	To make or become dry	freetalk
dwelling	ˈdwɛlɪŋ	A place of residence or habitation	freetalk
ecology	ɪˈkɑlədʒi	The branch of biology that deals with the relations of organisms to one another and to their physical surroundings	freetalk
einstein	ˈaɪnstaɪn	A genius or highly intelligent person	freetalk
emergence	ɪˈmɝdʒəns	The process of coming into view or becoming exposed after being concealed	freetalk
enclosed	ɛnˈkloʊzd	Surrounded or closed off on all sides	freetalk
endurance	ˈɛndɝəns	The ability to withstand hardship or adversity	freetalk
equals	ˈikwəlz	A person or thing that is the same as another in value, amount, function, or meaning	freetalk
erotic	ɪˈɹɑtɪk	Relating to or tending to arouse sexual desire or excitement	freetalk
evacuation	ɪˌvækjəˈweɪʃən	The act of removing people from a dangerous place to a safe place	freetalk
exceptionally	ɪkˈsɛpʃənəli	To a very high degree; extremely	freetalk
exchanged	ɪksˈtʃeɪndʒd	To give something and receive something else in return	freetalk
expenditure	ɪkˈspɛndətʃɝ	The action of spending funds	freetalk
falcon	ˈfælkən	A bird of prey with long pointed wings and a notched beak	freetalk
favors	ˈfeɪvɝz	To show kindness or preference towards someone	freetalk
folder	ˈfoʊldɝ	A folded cover or large envelope for holding loose papers	freetalk
frequencies	ˈfɹikwənsiz	The rate at which something occurs or is repeated over a particular period of time	freetalk
frightened	ˈfɹaɪtənd	Feeling fear or apprehension	freetalk
groove	ˈɡɹuv	A long, narrow cut or depression in a hard material	freetalk
hedge	ˈhɛdʒ	A fence or boundary formed by closely growing bushes or shrubs	freetalk
homosexuality	ˌhoʊmoʊˌsɛkʃuˈæləˌti	The quality or characteristic of being sexually attracted to people of the same sex	freetalk
icons	ˈaɪˌkɑnz	A person or thing regarded as a representative symbol or as worthy of veneration	freetalk
ingredient	ˌɪnˈɡɹidiənt	One of the parts of a mixture or recipe	freetalk
initiate	ˌɪˈnɪʃiˌeɪt	To begin or start	freetalk
inserted	ˌɪnˈsɝtəd	To put or place into	freetalk
interventions	ˌɪntɝˈvɛnʃənz	Actions taken to improve a situation or prevent a problem	freetalk
invaded	ˌɪnˈveɪdəd	Enter (a place, situation, or sphere of activity) in large numbers, especially with intrusive effect	freetalk
ironically	aɪˈɹɑnɪkli	In a way that is contrary to what is expected or intended	freetalk
jealousy	ˈdʒɛləsi	The feeling of being envious or covetous of someone else's possessions, qualities, or achievements	freetalk
joker	ˈdʒoʊkɝ	A person who tells jokes or plays pranks	freetalk
kisses	ˈkɪsəz	Touch or caress with the lips as a sign of love, greeting, or reverence	freetalk
laden	ˈleɪdən	Heavily loaded or weighed down	freetalk
learns	ˈlɝnz	Gain or acquire knowledge or skill through study, experience, or being taught	freetalk
limbs	ˈlɪmz	An arm or leg of a person or four-legged animal	freetalk
medicaid	ˈmɛdəˌkeɪd	A U.S. government program that provides healthcare coverage for low-income individuals and families	freetalk
meta	ˈmitə	Denoting a concept or commentary on itself, often used in the context of art or literature	freetalk
mil	ˈmɪl	A unit of length equal to one thousandth of an inch	freetalk
nod	ˈnɑd	To lower and raise the head quickly, as to indicate agreement or acknowledgment	freetalk
notebook	ˈnoʊtˌbʊk	A book with blank pages for writing notes	freetalk
offline	ˈɔˌflaɪn	Not connected to the internet	freetalk
offs	ˈɔfs	Away from a place or position	freetalk
overweight	ˌoʊvɝˈweɪt	Weighing more than is usual, required, or healthy	freetalk
palette	ˈpælət	The range of colors used by a particular artist or in a particular painting	freetalk
phenomena	fəˈnɑmənə	A fact or situation that is observed to exist or happen, especially one whose cause or explanation is in question	freetalk
pneumonia	nuˈmoʊnjə	An acute or chronic disease marked by inflammation of the lungs and caused by viruses, bacteria, or other microorganisms	freetalk
policeman	pəˈlismən	A male officer of a police force	freetalk
postponed	poʊstˈpoʊnd	Delayed to a later time	freetalk
potent	ˈpoʊtənt	Having great power, influence, or effect	freetalk
preceding	pɹiˈsidɪŋ	Existing or occurring before in time or order	freetalk
predators	ˈpɹɛdətɝz	An animal that naturally preys on others	freetalk
psycho	ˈsaɪkoʊ	A person suffering from a chronic mental disorder	freetalk
rainy	ˈɹeɪni	Characterized by rain	freetalk
rams	ˈɹæmz	A male sheep	freetalk
ranged	ˈɹeɪndʒd	To arrange in a particular order or sequence	freetalk
recognizes	ˈɹɛkəɡˌnaɪzəz	Acknowledge the existence, validity, or legality of something	freetalk
renovation	ˌɹɛnəˈveɪʃən	The act of renovating or improving something, especially a building or room	freetalk
reverend	ˈɹɛvɝənd	Worthy of respect or reverence	freetalk
rewarding	ɹɪˈwɔɹdɪŋ	Providing satisfaction or pleasure	freetalk
rust	ˈɹʌst	A reddish-brown oxide coating on iron or steel caused by the action of oxygen and moisture	freetalk
salty	ˈsɔlti	Tasting of or containing salt	freetalk
scrutiny	ˈskɹutəni	Critical observation or examination	freetalk
seizure	ˈsiʒɝ	The action of taking something by force or legal authority	freetalk
serum	ˈsɪɹəm	A clear, watery fluid that separates from blood when it clots	freetalk
singular	ˈsɪŋɡjəlɝ	Being the only one of its kind; unique	freetalk
skate	ˈskeɪt	A type of shoe with a thin metal blade or wheels for gliding on ice or a hard surface	freetalk
storyline	ˈstɔɹiˌlaɪn	The plot or sequence of events in a novel, play, movie, etc	freetalk
stray	ˈstɹeɪ	to wander from a direct course or at random	freetalk
stud	ˈstʌd	A small, ornamental button for fastening a shirt cuff	freetalk
subsidies	ˈsʌbsədiz	Financial assistance given by one person or government to support a person or group in need	freetalk
sunk	ˈsʌŋk	To descend or submerge in water or other liquid	freetalk
supper	ˈsʌpɝ	The evening meal, typically a light or informal one	freetalk
sweetheart	ˈswitˌhɑɹt	A person who is loved or cherished	freetalk
systemic	sɪˈstɛmɪk	Relating to or affecting an entire system	freetalk
tempo	ˈtɛmˌpoʊ	The speed at which a piece of music is played	freetalk
thereof	ˌðɛˈɹʌv	Of that or it	freetalk
thirsty	ˈθɝsti	Feeling a need to drink something	freetalk
torch	ˈtɔɹtʃ	A portable light source typically consisting of a stick with a flaming end	freetalk
transferring	tɹænsˈfɝɪŋ	To move from one place to another	freetalk
turbo	ˈtɝboʊ	A device that increases the power output of an internal combustion engine	freetalk
unchanged	ənˈtʃeɪndʒd	Not altered or modified in any way	freetalk
understandable	ˌʌndɝˈstændəbəl	Able to be understood	freetalk
upright	əˈpɹaɪt	Vertical, straight up	freetalk
uprising	əˈpɹaɪzɪŋ	A rebellion or revolt against authority or established government	freetalk
vain	ˈveɪn	Having or showing an excessively high opinion of one's appearance, abilities, or worth	freetalk
vanity	ˈvænəti	Excessive pride in one's appearance or achievements	freetalk
violin	vaɪəˈlɪn	A stringed musical instrument played with a bow, typically having four strings tuned in perfect fifths	freetalk
whereby	wɛɹˈbaɪ	By which; through which	freetalk
whisper	ˈwɪspɝ	Speak very softly using one's breath rather than one's throat, especially for secrecy or privacy	freetalk
worthwhile	ˈwɝˈθwaɪl	Worth the time, effort, or money spent; of value or importance	freetalk
acceleration	ˌækˌsɛlɝˈeɪʃən	The act or process of moving faster or increasing in speed	freetalk
aerospace	ˈɛɹoʊˌspeɪs	The branch of technology and industry concerned with both aviation and space flight	freetalk
aluminium	əˈlumɪnəm	A lightweight, silver-white metal	freetalk
analog	ˈænəˌlɔɡ	Relating to or using signals or information represented by a continuously variable physical quantity	freetalk
analytical	ˌænəˈlɪtɪkəl	Relating to or using analysis or logical reasoning	freetalk
anticipate	ænˈtɪsəˌpeɪt	Regard as probable; expect or predict	freetalk
arcade	ɑɹˈkeɪd	A covered passageway with shops and stores on either side	freetalk
arose	ɝˈoʊz	To come into being or to originate	freetalk
asthma	ˈæzmə	A respiratory condition marked by attacks of spasm in the bronchi of the lungs, causing difficulty in breathing	freetalk
aurora	ɝˈɔɹə	The dawn	freetalk
averaging	ˈævɹɪdʒɪŋ	Calculate the average of a set of numbers	freetalk
bacterial	bækˈtɪɹiəl	Relating to or caused by bacteria	freetalk
bankrupt	ˈbæŋkɹəpt	Declared in law unable to pay outstanding debts	freetalk
blink	ˈblɪŋk	To close and open one or both eyes quickly	freetalk
brighter	ˈbɹaɪtɝ	Giving off or reflecting a lot of light; shining	freetalk
brother's	ˈbɹʌðɝz	Belonging to or relating to brother	shadowline
ceremonies	ˈsɛɹəˌmoʊniz	Formal acts or series of acts prescribed by ritual, protocol, or convention	freetalk
chang	ˈtʃæŋ	To make or become different	freetalk
childish	ˈtʃaɪldɪʃ	Of, like, or suitable for a child in behavior or attitude	freetalk
chili	ˈtʃɪli	A small hot-tasting pod of a variety of capsicum, used in cooking	freetalk
clearer	ˈklɪɹɝ	Easy to perceive, understand, or interpret	freetalk
coil	ˈkɔɪl	A length of something wound in a joined sequence of loops	freetalk
combines	kəmˈbaɪnz	To join or unite together	freetalk
commodities	kəˈmɑdətiz	A raw material or primary agricultural product that can be bought and sold, such as copper or coffee	freetalk
confessed	kənˈfɛst	Admitting or acknowledging a crime or wrongdoing	freetalk
constituents	kənˈstɪtʃuənts	A member of a group represented by an elected official	freetalk
contention	kənˈtɛnʃən	heated disagreement	freetalk
converting	kənˈvɝtɪŋ	Change or cause to change in form, character, or function	freetalk
covenant	ˈkʌvənənt	An agreement or contract between two or more parties	freetalk
crafts	ˈkɹæfts	An activity involving skill in making things by hand	freetalk
das	ˈdæs	The definite article in German for neuter nouns	freetalk
denies	dɪˈnaɪz	Refuse to admit the truth or existence of something	freetalk
devotion	dɪˈvoʊʃən	Love, loyalty, or enthusiasm for a person, activity, or cause	freetalk
dilemma	dɪˈlɛmə	A situation in which a difficult choice has to be made between two or more alternatives	freetalk
dis	ˈdɪs	To criticize or belittle someone or something	freetalk
discoveries	dɪˈskʌvɝiz	The act of finding or learning something for the first time	freetalk
disgrace	dɪsˈɡɹeɪs	Loss of reputation or respect	freetalk
emirates	ˈɛmɝəts	A political unit that is ruled by a hereditary emir	freetalk
emmy	ˈɛmi	An award given for excellence in television	freetalk
employing	ɛmˈplɔɪɪŋ	To make use of or apply for a particular purpose or task	freetalk
employs	ɛmˈplɔɪz	To make use of	freetalk
escaping	ɪˈskeɪpɪŋ	To break free from confinement or control	freetalk
ethnicity	ɛθˈnɪsɪti	The fact or state of belonging to a social group that has a common national or cultural tradition	freetalk
eventual	əˈvɛntʃuəl	Happening at a later time; ultimate	freetalk
excel	ɪkˈsɛl	To be exceptionally good at something	freetalk
exercising	ˈɛksɝˌsaɪzɪŋ	Engaging in physical activity to improve health and fitness	freetalk
faded	ˈfeɪdəd	Having lost brightness or vividness	freetalk
firstly	ˈfɝstli	In the first place	freetalk
flex	ˈflɛks	To bend or stretch (a part of the body) in order to show strength or suppleness	freetalk
fluids	ˈfluədz	A substance that flows and takes the shape of its container	freetalk
franco	ˈfɹæŋkoʊ	A currency formerly used in France and other countries	freetalk
gangs	ˈɡæŋz	A group of people who associate closely and often exclusively with one another, especially for social or criminal purposes	freetalk
gases	ˈɡæsəz	A formless fluid that tends to expand indefinitely	freetalk
genus	ˈdʒinəs	A category of biological classification ranking below family and above species	freetalk
gloria	ˈɡlɔɹiə	Glory	freetalk
glove	ˈɡlʌv	A covering for the hand, typically having separate sections for each finger and the thumb, and often extending part way up the arm	freetalk
grabs	ˈɡɹæbz	To seize suddenly or quickly	freetalk
grapes	ˈɡɹeɪps	A small, round, smooth-skinned fruit, typically purple or green, growing in clusters on a vine	freetalk
greed	ˈɡɹid	Intense and selfish desire for something, especially wealth, power, or food	freetalk
greet	ˈɡɹit	to address with some form of salutation; welcome	freetalk
hank	ˈhæŋk	A coil or loop of something, especially yarn or thread	freetalk
hose	ˈhoʊz	A flexible tube conveying water, gas, or other fluid	freetalk
impacted	ˈɪmˌpæktɪd	To have a strong effect on something or someone	freetalk
imposing	ˌɪmˈpoʊzɪŋ	Grand or impressive in appearance	freetalk
inflammation	ˌɪnfləˈmeɪʃən	A localized physical condition in which part of the body becomes reddened, swollen, hot, and often painful, especially as a reaction to injury or infection	freetalk
innovations	ˌɪnəˈveɪʃənz	The action or process of innovating	freetalk
john's	ˈdʒɑnz	Belonging to or relating to john	shadowline
ko	ˈkoʊ	Knockout	freetalk
lambert	ˈlæmbɝt	A unit of brightness equal to one lumen per square centimeter	freetalk
lamps	ˈlæmps	A device for giving light, consisting of a light source and a shade or cover	freetalk
lava	ˈlɑvə	Molten rock expelled by a volcano during an eruption	freetalk
longtime	ˈlɔŋˌtaɪm	Existing or occurring for a long time	freetalk
madonna	məˈdɑnə	A representation or image of the Virgin Mary, especially in art	freetalk
magnet	ˈmæɡnət	A person or thing that has a powerful attraction or charm	freetalk
metaphor	ˈmɛtəfɔɹ	A figure of speech in which a word or phrase is applied to an object or action to which it is not literally applicable	freetalk
millionaire	ˌmɪljəˈnɛɹ	A person whose wealth amounts to a million or more in some unit of currency	freetalk
motives	ˈmoʊtɪvz	Reasons for doing something	freetalk
mysteries	ˈmɪstɝiz	Something that is difficult or impossible to understand or explain	freetalk
negro	ˈniɡɹoʊ	A member of a dark-skinned group of peoples originally native to Africa	freetalk
nightmares	ˈnaɪtˌmɛɹz	A frightening or unpleasant dream	freetalk
notify	ˈnoʊtəˌfaɪ	Inform someone of something	freetalk
null	ˈnʌl	having no legal or binding force	freetalk
ole	ˈoʊl	Used to express approval, joy, or encouragement	freetalk
oops	ˈups	Used to express mild surprise or acknowledgment of a mistake	freetalk
oriental	ˌɔɹiˈɛntəl	Of, relating to, or characteristic of the countries of the East, especially East Asia	freetalk
owing	ˈoʊɪŋ	To be under obligation to pay or repay (money)	freetalk
pact	ˈpækt	A formal agreement between individuals or parties	freetalk
paramount	ˈpɛɹəˌmaʊnt	More important than anything else; supreme	freetalk
paranoid	ˈpɛɹəˌnɔɪd	Unreasonably or obsessively anxious, suspicious, or mistrustful	freetalk
patriot	ˈpeɪtɹiət	A person who loves, supports, and defends their country and its interests	freetalk
patron	ˈpeɪtɹən	A person who gives financial or other support to a person, organization, cause, or activity	freetalk
popcorn	ˈpɑpˌkɔɹn	Corn kernels that have been heated until they burst open and become fluffy	freetalk
positioning	pəˈzɪʃənɪŋ	The act of placing or arranging something in a particular position	freetalk
preserving	pɹəˈzɝvɪŋ	Maintain (something) in its original or existing state	freetalk
proxy	ˈpɹɑksi	A person authorized to act on behalf of another	freetalk
quantitative	ˈkwɑntɪˌteɪtɪv	Relating to, measuring, or measured by the quantity of something	freetalk
regain	ɹɪˈɡeɪn	To get back; recover	freetalk
reminding	ɹiˈmaɪndɪŋ	To cause (someone) to remember someone or something	freetalk
renew	ɹɪˈnu	To make something new again	freetalk
resemble	ɹɪˈzɛmbəl	Have a similar appearance to someone or something else	freetalk
retarded	ɹɪˈtɑɹdɪd	Less advanced in mental, physical, or social development than is usual for one's age	freetalk
retro	ˈɹɛtɹoʊ	Imitative of a style, fashion, or design from the past	freetalk
revolt	ɹɪˈvoʊlt	Rise in rebellion against an authority or government	freetalk
rightly	ˈɹaɪtli	In a correct or accurate manner	freetalk
roasted	ˈɹoʊstəd	Cooked by exposure to dry heat	freetalk
ruining	ˈɹuɪnɪŋ	To spoil or damage something	freetalk
rumor	ˈɹumɝ	A currently circulating story or report of uncertain or doubtful truth	freetalk
sacked	ˈsækt	Dismiss from employment	freetalk
saddle	ˈsædəl	A seat for a rider on the back of a horse or other animal	freetalk
schooling	ˈskulɪŋ	The act of teaching or educating students in a school setting	freetalk
sherlock	ˈʃɝˌlɑk	A detective	freetalk
shrine	ˈʃɹaɪn	A place regarded as holy because of its associations with a divinity or a sacred person or relic	freetalk
shrink	ˈʃɹɪŋk	To become smaller in size or amount	freetalk
sniper	ˈsnaɪpɝ	A person who shoots at people from a concealed place	freetalk
solitary	ˈsɑləˌtɛɹi	Alone or by oneself	freetalk
sorrow	ˈsɑɹoʊ	A feeling of deep distress caused by loss, disappointment, or other misfortune	freetalk
squares	ˈskwɛɹz	A four-sided figure with all sides of equal length and all angles of 90 degrees	freetalk
starters	ˈstɑɹtɝz	A person or thing that starts	freetalk
stoke	ˈstoʊk	To add fuel to a fire to increase its intensity	freetalk
taller	ˈtɔlɝ	Having a greater height than average	freetalk
termination	tɝməˈneɪʃən	The action of bringing something to an end	freetalk
thigh	ˈθaɪ	The part of the leg between the hip and the knee	freetalk
thrive	ˈθɹaɪv	To grow or develop vigorously; flourish	freetalk
troll	ˈtɹoʊl	A mythical creature typically depicted as a grotesque, cave-dwelling being	freetalk
uncovered	ənˈkʌvɝd	Not covered or protected	freetalk
undertake	ˈʌndɝˌteɪk	To commit oneself to and begin (an enterprise or responsibility)	freetalk
unpaid	ənˈpeɪd	Not paid for work or services	freetalk
unsuccessful	ˌʌnsəkˈsɛsfəl	Not achieving the desired outcome or result	freetalk
vest	ˈvɛst	A sleeveless garment worn over a shirt	freetalk
vine	ˈvaɪn	A plant with a long, thin stem that grows along the ground or climbs up something for support	freetalk
violating	ˈvaɪəleɪtɪŋ	To break or fail to comply with a rule or law	freetalk
viruses	ˈvaɪɹəsəz	A harmful or corrupting influence	freetalk
warns	ˈwɔɹnz	To give notice of danger or harm	freetalk
warranty	ˈwɔɹənti	A written guarantee promising to repair or replace a product if it is faulty	freetalk
weakened	ˈwikənd	To make or become weak	freetalk
yen	ˈjɛn	A strong desire or craving	freetalk
admired	ədˈmaɪɝd	Regarded with respect or warm approval	freetalk
airways	ˈɛɹˌweɪz	A passage for air to pass through	freetalk
aisle	ˈaɪl	A passage between rows of seats in a building such as a church or theater	freetalk
almighty	ɔlˈmaɪti	Having complete power or control	freetalk
ants	ˈænts	Small insects that live in colonies and are known for their hard work and organization	freetalk
apparel	əˈpæɹəl	Clothing	freetalk
arbitration	ˌɑɹbɪˈtɹeɪʃən	The process of resolving a dispute between parties by a neutral third party	freetalk
arising	ɝˈaɪzɪŋ	To come into being or notice; originate; appear	freetalk
artifacts	ˈɑɹtəˌfækts	An object made by a human being, typically of cultural or historical interest	freetalk
atom	ˈætəm	The basic unit of a chemical element	freetalk
auburn	ˈɑbɝn	A reddish-brown color	freetalk
awakening	əˈweɪkənɪŋ	The act of waking from sleep	freetalk
bedrooms	ˈbɛˌdɹumz	A room furnished and used for sleeping	freetalk
bilateral	baɪˈlætɝəl	Having or relating to two sides	freetalk
bleed	ˈblid	To lose blood from the body	freetalk
boy's	ˈbɔɪz	Belonging to or relating to boy	shadowline
brace	ˈbɹeɪs	A device that holds things together or in place	freetalk
burgers	ˈbɝɡɝz	A sandwich consisting of a cooked patty of ground meat placed inside a sliced bread roll or bun	freetalk
caption	ˈkæpʃən	A title or brief explanation accompanying an illustration or photograph	freetalk
captures	ˈkæptʃɝz	To take by force or skill	freetalk
choke	ˈtʃoʊk	To obstruct by filling or blocking up	freetalk
cholesterol	kəˈlɛstɝˌɔl	A waxy substance found in the blood and cells of the body	freetalk
classy	ˈklæsi	Stylish and sophisticated	freetalk
clicks	ˈklɪks	A short, sharp sound made by pressing a button or switch	freetalk
compelled	kəmˈpɛld	To force or drive someone to do something	freetalk
concealed	kənˈsild	Kept hidden or out of sight	freetalk
condemn	kənˈdɛm	Express complete disapproval of	freetalk
confrontation	ˌkɑnfɹənˈteɪʃən	A hostile or argumentative meeting or situation between opposing parties	freetalk
constitutes	ˈkɑnstəˌtuts	To be a part of a whole	freetalk
contributor	kənˈtɹɪbjətɝ	A person who contributes something, especially money or ideas, to a cause or project	freetalk
deluxe	dəˈlʌks	Of special elegance, sumptuousness, or fineness; high or highest in quality; superior	freetalk
devastated	ˈdɛvəˌsteɪtɪd	To destroy or ruin completely	freetalk
dinosaurs	ˈdaɪnəˌsɔɹz	A group of extinct reptiles that lived millions of years ago	freetalk
disguise	dɪsˈɡaɪz	To change the appearance or manner of in order to prevent recognition	freetalk
dismissal	dɪˈsmɪsəl	The act of sending someone away or refusing to consider them	freetalk
domains	doʊˈmeɪnz	An area of territory owned or controlled by a particular ruler or government	freetalk
downstairs	ˈdaʊnˈstɛɹz	On or to a lower floor of a building	freetalk
empathy	ˈɛmpəθi	The ability to understand and share the feelings of another	freetalk
ensemble	ɑnˈsɑmbəl	A group of items viewed as a whole	freetalk
feasible	ˈfizəbəl	Possible to do easily or conveniently	freetalk
flawed	ˈflɔd	Having or characterized by a flaw or imperfection	freetalk
forged	ˈfɔɹdʒd	To create a fraudulent imitation of something	freetalk
generals	ˈdʒɛnɝəlz	A high-ranking military officer	freetalk
genres	ˈʒɑnɹəz	A category of artistic composition, as in music or literature, characterized by similarities in form, style, or subject matter	freetalk
goats	ˈɡoʊts	A domesticated ruminant mammal typically kept for its milk or meat	freetalk
grease	ˈɡɹis	A thick oily substance used to lubricate machinery or make things slippery	freetalk
guessed	ˈɡɛst	Form an opinion or estimate about something without sufficient information	freetalk
hallway	ˈhɔlˌweɪ	A passageway in a building, typically with rooms on one or both sides	freetalk
heavens	ˈhɛvənz	The expanse of space surrounding the earth	freetalk
helicopters	ˈhɛlɪˌkɑptɝz	A type of aircraft that derives both lift and propulsion from one or more sets of horizontally revolving overhead rotors	freetalk
homosexual	ˌhoʊmoʊˈsɛkˌʃʌwəl	A person who is sexually attracted to people of the same sex	freetalk
hulk	ˈhʌlk	A large, clumsy, or unwieldy boat or ship	freetalk
hydraulic	haɪˈdɹɔlɪk	Operated by the pressure of a fluid	freetalk
impulse	ˈɪmpəls	A sudden strong and unreflective urge or desire to act	freetalk
incapable	ˌɪnˈkeɪpəbəl	Not able to do something	freetalk
indies	ˈɪndiz	Independent films or music produced outside of major studios	freetalk
inflammatory	ɪnˈflæməˌtɔɹi	Tending to arouse anger, hostility, or passion	freetalk
insanity	ˌɪnˈsænəti	The state of being seriously mentally ill; madness	freetalk
insecure	ˈɪnsəkjɝ	Not confident or assured; uncertain and anxious	freetalk
institutes	ˈɪnstəˌtuts	Establishes or sets up (an organization, system, or set of rules)	freetalk
integrate	ˈɪntəˌɡɹeɪt	Combine (two or more things) to form a whole	freetalk
intentional	ˌɪnˈtɛnʃənəl	Done on purpose; deliberate	freetalk
ish	ˈɪʃ	Approximately; somewhat	freetalk
jeep	ˈdʒip	A small, sturdy motor vehicle with four-wheel drive, especially one used by the military	freetalk
knot	ˈnɑt	A fastening made by tying a piece of string, rope, or something similar	freetalk
laboratories	ˈlæbɹəˌtɔɹiz	A room or building equipped for scientific experiments, research, or teaching	freetalk
landscapes	ˈlændˌskeɪps	All the visible features of an area of land, often considered in terms of their aesthetic appeal	freetalk
lecturer	ˈlɛktʃɝɝ	A person who gives lectures, especially as a profession	freetalk
lust	ˈlʌst	Intense sexual desire or appetite	freetalk
markers	ˈmɑɹkɝz	A person or thing that marks	freetalk
mayo	ˈmeɪoʊ	A creamy white condiment made from egg yolks, oil, vinegar, and seasonings	freetalk
microphone	ˈmaɪkɹəˌfoʊn	A device used to capture sound and convert it into an electrical signal	freetalk
miniature	ˈmɪniəˌtʃʊɹ	A very small painting, especially a portrait, on ivory or vellum	freetalk
monks	ˈmʌŋks	A member of a religious community of men typically living under vows of poverty, chastity, and obedience	freetalk
motto	ˈmɑtoʊ	A short sentence or phrase chosen as encapsulating the beliefs or ideals guiding an individual, family, or institution	freetalk
mouths	ˈmaʊðz	The opening in the face through which food is taken in and vocal sounds are emitted	freetalk
murdering	ˈmɝdɝɪŋ	The act of unlawfully killing another person with intent	freetalk
nationality	ˌnæʃəˈnæləti	The status of belonging to a particular nation	freetalk
natives	ˈneɪtɪvz	A person born in a specified place or associated with a place by birth	freetalk
obstacle	ˈɑbstəkəl	A thing that blocks one's way or prevents or hinders progress	freetalk
occupational	ɑkjəˈpeɪʃənəl	Of or relating to a person's job or profession	freetalk
onset	ˈɑnˌsɛt	The beginning or start of something	freetalk
owes	ˈoʊz	To be under obligation to pay or repay (money or a favor) to someone	freetalk
perceive	pɝˈsiv	To become aware of, know, or identify through the senses	freetalk
persecution	ˌpɝsəˈkjuʃən	Hostility and ill-treatment, especially because of race, religion, or political beliefs	freetalk
petrol	ˈpɛtɹoʊl	A flammable liquid used as fuel for internal combustion engines	freetalk
philosopher	fəˈlɑsəfɝ	A person engaged or learned in philosophy	freetalk
photographed	ˈfoʊtəˌɡɹæft	Take a photograph of	freetalk
pits	ˈpɪts	A large hole in the ground	freetalk
pixel	ˈpɪksəl	The smallest discrete element of an image or picture on a screen	freetalk
plantation	ˌplænˈteɪʃən	An estate where crops such as coffee, sugar, or tobacco are grown	freetalk
presently	ˈpɹɛzəntli	At the present time	freetalk
props	ˈpɹɑps	An object used in a play or movie to help create a scene or atmosphere	freetalk
prose	ˈpɹoʊz	Ordinary writing as distinguished from verse	freetalk
prostitution	ˌpɹɑstəˈtuʃən	The act or practice of engaging in sexual activity in exchange for payment	freetalk
quoting	ˈkwoʊtɪŋ	To mention or refer to (someone or something) to provide evidence or authority for a statement or argument	freetalk
radioactive	ˌɹeɪdioʊˈæktɪv	Emitting or relating to the emission of ionizing radiation	freetalk
raining	ˈɹeɪnɪŋ	Water falling in drops from the sky	freetalk
rang	ˈɹæŋ	past tense of ring	freetalk
razor	ˈɹeɪzɝ	A sharp-edged cutting instrument used especially for shaving or cutting hair	freetalk
realization	ˈɹiləˈzeɪʃən	The act of realizing or making real	freetalk
reconciliation	ˌɹɛkənˌsɪliˈeɪʃən	The restoration of friendly relations	freetalk
removes	ɹiˈmuvz	Take away from a particular place or position	freetalk
restoring	ɹɪˈstɔɹɪŋ	To bring back to a former or original condition	freetalk
reunited	ˌɹiuˈnaɪtɪd	To come together again after being apart	freetalk
rocking	ˈɹɑkɪŋ	To move gently back and forth or from side to side	freetalk
rory	ˈɹɔɹi	Full of excitement or enthusiasm	freetalk
royals	ˈɹɔɪəlz	A baseball team based in Kansas City, Missouri	freetalk
rug	ˈɹʌɡ	A small carpet for a specific area of a room	freetalk
sacrifices	ˈsækɹəˌfaɪsɪz	An act of giving up something valued for the sake of something else regarded as more important or worthy	freetalk
scanning	ˈskænɪŋ	To look at or examine closely	freetalk
screamed	ˈskɹimd	To utter a loud, sharp, piercing cry	freetalk
shaping	ˈʃeɪpɪŋ	The process of creating or forming something	freetalk
slogan	ˈsloʊɡən	A short and striking or memorable phrase used in advertising	freetalk
specimen	ˈspɛsəmən	An individual, item, or part considered typical of a group, class, or whole	freetalk
sponsorship	ˈspɑnsɝˌʃɪp	The act of sponsoring or providing financial support for an event, organization, or individual	freetalk
steals	ˈstilz	To take (something) without permission or legal right and without intending to return it	freetalk
steer	ˈstɪɹ	To guide or control the movement of a vehicle or animal in a particular direction	freetalk
strains	ˈstɹeɪnz	To stretch or exert to the utmost	freetalk
strawberry	ˈstɹɔˌbɛɹi	A sweet, red fruit with small seeds on its surface	freetalk
strive	ˈstɹaɪv	Make great efforts to achieve or obtain something	freetalk
sunglasses	ˈsʌnˌɡlæsɪz	A pair of glasses with dark lenses worn to protect the eyes from the sun	freetalk
surfing	ˈsɝfɪŋ	The sport or activity of riding on ocean waves on a surfboard	freetalk
tate	ˈteɪt	A small child or sweetheart	freetalk
temptation	tɛmˈteɪʃən	The desire to do something, especially something wrong or unwise	freetalk
thrill	ˈθɹɪl	A sudden feeling of excitement or pleasure	freetalk
tile	ˈtaɪl	A thin slab of baked clay or other material, used in overlapping rows for covering roofs	freetalk
tonnes	ˈtʌnz	A unit of weight equal to 1,000 kilograms	freetalk
tow	ˈtoʊ	To pull or haul (a vehicle, boat, etc.) using a rope or chain	freetalk
trainers	ˈtɹeɪnɝz	A person who trains or teaches others	freetalk
translations	tɹænzˈleɪʃənz	The act or process of translating words or text from one language into another	freetalk
trusting	ˈtɹʌstɪŋ	Having or showing trust or confidence in someone or something	freetalk
turtles	ˈtɝtəlz	A reptile with a bony or leathery shell	freetalk
unarmed	əˈnɑɹmd	Not equipped with weapons	freetalk
undertaking	ˈʌndɝˌteɪkɪŋ	A task or project that requires effort or commitment	freetalk
unfinished	ənˈfɪnɪʃt	Not brought to an end or conclusion; incomplete	freetalk
unhealthy	ənˈhɛlθi	Not conducive to good health; not healthy	freetalk
unlawful	ənˈlɔfəl	Not lawful; illegal	freetalk
unpopular	ˌʌnˈpɑpjəlɝ	Not liked or approved by many people	freetalk
vanished	ˈvænɪʃt	Disappeared suddenly and completely	freetalk
verb	ˈvɝb	A word used to describe an action, state, or occurrence	freetalk
volatile	ˈvɑlətəl	Easily evaporated at normal temperatures	freetalk
voluntarily	ˌvɑlənˈtɛɹəli	Done, made, brought about, undertaken, etc., of one's own accord or by free choice	freetalk
withdrew	wɪθˈdɹu	To remove or take away	freetalk
abnormal	æbˈnɔɹməl	Not normal; deviating from the usual or typical	freetalk
accredited	əˈkɹɛdɪtɪd	Officially recognized or authorized	freetalk
accuse	əˈkjuz	To charge with a fault or offense	freetalk
adjusting	əˈdʒʌstɪŋ	To change or move something slightly to make it more suitable or effective	freetalk
ample	ˈæmpəl	Enough or more than enough; plentiful	freetalk
analogy	əˈnælədʒi	A comparison between two things, typically for the purpose of explanation or clarification	freetalk
analyzing	ˈænəˌlaɪzɪŋ	Examine methodically and in detail	freetalk
apex	ˈeɪˌpɛks	The top or highest part of something	freetalk
apocalypse	əˈpɑkəˌlɪps	A great disaster or catastrophe	freetalk
appliances	əˈplaɪənsəz	A device or piece of equipment designed to perform a specific task, typically a household task	freetalk
assholes	ˈæshoʊlz	A contemptible or detestable person	freetalk
baby's	ˈbeɪbiz	Belonging to or relating to baby	shadowline
backward	ˈbækwɝd	Directed toward the back or past	freetalk
badass	ˈbæˌdæs	A tough, uncompromising, or intimidating person	freetalk
barred	ˈbɑɹd	Prevented from entering or accessing	freetalk
beck	ˈbɛk	A gesture or signal of command or invitation	freetalk
bingo	ˈbɪŋɡoʊ	A game of chance in which each player has a card with numbers on it and the caller announces numbers drawn from a container	freetalk
blogging	ˈblɔɡɪŋ	The act of writing and publishing content on a blog	freetalk
boiler	ˈbɔɪlɝ	A vessel or tank in which water or other fluid is heated to generate steam or hot water	freetalk
bon	ˈbɑn	Good	freetalk
boulder	ˈboʊldɝ	A large rock, typically one that has been worn smooth by erosion	freetalk
brock	ˈbɹɑk	A small, burrowing mammal with a pointed snout, typically found in Europe and Asia	freetalk
calf	ˈkæf	The young of the domestic cow or other bovine animal	freetalk
clarence	ˈklɛɹəns	A four-wheeled horse-drawn carriage with a retractable hood	freetalk
coating	ˈkoʊtɪŋ	A thin layer covering something	freetalk
commentators	ˈkɑmənˌteɪtɝz	A person who provides commentary or opinions on a particular subject	freetalk
consolidation	kənˌsɑləˈdeɪʃən	The action or process of making something stronger or more solid	freetalk
continuation	kənˌtɪnjuˈeɪʃən	The action of carrying something on or extending something	freetalk
convictions	kənˈvɪkʃənz	Strong beliefs or opinions	freetalk
convoy	ˈkɑnˌvɔɪ	A group of vehicles or ships traveling together for mutual support and protection	freetalk
cosmetic	kɑzˈmɛtɪk	A product or substance used to enhance or alter the appearance of the face or body	freetalk
cubic	ˈkjubɪk	Having the form of a cube	freetalk
cyprus	ˈsaɪpɹəs	An island country in the eastern Mediterranean Sea	freetalk
declares	dɪˈklɛɹz	To make known or state clearly	freetalk
defeats	dɪˈfits	Overcome in a contest or conflict	freetalk
defenses	dɪˈfɛnsəz	The action of defending from or resisting attack	freetalk
deputies	ˈdɛpjətiz	A person appointed or authorized to act as a substitute or agent for another	freetalk
descendants	dɪˈsɛndənts	A person, plant, or animal that is descended from a particular ancestor	freetalk
detector	dɪˈtɛktɝ	A device or instrument designed to detect the presence of something	freetalk
digest	daɪˈdʒɛst	To break down food in the stomach for absorption into the bloodstream	freetalk
diplomacy	dɪˈploʊməsi	The art of dealing with people in a sensitive and tactful way	freetalk
directive	dɝˈɛktɪv	An official or authoritative instruction or order	freetalk
disadvantage	ˌdɪsədˈvæntɪdʒ	To cause harm or loss to	freetalk
disruption	dɪsˈɹʌpʃən	The act or process of disrupting or being disrupted	freetalk
distract	dɪˈstɹækt	To draw away the attention of	freetalk
doctor's	ˈdɑktɝz	Belonging to or relating to doctor	shadowline
downward	ˈdaʊnwɝd	Moving or extending toward a lower position	freetalk
emphasized	ˈɛmfəˌsaɪzd	To give special importance or prominence to something	freetalk
energetic	ˌɛnɝˈdʒɛtɪk	Showing or involving great activity or vitality	freetalk
engineered	ˌɛndʒəˈniɹd	Designed or constructed using scientific principles	freetalk
fest	ˈfɛst	A gathering or celebration	freetalk
fills	ˈfɪlz	To make full; to occupy space or time completely	freetalk
friction	ˈfɹɪkʃən	The resistance that one surface or object encounters when moving over another	freetalk
fulfilling	fʊlˈfɪlɪŋ	Make (something) full or complete	freetalk
funk	ˈfʌŋk	A strong, offensive smell	freetalk
greatness	ˈɡɹeɪtnəs	The quality of being great; distinguished or eminent	freetalk
grilled	ˈɡɹɪld	Cooked by exposure to direct heat	freetalk
guiding	ˈɡaɪdɪŋ	To show the way to someone by leading or directing them	freetalk
hackers	ˈhækɝz	A person who uses computers to gain unauthorized access to data	freetalk
hazardous	ˈhæzɝdəs	Involving or exposing to danger or harm	freetalk
hooker	ˈhʊkɝ	A person who engages in prostitution	freetalk
hopeless	ˈhoʊpləs	Providing no hope; beyond optimism or hope; desperate	freetalk
hourly	ˈaʊɹli	Occurring every hour	freetalk
illustrate	ˈɪləˌstɹeɪt	To provide visual representation or explanation	freetalk
impressions	ˌɪmˈpɹɛʃənz	An idea, feeling, or opinion about something or someone	freetalk
indirectly	ˌɪndɝˈɛktˌli	Not in a direct way; not directly	freetalk
induction	ˌɪnˈdʌkʃən	The action or process of inducting someone into a position or organization	freetalk
infrared	ˌɪnfɹɝˈɛd	Electromagnetic radiation with wavelengths longer than visible light but shorter than microwaves	freetalk
insists	ˌɪnˈsɪsts	To demand something forcefully	freetalk
instability	ˌɪnstəˈbɪlɪti	The state of being unstable or unsteady	freetalk
installing	ˌɪnˈstɔlɪŋ	To set up for use or service	freetalk
invites	ˌɪnˈvaɪts	To ask (someone) to go somewhere or do something	freetalk
ja	ˈjɑ	Yes	freetalk
jong	ˈdʒɔŋ	A young person	freetalk
limitation	ˌlɪmɪˈteɪʃən	A restriction or rule that controls what someone can do	freetalk
linguistic	lɪŋˈɡwɪstɪk	Of or relating to language	freetalk
listeners	ˈlɪsənɝz	People who hear or pay attention to something	freetalk
litter	ˈlɪtɝ	Waste material scattered around in an untidy manner	freetalk
lump	ˈlʌmp	A small mass of matter of irregular shape	freetalk
macro	ˈmækɹoʊ	Very large in scale or scope	freetalk
mag	ˈmæɡ	A periodical publication containing articles and illustrations	freetalk
magistrate	ˈmædʒəˌstɹeɪt	A civil officer or lay judge who administers the law	freetalk
marginal	ˈmɑɹdʒənəl	Relating to or situated at the edge or margin of something	freetalk
masculine	ˈmæskjələn	Having qualities traditionally associated with men, such as strength and aggressiveness	freetalk
milestone	ˈmaɪlˌstoʊn	A stone set up beside a road to mark the distance in miles to a particular place	freetalk
mug	ˈmʌɡ	A large cup for hot drinks	freetalk
municipality	ˌmjunɪsəˈpæləti	A city or town that has corporate status and local government	freetalk
mushrooms	ˈmʌʃɹumz	A fungus that typically takes the form of a domed cap on a stalk, often with gills on the underside	freetalk
ned	ˈnɛd	A person's name	freetalk
neurons	ˈnʊɹɑnz	A specialized cell transmitting nerve impulses	freetalk
ninety	ˈnaɪnti	The number that is equal to nine times ten	freetalk
nutrients	ˈnutɹiənts	A substance that provides nourishment essential for growth and the maintenance of life	freetalk
observatory	əbˈzɝvəˌtɔɹi	A place or building equipped and used for making observations of astronomical, meteorological, or other natural phenomena	freetalk
oi	ˈɔɪ	Used to attract someone's attention or express surprise or disapproval	freetalk
openings	ˈoʊpənɪŋz	An act or instance of beginning	freetalk
outdoors	ˈaʊtˈdɔɹz	Not inside a building; outside	freetalk
pedestrian	pəˈdɛstɹiən	A person walking along a road or in a developed area	freetalk
penetration	ˌpɛnəˈtɹeɪʃən	The act of piercing or entering something	freetalk
pod	ˈpɑd	A seed vessel of a leguminous plant such as a pea	freetalk
posing	ˈpoʊzɪŋ	Present participle of pose	freetalk
predator	ˈpɹɛdətɝ	An animal that preys on others	freetalk
preferably	ˈpɹɛfɝəbli	In a preferable manner	freetalk
programmed	ˈpɹoʊˌɡɹæmd	To arrange or schedule according to a plan or set of instructions	freetalk
projections	pɹəˈdʒɛkʃənz	An estimate or forecast of a future situation or trend	freetalk
prophecy	ˈpɹɑfəsi	A prediction of what will happen in the future	freetalk
proudly	ˈpɹaʊdli	In a way that shows pride or satisfaction in one's own achievements or qualities	freetalk
rebuilding	ɹiˈbɪldɪŋ	To build again	freetalk
recorder	ɹɪˈkɔɹdɝ	A person who keeps records or documents	freetalk
recurring	ɹɪˈkɝɪŋ	Occurring or appearing again	freetalk
relaxation	ˌɹilækˈseɪʃən	The state of being free from tension or anxiety	freetalk
resembles	ɹɪˈzɛmbəlz	To be like or similar to someone or something	freetalk
respectable	ɹɪˈspɛktəbəl	Deserving respect	freetalk
respectful	ɹɪˈspɛktfəl	Showing or feeling respect	freetalk
richer	ˈɹɪtʃɝ	Having more wealth or resources than another	freetalk
roma	ˈɹoʊmɑ	A type of tomato with a smooth, red skin	freetalk
romeo	ˈɹoʊmiˌoʊ	A man who is a lover or wooer	freetalk
routinely	ɹuˈtinli	As a matter of routine; regularly	freetalk
rubbing	ˈɹʌbɪŋ	The action of moving one's hand or an object back and forth against a surface	freetalk
sailed	ˈseɪld	To travel on water in a ship or boat	freetalk
salute	səˈlut	A gesture of respect or greeting, typically involving a hand movement to the forehead	freetalk
scripts	ˈskɹɪpts	The written text of a play, movie, or broadcast	freetalk
scum	ˈskʌm	A layer of dirt or froth on the surface of a liquid	freetalk
severity	sɪˈvɛɹɪti	The quality or state of being severe	freetalk
shady	ˈʃeɪdi	Of doubtful honesty or legality	freetalk
shutting	ˈʃʌtɪŋ	The act of closing something	freetalk
sketches	ˈskɛtʃəz	A rough or unfinished drawing or painting	freetalk
slack	ˈslæk	Not taut or held tightly in position	freetalk
slick	ˈslɪk	Smooth and glossy, as ice or oil	freetalk
slowed	ˈsloʊd	To reduce the speed of something	freetalk
slowing	ˈsloʊɪŋ	The act of reducing speed or decreasing in pace	freetalk
spontaneous	spɑnˈteɪniəs	Performed or occurring without external stimulus	freetalk
starred	ˈstɑɹd	To mark with a star or stars	freetalk
stationed	ˈsteɪʃənd	To place or set in a particular spot or position	freetalk
sticker	ˈstɪkɝ	A person or thing that sticks	freetalk
stove	ˈstoʊv	A device used for heating or cooking that operates by burning fuel or using electricity	freetalk
submissions	səbˈmɪʃənz	The action of presenting a proposal, application, or piece of writing for consideration	freetalk
tactic	ˈtæktɪk	An action or strategy carefully planned to achieve a specific end	freetalk
template	ˈtɛmplət	A pre-designed format used as a guide for creating something new	freetalk
texting	ˈtɛkˌstɪŋ	The act of sending text messages electronically	freetalk
theorem	ˈθɪɹəm	A statement that has been proven on the basis of previously established statements	freetalk
tiles	ˈtaɪlz	A thin slab or bent piece of baked clay, sometimes painted or glazed, used for various purposes such as covering roofs, walls, or floors	freetalk
tore	ˈtɔɹ	past tense of tear	freetalk
tract	ˈtɹækt	An area of land or water	freetalk
treaties	ˈtɹitiz	A formal agreement between two or more states	freetalk
tribune	ˈtɹɪbjun	An official in ancient Rome chosen by the plebeians to protect their interests	freetalk
undergoing	ˌʌndɝˈɡoʊɪŋ	Experience or be subjected to (something, typically something unpleasant or arduous)	freetalk
unexpectedly	ˌʌnɪkˈspɛktɪdli	In a way that is not expected or anticipated	freetalk
upward	ˈʌpwɝd	Moving or pointing towards a higher position	freetalk
vera	ˈvɛɹə	True or genuine	freetalk
vista	ˈvɪstə	A pleasing view, especially one seen through a long, narrow opening	freetalk
vogue	ˈvoʊɡ	Popular trend or fashion	freetalk
volcanic	vɑlˈkænɪk	Of or relating to a volcano	freetalk
wildly	ˈwaɪldli	In a way that is uncontrolled or unrestrained	freetalk
winding	ˈwaɪndɪŋ	twisting or turning in different directions	freetalk
acclaimed	əˈkleɪmd	Praise enthusiastically or publicly	freetalk
accumulated	əˈkjumjəˌleɪtɪd	Gathered or collected over time	freetalk
adore	əˈdɔɹ	To regard with deep, often rapturous love	freetalk
akin	əˈkɪn	Of similar character or related in some way	freetalk
alphabet	ˈælfəˌbɛt	A set of letters or symbols in a fixed order used to represent the basic sounds of a language	freetalk
announcements	əˈnaʊnsmənts	A public or formal notice	freetalk
appoint	əˈpɔɪnt	To assign a job or role to someone	freetalk
apprentice	əˈpɹɛntəs	A person who is learning a trade from a skilled employer, having agreed to work for a fixed period at low wages	freetalk
bananas	bəˈnænəz	A long curved fruit with a yellow skin and soft, sweet flesh	freetalk
baseline	ˈbeɪˌslaɪn	A line serving as a basis for measurement or calculation	freetalk
beasts	ˈbists	An animal, especially a large or dangerous one	freetalk
benedict	ˈbɛnəˌdɪkt	A newly married man who has long been a bachelor	freetalk
beware	bɪˈwɛɹ	Be cautious or careful of (something)	freetalk
bikini	bɪˈkini	A two-piece swimsuit for women	freetalk
bisexual	ˌbaɪˈsɛkʃuəl	Sexually attracted to both men and women	freetalk
boulevard	ˈbʊləˌvɑɹd	A wide street in a city, typically lined with trees and buildings	freetalk
bracelet	ˈbɹeɪslət	A piece of jewelry worn around the wrist	freetalk
capsule	ˈkæpsəl	A small container or envelope containing medicine or other substances	freetalk
captive	ˈkæptɪv	A person or animal that is confined or restrained	freetalk
carr	ˈkɑɹ	A low-lying wetland area with peaty soil	freetalk
cha	ˈtʃɑ	A Chinese tea	freetalk
christie	ˈkɹɪsti	A type of cookie made with chocolate chips	freetalk
chronicle	ˈkɹɑnɪkəl	A factual written account of important or historical events in the order of their occurrence	freetalk
cinnamon	ˈsɪnəmən	A spice made from the dried and curled bark of a Southeast Asian tree	freetalk
comprehend	ˌkɑmpɹiˈhɛnd	To understand or grasp the meaning of something	freetalk
compulsory	kəmˈpʌlsɝi	Required by law or a rule; obligatory	freetalk
confederate	kənˈfɛdɝət	A person who is a member of a confederacy	freetalk
contaminated	kənˈtæməˌneɪtɪd	To make impure by contact or mixture	freetalk
contamination	kənˌtæməˈneɪʃən	The act of contaminating or the state of being contaminated	freetalk
contests	ˈkɑntɛsts	A competition or game in which people or teams compete against each other	freetalk
coping	ˈkoʊpɪŋ	Deal effectively with something difficult	freetalk
counterpart	ˈkaʊntɝˌpɑɹt	A person or thing that corresponds to or has the same function as another	freetalk
creed	ˈkɹid	A system of religious belief	freetalk
crisp	ˈkɹɪsp	(adjective) pleasantly firm and fresh	freetalk
crust	ˈkɹʌst	The outer layer of bread or pastry	freetalk
cutter	ˈkʌtɝ	One who cuts	freetalk
daring	ˈdɛɹɪŋ	Bold or courageous in action or thought	freetalk
delegate	ˈdɛləˌɡeɪt	A person designated to act for or represent another	freetalk
deploy	dɪˈplɔɪ	To move troops or equipment into position for military action	freetalk
dietary	ˈdaɪəˌtɛɹi	relating to the diet or food	freetalk
dissertation	ˌdɪsɝˈteɪʃən	A long essay on a particular subject, especially one written for a university degree or diploma	freetalk
dividends	ˈdɪvəˌdɛndz	A sum of money paid regularly (typically quarterly) by a company to its shareholders out of its profits	freetalk
domination	ˌdɑməˈneɪʃən	Control or power over someone or something	freetalk
downloading	ˈdaʊnˌloʊdɪŋ	Transfer (data) from a server or computer to another device	freetalk
emission	ɪˈmɪʃən	The act of emitting or sending out something, such as light or sound	freetalk
evaluating	ɪˈvæljuˌeɪtɪŋ	To judge or determine the significance, worth, or quality of something	freetalk
expelled	ɪkˈspɛld	Force (someone) to leave a place	freetalk
fin	ˈfɪn	A flattened appendage on a fish used for steering and balance	freetalk
fined	ˈfaɪnd	To penalize by requiring payment of a sum of money	freetalk
flora	ˈflɔɹə	Plants of a particular region or period	freetalk
folding	ˈfoʊldɪŋ	To bend or crease something in order to make it smaller or neater	freetalk
fracture	ˈfɹæktʃɝ	The act of breaking or cracking something	freetalk
functionality	ˌfʌŋkʃəˈnælɪti	The quality of being suited to serve a purpose or fulfill a role	freetalk
gamma	ˈɡæmə	The third letter of the Greek alphabet	freetalk
gays	ˈɡeɪz	Happy or cheerful	freetalk
gaze	ˈɡeɪz	To look steadily and intently	freetalk
genome	ˈdʒiˌnoʊm	The complete set of genes or genetic material present in a cell or organism	freetalk
grains	ˈɡɹeɪnz	The small, hard seed or fruit of a cereal grass	freetalk
grape	ˈɡɹeɪp	A small, round, smooth-skinned fruit that is purple, red, or green when ripe and grows in clusters on a vine	freetalk
gravel	ˈɡɹævəl	Small, loose stones used for paths or roads	freetalk
haircut	ˈhɛɹˌkʌt	The act of cutting or trimming hair	freetalk
haired	ˈhɛɹd	Having hair	freetalk
hangs	ˈhæŋz	To be suspended or attached from above	freetalk
highland	ˈhaɪlənd	An area of elevated land, such as a mountainous region	freetalk
histories	ˈhɪstɝiz	The study of past events	freetalk
honoured	ˈɑnɝd	Regarded with great respect or admiration	freetalk
hugs	ˈhʌɡz	To embrace someone tightly with one's arms	freetalk
hustle	ˈhʌsəl	To move quickly or energetically	freetalk
idle	ˈaɪdəl	Not active or in use	freetalk
indictment	ˌɪnˈdaɪtmənt	A formal charge or accusation of a serious crime	freetalk
insulting	ˌɪnˈsʌltɪŋ	Causing offense or injury	freetalk
irregular	ˌɪˈɹɛɡjəlɝ	Not regular or conforming to a pattern	freetalk
juicy	ˈdʒusi	Full of juice; succulent	freetalk
jumper	ˈdʒʌmpɝ	A person or animal that jumps	freetalk
justices	ˈdʒʌstəsəz	The quality of being just; righteousness, equitableness, or moral rightness	freetalk
leaking	ˈlikɪŋ	(verb) To allow liquid or gas to escape through a hole or crack	freetalk
limb	ˈlɪm	An arm or leg of a person or four-legged animal	freetalk
mack	ˈmæk	A person who is skilled at attracting and seducing others, especially for romantic or sexual purposes	freetalk
mammals	ˈmæməlz	An animal that feeds its young on milk from the mother's own body	freetalk
manually	ˈmænjuəli	By hand	freetalk
meaningless	ˈminɪŋləs	Lacking meaning or significance	freetalk
millennium	məˈlɛniəm	A period of one thousand years	freetalk
misunderstanding	ˌmɪsəndɝˈstændɪŋ	A failure to understand something correctly	freetalk
modelling	ˈmɑdəˌlɪŋ	The act of representing something, typically in three dimensions	freetalk
modules	ˈmɑdʒulz	A separate unit or self-contained component of a larger system	freetalk
moody	ˈmudi	Given to frequent changes of mood; temperamental	freetalk
nam	ˈnæm	A country in Southeast Asia	freetalk
needles	ˈnidəlz	A small, slender, pointed object used for sewing or medical purposes	freetalk
noodles	ˈnudəlz	Long, thin strips of pasta	freetalk
offender	əˈfɛndɝ	A person who commits a crime or breaks the law	freetalk
oracle	ˈɔɹəkəl	A person or agency considered to be a source of wise counsel or prophetic predictions	freetalk
overlap	ˈoʊvɝˌlæp	Extend over so as to cover partly	freetalk
patrons	ˈpeɪtɹənz	A person who gives financial or other support to a person, organization, cause, or activity	freetalk
peek	ˈpik	To look quickly or furtively	freetalk
pentagon	ˈpɛntɪˌɡɑn	A plane figure with five straight sides and five angles	freetalk
peters	ˈpitɝz	To diminish gradually; dwindle	freetalk
pos	ˈpɑs	A place or location	freetalk
pottery	ˈpɑtɝi	Objects made of clay and hardened by heat	freetalk
prairie	ˈpɹɛɹi	A large open area of grassland	freetalk
prank	ˈpɹæŋk	A practical joke or mischievous act intended to cause amusement or laughter	freetalk
premature	ˌpɹiməˈtʃʊɹ	Occurring or done before the usual or proper time	freetalk
psychiatrist	səˈkaɪətɹəst	A medical doctor specializing in the diagnosis and treatment of mental illness	freetalk
quartz	ˈkwɔɹts	A hard mineral consisting of silicon dioxide	freetalk
quitting	ˈkwɪtɪŋ	To stop doing something	freetalk
residency	ˈɹɛzɪdənsi	The state of residing in a particular place	freetalk
resolutions	ˌɹɛzəˈluʃənz	A firm decision to do or not to do something	freetalk
responsive	ɹɪˈspɑnsɪv	Reacting quickly and positively to something	freetalk
richest	ˈɹɪtʃəst	Having the greatest amount of wealth or resources	freetalk
roar	ˈɹɔɹ	A loud, deep, prolonged sound uttered by a lion or other large wild animal	freetalk
rot	ˈɹɑt	Decompose or decay	freetalk
rulers	ˈɹulɝz	A person who rules or governs	freetalk
sank	ˈsæŋk	To descend or submerge in water or another liquid	freetalk
santos	ˈsæntoʊs	A city in Brazil	freetalk
sleeves	ˈslivz	The part of a garment that covers the arm	freetalk
songwriter	ˈsɔŋˌɹaɪtɝ	A person who writes songs	freetalk
spear	ˈspɪɹ	A weapon with a long shaft and a pointed tip for thrusting or throwing	freetalk
spies	ˈspaɪz	A person who secretly collects and reports information about the activities, movements, and plans of an enemy or competitor	freetalk
stain	ˈsteɪn	A discoloration or mark caused by a foreign substance	freetalk
stella	ˈstɛlə	A star	freetalk
stimulation	ˌstɪmjəˈleɪʃən	The action of arousing interest, enthusiasm, or excitement in someone	freetalk
stranded	ˈstɹændɪd	left in a difficult or helpless position	freetalk
stretches	ˈstɹɛtʃəz	To extend or spread out over a distance	freetalk
stylish	ˈstaɪlɪʃ	Fashionable or elegant in appearance	freetalk
tasted	ˈteɪstɪd	To perceive or distinguish the flavor of something by taking it into the mouth and swallowing it	freetalk
technician	tɛkˈnɪʃən	A person skilled in a specific technical field, especially one involving mechanical or electronic devices	freetalk
temples	ˈtɛmpəlz	The flat area on either side of the forehead	freetalk
tidal	ˈtaɪdəl	Relating to or affected by tides	freetalk
transcript	ˈtɹænˌskɹɪpt	A written or printed version of material originally presented in another medium	freetalk
treasures	ˈtɹɛʒɝz	A collection of valuable objects or items	freetalk
trench	ˈtɹɛntʃ	A long, narrow ditch typically used for drainage or irrigation	freetalk
trousers	ˈtɹaʊzɝz	An outer garment covering the body from the waist to the ankles, with a separate part for each leg	freetalk
unwilling	ənˈwɪlɪŋ	Not willing or inclined; reluctant or opposed	freetalk
validity	vəˈlɪdəti	The quality of being logically or factually sound	freetalk
variants	ˈvɛɹiənts	A form or version of something that differs in some respect from other forms or versions	freetalk
varsity	ˈvɑɹsɪti	The principal team representing a high school or college in a sport or other competition	freetalk
verification	ˌvɛɹəfəˈkeɪʃən	The process of establishing the truth, accuracy, or validity of something	freetalk
vows	ˈvaʊz	A solemn promise or pledge, especially one made to a deity or a loved one	freetalk
vulnerability	ˌvʌlnɝəˈbɪlɪti	The quality or state of being exposed to the possibility of being attacked or harmed, either physically or emotionally	freetalk
whichever	wɪˈtʃɛvɝ	Any one out of all possible options	freetalk
whipped	ˈwɪpt	To beat or stir vigorously	freetalk
who've	huv	Short for 'who have'	shadowline
wo	ˈwoʊ	Expressing sorrow or grief	freetalk
wrath	ˈɹæθ	Extreme anger or rage	freetalk
yuan	juˈɑn	The basic monetary unit of China	freetalk
abuses	əˈbjusɪz	To use something in a way that is harmful or morally wrong	freetalk
accomplishment	əˈkɑmplɪʃmənt	Something that has been achieved successfully	freetalk
acquisitions	ˌækwəˈzɪʃənz	The act of acquiring something	freetalk
aide	ˈeɪd	A person who helps or assists another person, especially in a professional setting	freetalk
allegiance	əˈlidʒəns	Loyalty or commitment to a person, group, or cause	freetalk
apt	ˈæpt	Appropriate or suitable	freetalk
attracting	əˈtɹæktɪŋ	Exerting a force on an object to draw it toward oneself	freetalk
avatar	ˈævəˌtɑɹ	An embodiment or personification of an idea, concept, or quality	freetalk
bans	ˈbænz	To prohibit or forbid	freetalk
battling	ˈbætəlɪŋ	Engaged in a fight or struggle	freetalk
beads	ˈbidz	A small piece of glass, stone, or similar material with a hole through it, used in making jewelry	freetalk
beverage	ˈbɛvɝɪdʒ	A drink, especially one other than water	freetalk
blaze	ˈbleɪz	A bright, steady light or flame	freetalk
brent	ˈbɹɛnt	A type of goose	freetalk
broadband	ˈbɹɔdˌbænd	A high-speed internet connection that allows for the transmission of large amounts of data	freetalk
bullied	ˈbʊlid	To use superior strength or influence to intimidate someone, typically to force them to do something	freetalk
bumper	ˈbʌmpɝ	A horizontal bar at the front or back of a vehicle to reduce damage in a collision	freetalk
butterflies	ˈbʌtɝˌflaɪz	A fluttering and colorful insect with large wings	freetalk
caves	ˈkeɪvz	A hollow in the earth, especially one opening more or less horizontally into a hill, mountain, etc	freetalk
chalk	ˈtʃɑk	A soft white limestone used for writing or drawing	freetalk
chilling	ˈtʃɪlɪŋ	Make cool or cold	freetalk
coaster	ˈkoʊstɝ	A small mat or tray on which a glass or cup is placed to protect the surface underneath	freetalk
coated	ˈkoʊtəd	Covered with a layer of something	freetalk
constituency	kənˈstɪtʃuənsi	A body of voters in a specified area who elect a representative to a legislative body	freetalk
contingent	kənˈtɪndʒənt	Dependent on something else	freetalk
corrections	kɝˈɛkʃənz	The action or process of correcting something	freetalk
costing	ˈkɔstɪŋ	The action or process of determining the cost of something	freetalk
cyclists	ˈsaɪkəlɪsts	A person who rides a bicycle	freetalk
deprived	dɪˈpɹaɪvd	Suffering a severe lack of basic material and cultural benefits	freetalk
diplomat	ˈdɪpləˌmæt	A person who is skilled in dealing with sensitive matters or people tactfully	freetalk
disciplines	ˈdɪsəplənz	A branch of knowledge or learning	freetalk
dos	ˈdɔs	A Spanish term for 'two'	freetalk
drained	ˈdɹeɪnd	Emptied of liquid content	freetalk
eldest	ˈɛldəst	Oldest in age or seniority within a family	freetalk
emphasize	ˈɛmfəˌsaɪz	To give special importance or prominence to something	freetalk
entirety	ɪnˈtaɪɝti	The whole of something	freetalk
exodus	ˈɛksədəs	A mass departure of people	freetalk
explosions	ɪkˈsploʊʒənz	A sudden, violent release of energy resulting in a loud noise and the expansion of gases	freetalk
fallout	ˈfɔˌlaʊt	The adverse side effects or results of a situation or event	freetalk
feather	ˈfɛðɝ	One of the soft, light growths that cover a bird's body	freetalk
figuring	ˈfɪɡjɝɪŋ	To calculate or estimate	freetalk
financed	fɪˈnænst	Provide funding for (a person or enterprise)	freetalk
firearm	ˈfaɪɝˌɑɹm	A weapon, especially a pistol or rifle, capable of firing a projectile using gunpowder or other explosive material	freetalk
fisheries	ˈfɪʃɝiz	A place where fish are reared for commercial purposes	freetalk
flock	ˈflɑk	A group of birds or sheep	freetalk
flyers	ˈflaɪɝz	A person or thing that flies	freetalk
footsteps	ˈfʊtˌstɛps	The sound made by a person walking or running on a hard surface	freetalk
forestry	ˈfɔɹəstɹi	The science or practice of planting, managing, and caring for forests	freetalk
ghetto	ˈɡɛtoʊ	A part of a city, especially a slum area, occupied by a minority group or groups	freetalk
grim	ˈɡɹɪm	forbidding or uninviting in appearance	freetalk
helpless	ˈhɛlpləs	Unable to help oneself; powerless or incompetent	freetalk
hemisphere	ˈhɛmɪsˌfɪɹ	A half of a sphere	freetalk
hides	ˈhaɪdz	To put or keep out of sight; conceal from the view or notice of others	freetalk
housed	ˈhaʊzd	To provide with a place to live or stay	freetalk
hyper	ˈhaɪpɝ	Overexcited or overactive	freetalk
inconvenience	ˌɪnkənˈvinjəns	Trouble or difficulty caused by something that is unexpected or unwelcome	freetalk
incorporating	ˌɪnˈkɔɹpɝˌeɪtɪŋ	To include or contain as part of a whole	freetalk
injected	ˌɪnˈdʒɛktəd	To force a liquid into something	freetalk
insured	ˌɪnˈʃʊɹd	Covered by insurance	freetalk
intends	ˌɪnˈtɛndz	Have in mind as a purpose or goal	freetalk
intervals	ˈɪntɝvəlz	A period of time between events	freetalk
intriguing	ˌɪnˈtɹiɡɪŋ	Arousing curiosity or interest; fascinating	freetalk
invasive	ˌɪnˈveɪsɪv	Tending to spread prolifically and undesirably or harmfully	freetalk
irrigation	ˌɪɹəˈɡeɪʃən	The supply of water to land or crops to help growth, typically by means of channels	freetalk
killings	ˈkɪlɪŋz	The act of causing death, especially intentionally	freetalk
lastly	ˈlæstli	In the final position in a series or sequence	freetalk
liberties	ˈlɪbɝˌtiz	The state of being free within society from oppressive restrictions imposed by authority on one's way of life, behavior, or political views	freetalk
lipstick	ˈlɪpˌstɪk	A cosmetic used to color the lips	freetalk
manipulate	məˈnɪpjəˌleɪt	Handle or control with skill	freetalk
mart	ˈmɑɹt	A place where goods are bought and sold; a market	freetalk
midlands	ˈmɪdˌlændz	The central part of England	freetalk
midway	ˈmɪˌdweɪ	In the middle of a distance or time	freetalk
minors	ˈmaɪnɝz	A person under the legal age of adulthood	freetalk
moist	ˈmɔɪst	Slightly wet or damp	freetalk
monarch	ˈmɑˌnɑɹk	A sovereign head of state, especially a king, queen, or emperor	freetalk
monte	ˈmɑnti	A gambling card game	freetalk
monuments	ˈmɑnjəmənts	A structure, building, or site that is of historical, cultural, or artistic significance	freetalk
mortgages	ˈmɔɹɡədʒəz	To convey or pledge (a property) as security for a loan	freetalk
mourning	ˈmɔɹnɪŋ	the act of feeling or expressing sorrow or grief	freetalk
mu	ˈmu	The 12th letter of the Greek alphabet	freetalk
mustard	ˈmʌstɝd	A pungent yellow or brown paste made from the crushed seeds of certain plants, typically eaten as a condiment	freetalk
negatively	ˈnɛɡətɪvli	In a harmful or unfavorable manner	freetalk
neighbour	ˈneɪbɝ	A person living next door to or near another	freetalk
objections	əbˈdʒɛkʃənz	An expression or feeling of disapproval or opposition	freetalk
persona	pɝˈsoʊnə	The aspect of someone's character that is presented to or perceived by others	freetalk
plaque	ˈplæk	A flat, thin piece of metal or other material with an inscription or design, typically attached to a wall or other surface	freetalk
poetic	poʊˈɛtɪk	Of or relating to poetry	freetalk
preach	ˈpɹitʃ	To deliver a sermon or religious discourse	freetalk
preaching	ˈpɹitʃɪŋ	Delivering a sermon or religious discourse	freetalk
princes	ˈpɹɪnsəz	A male member of a royal family	freetalk
proposing	pɹəˈpoʊzɪŋ	Put forward (an idea or plan) for consideration	freetalk
purity	ˈpjʊɹəti	The quality or state of being pure	freetalk
rabbi	ˈɹæˌbaɪ	A Jewish scholar or teacher of Jewish law and tradition	freetalk
realism	ˈɹiəlɪzəm	The quality or fact of representing a person, thing, or situation accurately or in a way that is true to life	freetalk
receipts	ɹɪˈsits	The action of receiving something	freetalk
retrieve	ɹɪˈtɹiv	To get or bring back something	freetalk
scheduling	ˈskɛdʒʊlɪŋ	The act of arranging a timetable or plan for events or tasks	freetalk
scoop	ˈskup	A utensil with a long handle and a deep bowl for serving or transferring food	freetalk
scotch	ˈskɑtʃ	To put an end to; crush	freetalk
scrub	ˈskɹʌb	To clean something by rubbing its surface hard	freetalk
separating	ˈsɛpɝˌeɪtɪŋ	To set or keep apart; divide or disunite	freetalk
sewing	ˈsoʊɪŋ	The act of joining or attaching fabrics together using a needle and thread	freetalk
shale	ˈʃeɪl	A soft, finely stratified sedimentary rock that formed from consolidated mud or clay and can be split easily into fragile slabs	freetalk
shin	ˈʃɪn	The front part of the leg below the knee	freetalk
shootings	ˈʃutɪŋz	The act of firing a gun or other weapon	freetalk
simplified	ˈsɪmpləˌfaɪd	Make (something) simpler or easier to do or understand	freetalk
slipping	ˈslɪpɪŋ	To slide unintentionally or lose one's footing	freetalk
sol	ˈsɑl	The sun	freetalk
solicitor	səˈlɪsətɝ	A person who solicits, especially one who seeks trade or contributions	freetalk
sophomore	ˈsɑfˌmɔɹ	A student in the second year of high school or college	freetalk
spreads	ˈspɹɛdz	To extend over a larger area	freetalk
squadron	ˈskwɑdɹən	A group of military aircraft operating together	freetalk
squirrel	ˈskwɝəl	A small, bushy-tailed rodent	freetalk
stickers	ˈstɪkɝz	A person or thing that sticks	freetalk
stigma	ˈstɪɡmə	A mark of disgrace or infamy; a stain or reproach	freetalk
strengthened	ˈstɹɛŋθənd	To make or become stronger	freetalk
taco	ˈtɑkoʊ	A Mexican dish consisting of a folded or rolled tortilla filled with various ingredients, such as meat, cheese, and vegetables	freetalk
takeover	ˈteɪˌkoʊvɝ	An act or instance of assuming control or possession of something	freetalk
tapped	ˈtæpt	To strike lightly	freetalk
thumbs	ˈθʌmz	The short, thick first digit of the human hand, set lower and apart from the other four and opposable to them	freetalk
tinder	ˈtɪndɝ	Flammable material used for starting a fire	freetalk
titan	ˈtaɪtən	A person or thing of enormous size, strength, power, or influence	freetalk
trait	ˈtɹeɪt	A distinguishing characteristic or quality	freetalk
traitor	ˈtɹeɪtɝ	A person who betrays a friend, country, or principle	freetalk
troop	ˈtɹup	A group of soldiers	freetalk
truths	ˈtɹuθs	The quality or state of being true	freetalk
underestimate	ˈʌndɝˈɛstəˌmeɪt	To estimate (something) as being smaller or less important than it actually is	freetalk
uni	ˈjuni	A prefix meaning one or single	freetalk
updating	əpˈdeɪtɪŋ	To make something more modern or up to date	freetalk
urges	ˈɝdʒəz	To strongly encourage or persuade someone to do something	freetalk
wallpaper	ˈwɔlˌpeɪpɝ	Material used to cover and decorate the walls of a room	freetalk
watt	ˈwɑt	A unit of power equal to one joule per second	freetalk
weighs	ˈweɪz	To consider carefully	freetalk
willow	ˈwɪˌloʊ	A type of tree with narrow leaves and flexible branches	freetalk
ale	ˈeɪl	A type of beer brewed using a top-fermenting yeast	freetalk
archaeological	ˌɑɹkiəˈlɑdʒɪkəl	relating to or characteristic of archaeology	freetalk
assistants	əˈsɪstənts	A person who helps or aids another in a specific task or job	freetalk
banging	ˈbæŋɪŋ	A loud, sudden, and sharp noise	freetalk
bathing	ˈbeɪðɪŋ	The act of washing oneself in a bath or shower	freetalk
bending	ˈbɛndɪŋ	Curving or flexing	freetalk
betrayal	bɪˈtɹeɪəl	The action of betraying someone or something	freetalk
boiled	ˈbɔɪld	Heated to the point of vaporization	freetalk
bonding	ˈbɑndɪŋ	The formation of a close relationship between people or groups	freetalk
bounds	ˈbaʊndz	Limits within which something can be done or achieved	freetalk
breeds	ˈbɹidz	A group of animals or plants with similar characteristics that can produce offspring	freetalk
britain's	ˈbɹɪtənz	Belonging to or relating to britain	shadowline
cardiovascular	ˌkɑɹdioʊˈvæskjəlɝ	Relating to the heart and blood vessels	freetalk
chic	ˈʃik	Stylish or fashionable	freetalk
clone	ˈkloʊn	An organism or cell produced asexually from one ancestor or parent	freetalk
clusters	ˈklʌstɝz	A group of similar things or people positioned or occurring closely together	freetalk
communal	kəˈmjunəl	Shared by all members of a community	freetalk
compliments	ˈkɑmpləmɛnts	An expression of praise or admiration	freetalk
consortium	kənˈsɔɹʃiəm	An association or combination of companies for a common purpose	freetalk
controllers	kənˈtɹoʊlɝz	A person or thing that directs or regulates something	freetalk
copying	ˈkɑpiɪŋ	Make a similar or identical version of something	freetalk
countdown	ˈkaʊntˌdaʊn	The backward counting in fixed time units until the time of an event	freetalk
courier	ˈkɝiɝ	A person or company that transports packages or documents from one place to another	freetalk
danced	ˈdænst	To move rhythmically to music, typically following a set sequence of steps	freetalk
debating	dəˈbeɪtɪŋ	Arguing about a subject, especially in a formal manner	freetalk
decreasing	dɪˈkɹisɪŋ	Becoming smaller or fewer	freetalk
defect	ˈdifɛkt	A flaw or imperfection	freetalk
disastrous	dɪˈzæstɹəs	Causing great damage or harm	freetalk
displaying	dɪˈspleɪɪŋ	To show or exhibit	freetalk
drown	ˈdɹaʊn	To die through submersion in and inhalation of water	freetalk
drummer	ˈdɹʌmɝ	A person who plays a drum	freetalk
durable	ˈdʊɹəbəl	Able to withstand wear, pressure, or damage	freetalk
efficacy	ˈɛfɪˌkæsi	The ability to produce a desired or intended result	freetalk
exaggerated	ɪɡˈzædʒɝˌeɪtəd	Represented as greater than is actually the case	freetalk
exclusion	ɪksˈkluʒən	The act of excluding or the state of being excluded	freetalk
exhibitions	ˌɛksəˈbɪʃənz	A public display or demonstration of a skill or quality	freetalk
exploited	ˈɛkˌsplɔɪtəd	Make full use of and derive benefit from (a resource)	freetalk
extracted	ɛkˈstɹæktɪd	Remove or take out (something) from a place	freetalk
faults	ˈfɔlts	A mistake or error	freetalk
flashing	ˈflæʃɪŋ	Shine brightly or suddenly	freetalk
freelance	ˈfɹiˌlæns	Working independently for different companies rather than being employed by one particular company	freetalk
gin	ˈdʒɪn	A strong alcoholic liquor distilled from grain mash	freetalk
girlfriends	ˈɡɝlˌfɹɛndz	A female friend or companion	freetalk
granting	ˈɡɹæntɪŋ	To agree to give or allow (something requested or desired)	freetalk
greeting	ˈɡɹitɪŋ	A polite word or sign of welcome or recognition	freetalk
headaches	ˈhɛˌdeɪks	A pain in the head or upper neck	freetalk
honeymoon	ˈhʌniˌmun	A vacation or trip taken by a newly married couple	freetalk
ignition	ˌɪɡˈnɪʃən	The action of setting something on fire or starting to burn	freetalk
impaired	ˌɪmˈpɛɹd	Weakened or damaged	freetalk
incomes	ˈɪnˌkʌmz	Money received, especially on a regular basis, for work or through investments	freetalk
investigative	ˌɪnˈvɛstəˌɡeɪtɪv	Having the power or authority to investigate	freetalk
jewel	ˈdʒuəl	A person or thing that is treasured, esteemed, or highly valued	freetalk
manifest	ˈmænəˌfɛst	Clear or obvious to the eye or mind	freetalk
mans	ˈmænz	To staff with men	freetalk
mutually	ˈmjutʃuəli	In a way that involves two or more parties reciprocally	freetalk
navigate	ˈnævəˌɡeɪt	To plan and direct the route or course of a ship, aircraft, or other form of transportation	freetalk
obese	oʊˈbis	Very fat or overweight	freetalk
outreach	ˈaʊˌtɹitʃ	An effort to reach out to a particular group or community	freetalk
overlooking	ˈoʊvɝˌlʊkɪŋ	Fail to notice or consider something	freetalk
pandemic	pænˈdɛmɪk	(adj.) (of a disease) prevalent over a whole country or the world	freetalk
passages	ˈpæsədʒəz	A section of text	freetalk
perceptions	pɝˈsɛpʃənz	The ability to see, hear, or become aware of something through the senses	freetalk
perimeter	pɝˈɪmətɝ	The outer boundary of a shape or area	freetalk
pike	ˈpaɪk	A long-handled weapon with a pointed metal head	freetalk
piper	ˈpaɪpɝ	One who plays a musical instrument that produces a shrill sound by means of a stream of air	freetalk
preacher	ˈpɹitʃɝ	One who preaches, especially a person who delivers sermons or religious teachings	freetalk
preceded	pɹɪˈsidɪd	To come before in time or order	freetalk
procurement	pɹoʊˈkjʊɹmənt	The action of obtaining or acquiring something	freetalk
protector	pɹəˈtɛktɝ	A person or thing that protects or defends	freetalk
pulp	ˈpʌlp	A soft, moist, shapeless mass of matter	freetalk
rabbits	ˈɹæbəts	A small burrowing mammal with long ears, soft fur, and a short tail	freetalk
ransom	ˈɹænsəm	A sum of money or other payment demanded or paid for the release of a captive	freetalk
recruits	ɹəˈkɹuts	New members enlisted in the armed forces	freetalk
reel	ˈɹil	A cylindrical device on which film, magnetic tape, thread, or other flexible materials can be wound	freetalk
reg	ˈɹɛɡ	To govern or control	freetalk
rehearsal	ɹɪˈhɝsəl	A practice session in preparation for a public performance	freetalk
reinforce	ˌɹiɪnˈfɔɹs	To strengthen or support	freetalk
restart	ɹiˈstɑɹt	To begin or start again	freetalk
revive	ɹɪˈvaɪv	To bring back to life or consciousness	freetalk
rigorous	ˈɹɪɡɝəs	Extremely thorough and accurate	freetalk
ringing	ˈɹɪŋɪŋ	Making a clear, resonant sound	freetalk
scarf	ˈskɑɹf	A long piece of cloth worn around the neck or head for warmth or decoration	freetalk
scenery	ˈsinɝi	The natural features of a landscape, considered in terms of their appearance	freetalk
selections	səˈlɛkʃənz	The action or process of selecting or being selected	freetalk
sensory	ˈsɛnsɝi	Relating to the senses or sensation	freetalk
shelters	ˈʃɛltɝz	Protects or shields from danger or harm	freetalk
sidewalk	ˈsaɪˌdwɔk	A path for pedestrians at the side of a street	freetalk
skeptical	ˈskɛptəkəl	Not easily convinced; having doubts or reservations	freetalk
sleepy	ˈslipi	Tired and ready to fall asleep	freetalk
smoothly	ˈsmuðli	Without difficulties or problems	freetalk
speeding	ˈspidɪŋ	To exceed the legal speed limit while driving	freetalk
staple	ˈsteɪpəl	A main or important element or feature	freetalk
stereotypes	ˈstɛɹiəˌtaɪps	A widely held but fixed and oversimplified image or idea of a particular type of person or thing	freetalk
stirring	ˈstɝɪŋ	To mix or agitate with a spoon or other implement	freetalk
strand	ˈstɹænd	A single thin length of something such as thread, wire, or hair	freetalk
stunned	ˈstʌnd	To shock or greatly surprise	freetalk
suppression	səˈpɹɛʃən	The action of suppressing something such as an activity or feeling	freetalk
sushi	ˈsuʃi	A Japanese dish consisting of vinegared rice combined with various ingredients such as raw fish, vegetables, and seaweed	freetalk
suspend	səˈspɛnd	To temporarily stop something from continuing or operating	freetalk
swelling	ˈswɛlɪŋ	An abnormal enlargement of a part of the body, typically as a result of injury or inflammation	freetalk
tails	ˈteɪlz	The hindmost part of an animal, especially when extended beyond the rest of the body	freetalk
terminology	ˌtɝmɪˈnɑlədʒi	The body of terms used in a particular profession, subject, or activity	freetalk
theatrical	θiˈætɹɪkəl	Of or relating to the theater	freetalk
timer	ˈtaɪmɝ	A person or device that measures or records time intervals	freetalk
travellers	ˈtɹævəlɝz	A person who is traveling or who travels often	freetalk
trustee	ˌtɹʌˈsti	A person or organization that holds or manages property or assets on behalf of others	freetalk
turnout	ˈtɝˌnaʊt	The number of people attending or taking part in an event or activity	freetalk
tying	ˈtaɪɪŋ	The act of fastening or securing with a knot or string	freetalk
unanimous	juˈnænəməs	In complete agreement or harmony	freetalk
unpredictable	ˌʌnpɹɪˈdɪktəbəl	Not able to be predicted or foreseen	freetalk
urging	ˈɝdʒɪŋ	To strongly encourage or persuade someone to do something	freetalk
validation	ˌvæləˈdeɪʃən	The action of checking or proving the accuracy or validity of something	freetalk
vengeance	ˈvɛndʒəns	Punishment inflicted in retaliation for an injury or offense	freetalk
visually	ˈvɪʒwəli	In a manner that is related to sight or the sense of vision	freetalk
waits	ˈweɪts	Stay in one place in anticipation of something	freetalk
wakes	ˈweɪks	To emerge or cause to emerge from sleep	freetalk
weighted	ˈweɪtɪd	Having a heavy weight or mass	freetalk
activism	ˈæktɪˌvɪzəm	The policy or action of using vigorous campaigning to bring about political or social change	freetalk
advent	ˈædˌvɛnt	The arrival of a notable person, thing, or event	freetalk
airborne	ˈɛɹˌbɔɹn	Moved or carried by air	freetalk
alas	əˈlæs	An expression of grief, pity, or concern	freetalk
astonishing	əˈstɑnɪʃɪŋ	Causing a feeling of great surprise or wonder	freetalk
bakery	ˈbeɪkɝi	A place where bread and cakes are made and sold	freetalk
barracks	ˈbæɹəks	A building or group of buildings used to house soldiers	freetalk
bathrooms	ˈbæˌθɹumz	A room containing a bathtub or shower and usually a sink and toilet	freetalk
believer	bəˈlivɝ	A person who has faith or confidence in something	freetalk
benefited	ˈbɛnəˌfɪtɪd	Received help or an advantage	freetalk
blankets	ˈblæŋkəts	A large piece of cloth used for keeping warm on a bed	freetalk
borne	ˈbɔɹn	Carried or transported by	freetalk
brokers	ˈbɹoʊkɝz	A person who buys and sells goods or assets for others	freetalk
bunker	ˈbʌŋkɝ	A reinforced underground shelter	freetalk
caffeine	kæˈfin	A bitter white crystalline purine alkaloid that is a stimulant of the central nervous system	freetalk
capped	ˈkæpt	To cover or close with a cap	freetalk
chaotic	keɪˈɑtɪk	In a state of complete disorder or confusion	freetalk
chargers	ˈtʃɑɹdʒɝz	A device used to charge a battery	freetalk
cite	ˈsaɪt	Quote or mention as evidence or support	freetalk
classrooms	ˈklæsˌɹumz	A room in a school where classes are held	freetalk
commentator	ˈkɑmənˌteɪtɝ	A person who provides commentary or opinions on a particular subject	freetalk
commercially	kəˈmɝʃəli	In a way that relates to or is connected with commerce or the buying and selling of goods and services	freetalk
confirming	kənˈfɝmɪŋ	Establish the truth or correctness of (something previously believed or suspected)	freetalk
confuse	kənˈfjuz	To make someone uncertain or unable to understand something	freetalk
contributors	kənˈtɹɪbjətɝz	A person who contributes something, especially money or ideas	freetalk
cosmetics	kɑzˈmɛtɪks	Products applied to the face or body to enhance or alter appearance	freetalk
coward	ˈkaʊɝd	A person who lacks courage or is easily frightened	freetalk
dammit	ˈdæmɪt	Used to express anger or frustration	freetalk
dell	ˈdɛl	A small, secluded valley	freetalk
dent	ˈdɛnt	A slight hollow in a surface caused by pressure or impact	freetalk
depart	dɪˈpɑɹt	To leave a place	freetalk
destroys	dɪˈstɹɔɪz	To cause great damage or harm to something	freetalk
detectives	dɪˈtɛktɪvz	A person who investigates crimes and gathers information	freetalk
diminished	dɪˈmɪnɪʃt	Made smaller or less	freetalk
disappears	ˌdɪsəˈpɪɹz	Cease to be visible	freetalk
disappoint	ˌdɪsəˈpɔɪnt	Fail to meet the hopes or expectations of	freetalk
dolphin	ˈdɑlfən	A small gregarious toothed whale that typically has a beaklike snout and a curved fin on the back	freetalk
dove	ˈdʌv	A type of bird known for its gentle nature and cooing sound	freetalk
dumping	ˈdʌmpɪŋ	To drop or let fall in a mass; to unload	freetalk
dusty	ˈdʌsti	Covered with or consisting of dust	freetalk
embracing	ɛmˈbɹeɪsɪŋ	To hold closely in one's arms	freetalk
enduring	ɛnˈdjʊɹɪŋ	Continuing or lasting for a long time	freetalk
enlightenment	ˌɛnˈlaɪtənmənt	The action of enlightening or the state of being enlightened	freetalk
fibre	ˈfaɪbɝ	A thread or filament from which a vegetable tissue, mineral substance, or textile is formed	freetalk
fixture	ˈfɪkstʃɝ	A piece of equipment or furniture that is fixed in position in a building or vehicle	freetalk
focal	ˈfoʊkəl	Of or relating to a focus	freetalk
friendships	ˈfɹɛndʃɪps	The state of being friends	freetalk
frightening	ˈfɹaɪtənɪŋ	Causing fear or terror	freetalk
fucker	ˈfʌkɝ	A person who engages in sexual intercourse	freetalk
gala	ˈɡælə	A festive celebration or party	freetalk
gardening	ˈɡɑɹdənɪŋ	The activity of tending and cultivating a garden	freetalk
garrison	ˈɡæɹɪsən	A body of troops stationed in a fortified place	freetalk
gears	ˈɡɪɹz	Equipment or apparatus that is used for a particular purpose or activity	freetalk
generates	ˈdʒɛnɝˌeɪts	To produce or create something	freetalk
gladly	ˈɡlædli	In a willing manner	freetalk
goodwill	ˈɡʊˈdwɪl	Friendly or helpful feelings towards others	freetalk
govern	ˈɡʌvɝn	To control or direct the actions or behavior of (someone or something)	freetalk
gradual	ˈɡɹædʒuəl	Happening or changing slowly over time	freetalk
greetings	ˈɡɹitɪŋz	The act of expressing a salutation or welcome	freetalk
groceries	ˈɡɹoʊsɝiz	Food and other goods sold by a grocer	freetalk
hacker	ˈhækɝ	A person who uses computers to gain unauthorized access to data	freetalk
harness	ˈhɑɹnəs	Control or utilize (a source of power)	freetalk
hashtag	ˈhæʃˌtæɡ	A word or phrase preceded by a hash or pound sign (#) used on social media to identify messages on a specific topic	freetalk
heartbeat	ˈhɑɹtˌbit	The pulsation of the heart, especially as felt in the arteries	freetalk
heh	ˈhɛ	Used to express amusement or laughter	freetalk
highlighting	ˈhaɪˌlaɪtɪŋ	To emphasize or make something stand out	freetalk
holt	ˈhoʊlt	A small wood or grove of trees	freetalk
honourable	ˈɑnɝəbəl	Deserving or bringing honour	freetalk
illnesses	ˈɪlnəsɪz	A disease or period of sickness affecting the body or mind	freetalk
imminent	ˈɪmənənt	About to happen; impending	freetalk
inaugural	ˌɪˈnɔɡɝəl	Marking the beginning of an institution, activity, or period of office	freetalk
insulation	ˌɪnsəˈleɪʃən	Material or substance used to prevent heat, sound, or electricity from passing through	freetalk
intern	ˈɪntɝn	A student or recent graduate working as an apprentice in a particular profession in order to gain practical experience	freetalk
irresponsible	ˌɪɹəˈspɑnsəbəl	Lacking a sense of responsibility; not reliable or dependable	freetalk
lag	ˈlæɡ	Fail to keep up with another or others in movement or development	freetalk
lays	ˈleɪz	To put or set down	freetalk
lenders	ˈlɛndɝz	A person or organization that lends money	freetalk
locality	loʊˈkæləti	A particular neighborhood or area	freetalk
lure	ˈlʊɹ	Something that attracts or entices	freetalk
malicious	məˈlɪʃəs	Intending or intended to do harm	freetalk
mattress	ˈmætɹəs	A large pad for supporting the reclining body, used as or on a bed	freetalk
merged	ˈmɝdʒd	Combine or unite to form a single entity	freetalk
merits	ˈmɛɹəts	The quality of being particularly good or worthy	freetalk
mist	ˈmɪst	A mass of fine droplets of water in the air near or in contact with the ground	freetalk
mole	ˈmoʊl	A small burrowing mammal with velvety fur, a long nose, and small eyes	freetalk
molecule	ˈmɑləˌkjul	The smallest physical unit of a substance that can exist independently, consisting of one or more atoms held together by chemical bonds	freetalk
monarchy	ˈmɑnɑɹki	A form of government in which a single person rules as head of state	freetalk
muscular	ˈmʌskjəlɝ	Having well-developed muscles	freetalk
neutrality	nuˈtɹæləti	The state of not supporting or helping either side in a conflict or disagreement	freetalk
noisy	ˈnɔɪzi	Making a lot of noise	freetalk
orgasm	ˈɔɹɡæzəm	The climax of sexual excitement, characterized by intensely pleasurable feelings in the genital region	freetalk
otto	ˈɑˌtoʊ	A number that is the same when reversed, such as 11 or 22	freetalk
panties	ˈpæntiz	Women's undergarments, typically covering the groin and buttocks	freetalk
parcel	ˈpɑɹsəl	An object or collection of objects wrapped in paper or other material and tied up for carrying or posting	freetalk
partition	pɑɹˈtɪʃən	A structure dividing a space into separate areas	freetalk
peculiar	pəˈkjuljɝ	Strange or unusual	freetalk
penguins	ˈpɛŋɡwənz	A flightless seabird of the Southern Hemisphere, having webbed feet and wings reduced to flippers	freetalk
prayed	ˈpɹeɪd	To make a request or plea to a higher power	freetalk
prefers	pɹəˈfɝz	To like (someone or something) better than someone or something else	freetalk
proposes	pɹəˈpoʊzɪz	Put forward (an idea or plan) for consideration	freetalk
proprietary	pɹəˈpɹaɪəˌtɛɹi	relating to an owner or ownership	freetalk
prostate	ˈpɹɑˌsteɪt	A gland surrounding the neck of the bladder in male mammals and releasing a fluid component of semen	freetalk
protagonist	pɹoʊˈtæɡənəst	The leading character or one of the major characters in a drama, movie, novel, or other fictional text	freetalk
punching	ˈpʌntʃɪŋ	To strike with the fist	freetalk
puppies	ˈpʌpiz	Young dogs	freetalk
rant	ˈɹænt	Speak or shout at length in a wild, impassioned way	freetalk
rash	ˈɹæʃ	Acting or done without careful consideration	freetalk
realities	ˌɹiˈæləˌtiz	The state of things as they actually exist	freetalk
recalls	ˈɹiˌkɔlz	Bring back from memory	freetalk
receivers	ɹəˈsivɝz	A person or thing that receives something	freetalk
referenced	ˈɹɛfɝənst	Mentioned or alluded to	freetalk
reflections	ɹɪˈflɛkʃənz	The throwing back by a body or surface of light, heat, or sound without absorbing it	freetalk
rejects	ɹɪˈdʒɛkts	To refuse to accept, recognize, or consider	freetalk
replica	ˈɹɛplɪkə	An exact copy or model of something, especially one on a smaller scale	freetalk
representations	ˌɹɛpɹəzənˈteɪʃənz	The action of representing or the state of being represented	freetalk
reside	ɹɪˈzaɪd	To live in a particular place	freetalk
ripe	ˈɹaɪp	Fully grown and developed, as fruit	freetalk
rituals	ˈɹɪtʃuəlz	A religious or solemn ceremony consisting of a series of actions performed according to a prescribed order	freetalk
riverside	ˈɹɪvɝˌsaɪd	The land along the bank of a river	freetalk
rodney	ˈɹɑdni	A male given name	freetalk
sac	ˈsæk	A structure resembling a bag in an animal or plant	freetalk
sacrificed	ˈsækɹəˌfaɪst	To give up something for a greater purpose	freetalk
sane	ˈseɪn	Mentally sound; possessing a rational mind	freetalk
savior	ˈseɪvjɝ	A person who saves, rescues, or delivers others from danger or harm	freetalk
scenic	ˈsinɪk	Providing or relating to views of impressive or beautiful natural scenery	freetalk
sip	ˈsɪp	To drink (a liquid) a little at a time	freetalk
slapped	ˈslæpt	To strike with an open hand	freetalk
snail	ˈsneɪl	A small creature with a soft, slimy body and a spiral shell, moving slowly on a single muscular foot	freetalk
spun	ˈspʌn	Past tense of spin	freetalk
statistically	stəˈtɪstɪkəli	In a manner relating to statistics	freetalk
stimulate	ˈstɪmjəˌleɪt	To encourage or prompt activity or growth	freetalk
strangely	ˈstɹeɪndʒli	In a strange manner	freetalk
surveyed	sɝˈveɪd	Examine or inspect (something) comprehensively	freetalk
susceptible	səˈsɛptəbəl	Likely or liable to be influenced or harmed by a particular thing	freetalk
thighs	ˈθaɪz	The part of the leg between the hip and the knee	freetalk
tipped	ˈtɪpt	To incline or bend in a particular direction	freetalk
toby	ˈtoʊbi	A drinking mug, typically made of ceramic or pottery	freetalk
toilets	ˈtɔɪləts	A fixture for defecation and urination, consisting of a bowl and a seat	freetalk
translates	tɹænzˈleɪts	Express the sense of words or text in another language	freetalk
translator	tɹænˈsleɪtɝ	A person who translates written text from one language to another	freetalk
transmit	tɹænzˈmɪt	To send or convey from one person or place to another	freetalk
trophies	ˈtɹoʊfiz	A prize or memento awarded for a specific achievement or victory	freetalk
tuning	ˈtunɪŋ	The act of adjusting or calibrating an instrument or machine to achieve the desired performance	freetalk
tutor	ˈtutɝ	A person who gives individual, specialized instruction	freetalk
unsafe	ənˈseɪf	Not safe; dangerous	freetalk
verge	ˈvɝdʒ	The edge, rim, or margin of something	freetalk
vibrant	ˈvaɪbɹənt	Full of energy and enthusiasm	freetalk
wander	ˈwɑndɝ	To move about without a definite destination or purpose	freetalk
yeast	ˈjist	A type of fungus used in baking and brewing	freetalk
absorption	əbˈzɔɹpʃən	The process of absorbing or being absorbed	freetalk
accelerate	ækˈsɛlɝˌeɪt	To increase in speed	freetalk
acne	ˈækni	A skin condition characterized by red pimples on the face and body	freetalk
advertise	ˈædvɝˌtaɪz	To make something known to the public through various forms of media	freetalk
alzheimer's	ˈælzˌhaɪmɝz	Belonging to or relating to alzheimer	shadowline
apologise	əˈpɑləˌdʒaɪz	Express regret for something that one has done wrong	freetalk
aspirations	ˌæspɝˈeɪʃənz	Strong desire or ambition to achieve something	freetalk
assassin	əˈsæsən	A person who murders a prominent person for political or religious reasons	freetalk
assign	əˈsaɪn	To give someone a particular job or task	freetalk
backlash	ˈbæˌklæʃ	A strong negative reaction by a large number of people, especially to a social or political development	freetalk
balloons	bəˈlunz	A type of inflatable object typically used for decoration or entertainment	freetalk
believers	bəˈlivɝz	A person who has confidence in the truth or existence of something	freetalk
bonnie	ˈbɑni	Attractive or beautiful	freetalk
brewery	ˈbɹuɝi	A place where beer is produced	freetalk
bulb	ˈbʌlb	A rounded underground storage organ present in some plants, consisting of a short stem surrounded by fleshy scale leaves or leaf bases	freetalk
cardboard	ˈkɑɹdˌbɔɹd	A stiff, thick paper used for making cartons and signs	freetalk
casually	ˈkæʒəwəli	In a relaxed and unconcerned manner	freetalk
chartered	ˈtʃɑɹtɝd	hired or leased for a fee	freetalk
chew	ˈtʃu	To bite and grind with the teeth while making a crushing motion	freetalk
circumstance	ˈsɝkəmˌstæns	A fact or condition connected with or relevant to an event or action	freetalk
cliffs	ˈklɪfs	A steep rock face, especially at the edge of the sea	freetalk
collateral	kəˈlætɝəl	Something pledged as security for repayment of a loan	freetalk
congestion	kənˈdʒɛstʃən	The state of being overcrowded or blocked	freetalk
conquered	ˈkɑŋkɝd	To overcome or defeat in battle or conflict	freetalk
creditors	ˈkɹɛdɪtɝz	A person or company to whom money is owed	freetalk
criticisms	ˈkɹɪtɪˌsɪzəmz	The act of expressing disapproval or finding fault	freetalk
crossover	ˈkɹɔˌsoʊvɝ	A point where two things cross over each other	freetalk
crunch	ˈkɹʌntʃ	A loud, sharp sound made when something hard is crushed or broken	freetalk
curtains	ˈkɝtənz	A piece of material hung to cover a window, stage, etc	freetalk
daytime	ˈdeɪˌtaɪm	The time between sunrise and sunset	freetalk
deliveries	dɪˈlɪvɝiz	The act of delivering something to a recipient	freetalk
demise	dɪˈmaɪz	The death or end of something	freetalk
dependence	dɪˈpɛndəns	The state of relying on or being controlled by something or someone	freetalk
dictator	dɪkˈteɪtɝ	A ruler with total power over a country, typically obtained by force	freetalk
diets	ˈdaɪɪts	A special course of food to which one restricts oneself, either to lose weight or for medical reasons	freetalk
differs	ˈdɪfɝz	To be unlike or distinct in nature, form, or characteristics	freetalk
digits	ˈdɪdʒəts	Any of the Arabic numerals 0 to 9	freetalk
dime	ˈdaɪm	A United States coin worth ten cents	freetalk
dire	ˈdaɪɹ	Extremely serious or urgent	freetalk
disagreement	dɪsəˈɡɹimənt	A lack of consensus or harmony in opinion or action	freetalk
disciples	dɪˈsaɪpəlz	A follower or student of a teacher, leader, or philosophy	freetalk
disregard	ˌdɪsɹɪˈɡɑɹd	To pay no attention to; ignore	freetalk
distributor	dɪˈstɹɪbjətɝ	A person or company that distributes goods or services to retailers or consumers	freetalk
dominion	dəˈmɪnjən	Control or power over a specific area or territory	freetalk
downhill	ˈdaʊnˈhɪl	Moving or sloping downward	freetalk
drafting	ˈdɹæftɪŋ	The process of drawing up plans or sketches	freetalk
dreadful	ˈdɹɛdfəl	Causing great fear or terror	freetalk
drunken	ˈdɹʌŋkən	Affected by alcohol to the extent of losing control of one's faculties or behavior	freetalk
earnest	ˈɝnɪst	Resulting from or showing sincere and intense conviction	freetalk
eng	ˈɛŋ	To make a commitment or pledge	freetalk
erase	ɪˈɹeɪs	Remove (something written or drawn) by wiping or scraping it away	freetalk
evacuated	ɪˈvækjəˌweɪtɪd	Remove (someone) from a place of danger to a safe place	freetalk
extinct	ɪkˈstɪŋkt	No longer in existence	freetalk
forbid	fɝˈbɪd	To command someone not to do something	freetalk
forgiven	fɝˈɡɪvən	No longer feeling anger or resentment towards someone for an offense or mistake	freetalk
freezer	ˈfɹizɝ	A device or compartment used for freezing food or keeping it frozen	freetalk
genetically	dʒəˈnɛtɪkli	Relating to genes or heredity	freetalk
greeted	ˈɡɹitəd	To address with some form of salutation; welcome	freetalk
hare	ˈhɛɹ	A fast-running mammal with long ears and a divided upper lip	freetalk
healed	ˈhild	To make healthy or whole again	freetalk
herein	hɪˈɹɪn	In this place or position	freetalk
honorary	ˈɑnɝˌɛɹi	Given as an honor or in recognition of achievement without the usual requirements or privileges	freetalk
immature	ˌɪməˈtjʊɹ	Not fully developed or grown	freetalk
imperative	ˌɪmˈpɛɹətɪv	Absolutely necessary or required	freetalk
ineffective	ˌɪnɪˈfɛktɪv	Not producing the desired result; unsuccessful	freetalk
interacting	ˌɪntɝˈæktɪŋ	To act upon one another	freetalk
jess	ˈdʒɛs	A short strap fastened around the leg of a bird used in falconry	freetalk
knit	ˈnɪt	To join together by intertwining yarn or thread	freetalk
laps	ˈlæps	The act of moving the tongue against the lips to taste or drink	freetalk
manly	ˈmænli	Having qualities traditionally associated with men, such as strength and courage	freetalk
maternity	məˈtɝnɪti	The state of being a mother	freetalk
meanings	ˈminɪŋz	What is meant by a word, text, concept, or action	freetalk
misconduct	mɪˈskɑndəkt	Inappropriate behavior or actions	freetalk
morale	mɝˈæl	The confidence, enthusiasm, and discipline of a person or group at a particular time	freetalk
mornings	ˈmɔɹnɪŋz	The early part of the day, from sunrise to noon	freetalk
mute	ˈmjut	Not speaking; silent	freetalk
needless	ˈnidləs	Unnecessary; not required	freetalk
nerd	ˈnɝd	A person who is extremely interested in a particular subject, especially one related to technology or science	freetalk
nominees	ˌnɑməˈniz	A person who is nominated for an award or honor	freetalk
notifications	ˌnoʊtəfəˈkeɪʃənz	The act of notifying or informing someone	freetalk
novelty	ˈnɑvəlti	The quality of being new, original, or unusual	freetalk
optimism	ˈɑptəˌmɪzəm	Hopefulness and confidence about the future	freetalk
optimization	ɑptəməˈzeɪʃən	The action of making the best or most effective use of a situation or resource	freetalk
outdated	ˈaʊtˌdeɪtɪd	No longer in use or fashionable	freetalk
oxide	ˈɑkˌsaɪd	A compound of oxygen with another element	freetalk
paints	ˈpeɪnts	A colored substance that is spread over a surface and dries to leave a thin decorative or protective coating	freetalk
peasants	ˈpɛzənts	A person of low social status who works on the land	freetalk
pence	ˈpɛns	A plural noun meaning a British coin worth one hundredth of a pound	freetalk
peppers	ˈpɛpɝz	A vegetable with a spicy flavor, typically green, red, or yellow in color	freetalk
peripheral	pɝˈɪfɝəl	relating to or situated on the edge or periphery	freetalk
pinned	ˈpɪnd	Attach or fasten with a pin or similar pointed object	freetalk
pint	ˈpaɪnt	A unit of liquid measure equal to 1/8 of a gallon	freetalk
pleaded	ˈplidɪd	To make an emotional appeal or request	freetalk
poop	ˈpup	Excrement	freetalk
pornography	pɔɹˈnɑɡɹəfi	Printed or visual material containing the explicit description or display of sexual organs or activity, intended to stimulate erotic rather than aesthetic or emotional feelings	freetalk
prepares	pɹiˈpɛɹz	Make (something) ready for use or consideration	freetalk
prevalence	ˈpɹɛvələns	The fact or condition of being prevalent; widespread existence or occurrence	freetalk
proceeding	pɹəˈsidɪŋ	The act of moving forward or continuing	freetalk
pronounce	pɹəˈnaʊns	To make the sound of a word or letter with one's voice	freetalk
proportions	pɹəˈpɔɹʃənz	A part, share, or number considered in comparative relation to a whole	freetalk
provisional	pɹəˈvɪʒənəl	Arranged or existing for the present, possibly to be changed later	freetalk
punches	ˈpʌntʃɪz	To strike with a fist	freetalk
ravens	ˈɹeɪvənz	A large, black bird with a loud, harsh call	freetalk
remark	ɹɪˈmɑɹk	To say or write something as a comment or observation	freetalk
repay	ɹiˈpeɪ	To pay back (money that is owed)	freetalk
ropes	ˈɹoʊps	A length of strong cord made by twisting together strands of natural fibers such as hemp or synthetic fibers such as nylon	freetalk
rouge	ˈɹuʒ	A red powder or cream used as a cosmetic for coloring the cheeks or lips	freetalk
rumours	ˈɹumɝz	A currently circulating story or report of uncertain or doubtful truth	freetalk
russia's	ˈɹʌʃəz	Belonging to or relating to russia	shadowline
saturated	ˈsætʃɝˌeɪtɪd	Filled to capacity; unable to hold or contain more	freetalk
scares	ˈskɛɹz	To cause fear or frighten	freetalk
screened	ˈskɹind	To show a movie or television program on a screen	freetalk
shaved	ˈʃeɪvd	To remove hair from (the face, legs, etc.) by cutting it close to the skin with a razor	freetalk
shooters	ˈʃutɝz	A person who shoots, especially with a gun	freetalk
shove	ˈʃʌv	Push roughly or forcefully	freetalk
skipped	ˈskɪpt	To move lightly and quickly	freetalk
smashing	ˈsmæʃɪŋ	Extremely impressive or attractive	freetalk
snaps	ˈsnæps	A sudden, sharp cracking sound or movement	freetalk
soaked	ˈsoʊkt	To be completely wet	freetalk
softball	ˈsɔftˌbɔl	A game similar to baseball played with a larger ball on a smaller field	freetalk
southeastern	ˌsaʊˈθistɝn	Situated in or towards the southeast	freetalk
spears	ˈspɪɹz	A weapon with a long shaft and a sharp pointed blade	freetalk
specials	ˈspɛʃəlz	Better, greater, or otherwise different from what is usual	freetalk
spectators	ˈspɛkteɪtɝz	A person who watches an event or performance	freetalk
spur	ˈspɝ	A device with a small spike or pointed wheel that is worn on a rider's heel and used to urge a horse forward	freetalk
storytelling	ˈstɔɹiˌtɛlɪŋ	The activity or skill of telling stories	freetalk
stumbled	ˈstʌmbəld	Trip or momentarily lose one's balance while walking or running	freetalk
stupidity	stuˈpɪdɪˌti	The quality or state of being stupid	freetalk
suppress	səˈpɹɛs	To forcibly put an end to something	freetalk
sweating	ˈswɛtɪŋ	To excrete perspiration through the pores in the skin	freetalk
swings	ˈswɪŋz	Move or cause to move back and forth or from side to side while suspended or on an axis	freetalk
tangible	ˈtændʒəbəl	Perceptible by touch; capable of being touched or felt	freetalk
tara	ˈtɛɹə	A star in the constellation Scorpius	freetalk
textbooks	ˈtɛkstˌbʊks	A book used as a standard work for the study of a particular subject	freetalk
tilt	ˈtɪlt	To move or cause to move into a sloping position	freetalk
tonight's	təˈnaɪts	Belonging to or relating to tonight	shadowline
tougher	ˈtʌfɝ	Stronger or more resilient	freetalk
trivial	ˈtɹɪviəl	Of little value or importance	freetalk
unofficial	ˌʌnəˈfɪʃəl	Not authorized or recognized	freetalk
veil	ˈveɪl	A piece of cloth worn to cover the head and face	freetalk
versatile	ˈvɝsətəl	Able to adapt or be adapted to many different functions or activities	freetalk
warsaw	ˈwɔɹˌsɔ	The capital city of Poland	freetalk
wed	ˈwɛd	To marry	freetalk
acknowledging	ækˈnɑlɪdʒɪŋ	Accepting the truth or existence of something	freetalk
alec	ˈælɪk	A male given name	freetalk
anthropology	ˌænθɹəˈpɑlədʒi	The study of human societies and cultures	freetalk
apple's	ˈæpəlz	Belonging to or relating to apple	shadowline
artery	ˈɑɹtɝi	A blood vessel that carries blood away from the heart to the rest of the body	freetalk
bamboo	bæmˈbu	A plant of the grass family, with hollow stems used for furniture and construction	freetalk
basil	ˈbæzəl	An aromatic herb used in cooking	freetalk
blackberry	ˈblækˌbɛɹi	A small, edible fruit that is dark purple or black in color	freetalk
booze	ˈbuz	Alcohol, especially hard liquor	freetalk
buzzing	ˈbʌzɪŋ	Make a low, continuous humming sound	freetalk
caliber	ˈkæləbɝ	The quality or standard of something	freetalk
cellphone	ˈsɛlfoʊn	A portable telephone that uses cellular technology to make and receive calls	freetalk
chord	ˈkɔɹd	A straight line segment joining two points on a curve	freetalk
concessions	kənˈsɛʃənz	The act of conceding or yielding	freetalk
contracting	ˈkɑntɹæktɪŋ	To enter into a formal agreement	freetalk
cooks	ˈkʊks	A person who prepares food for eating	freetalk
corporal	ˈkɔɹpɝəl	Of or relating to the body	freetalk
courtyard	ˈkɔɹˌtjɑɹd	An open space surrounded by walls or buildings	freetalk
crafted	ˈkɹæftɪd	Made or manufactured with skill and careful attention to detail	freetalk
crest	ˈkɹɛst	The top of something, especially a mountain or wave	freetalk
crowned	ˈkɹaʊnd	To invest with a crown or regal power	freetalk
dang	ˈdæŋ	Used to express annoyance or frustration	freetalk
deception	dɪˈsɛpʃən	The act of deceiving or misleading someone	freetalk
decor	dɪˈkɔɹ	The style and arrangement of furnishings and other elements in a room	freetalk
defeating	dɪˈfitɪŋ	To overcome in a contest or competition	freetalk
derivative	dɝˈɪvətɪv	Something that is derived from another source	freetalk
discomfort	dɪˈskʌmfɝt	An uncomfortable feeling in the body	freetalk
drastically	ˈdɹæstɪkli	In a way that is likely to have a strong or far-reaching effect	freetalk
driveway	ˈdɹaɪvˌweɪ	A private road leading to a house or garage	freetalk
duel	ˈduəl	A prearranged combat between two persons, fought with deadly weapons according to an agreed-upon set of rules	freetalk
elf	ˈɛlf	A small, often mischievous supernatural being	freetalk
evenly	ˈivənli	In a level or smooth manner	freetalk
exemption	ɪɡˈzɛmpʃən	The action of freeing someone from an obligation or liability imposed on others	freetalk
fashionable	ˈfæʃənəbəl	Currently popular or stylish	freetalk
fetch	ˈfɛtʃ	Go for and then bring back (someone or something)	freetalk
fishermen	ˈfɪʃɝmɪn	A person who catches fish for a living or for sport	freetalk
flipped	ˈflɪpt	To turn over quickly or suddenly	freetalk
formidable	ˈfɔɹmədəbəl	Inspiring fear or respect through being impressively large, powerful, intense, or capable	freetalk
furnished	ˈfɝnɪʃt	To provide with furniture or other necessary items	freetalk
fuzzy	ˈfʌzi	Not clear or distinct; blurred or indistinct	freetalk
gothic	ˈɡɑθɪk	Relating to the Goths or their extinct East Germanic language	freetalk
graffiti	ɡɹəˈfiti	Writing or drawings scribbled, scratched, or sprayed illicitly on a wall or other surface in a public place	freetalk
grenade	ɡɹəˈneɪd	A small bomb thrown by hand or launched from a rifle or launcher	freetalk
guitars	ɡɪˈtɑɹz	A musical instrument with a flat-backed sound box and six strings, played by plucking or strumming	freetalk
hamlet	ˈhæmlət	A small village	freetalk
helm	ˈhɛlm	A wheel or lever for steering a ship or boat	freetalk
herbs	ˈɝbz	A plant or plant part valued for its medicinal, savory, or aromatic qualities	freetalk
highlands	ˈhaɪləndz	An area of high or mountainous land	freetalk
hooks	ˈhʊks	A curved or angular piece of metal or other hard substance for catching, pulling, holding, or suspending something	freetalk
html	ˌeɪtʃˌtiˌɛˈmɛl	Hypertext Markup Language: a standardized system for tagging text files to achieve font, color, graphic, and hyperlink effects on World Wide Web pages	freetalk
hugely	ˈhjudʒli	To a great extent; very much	freetalk
hypocrisy	hɪˈpɑkɹəsi	The practice of claiming to have moral standards or beliefs to which one's own behavior does not conform	freetalk
imagining	ˌɪˈmædʒənɪŋ	Form a mental image or concept of	freetalk
inaccurate	ˌɪˈnækjɝət	Not accurate; incorrect	freetalk
inception	ˌɪnˈsɛpʃən	The beginning or start of something	freetalk
incompetent	ˌɪnˈkɑmpətənt	Not having the necessary skills or abilities to do something successfully	freetalk
indefinitely	ˌɪnˈdɛfənətli	For an unlimited or unspecified period of time	freetalk
intervene	ˌɪntɝˈvin	To come between disputing people, groups, etc	freetalk
japan's	dʒəˈpænz	Belonging to or relating to japan	shadowline
jerseys	ˈdʒɝziz	A type of knitted garment typically made of wool or cotton, with long sleeves and a high collar, worn by athletes	freetalk
kin	ˈkɪn	A person's relatives	freetalk
kris	ˈkɹɪs	A traditional Malay dagger with a wavy blade	freetalk
legislators	ˈlɛdʒəˌsleɪtɝz	A person who makes laws	freetalk
lobster	ˈlɑbstɝ	A large marine crustacean with a hard shell, long antennae, and claws	freetalk
logged	ˈlɔɡd	Record of events or activities	freetalk
loneliness	ˈloʊnlinəs	The state of being alone or solitary	freetalk
loops	ˈlups	A shape produced by a curve that bends around and crosses itself	freetalk
mae	ˈmeɪ	The female parent of an animal	freetalk
malaria	məˈlɛɹiə	A disease caused by a parasite transmitted by mosquitoes, characterized by fever and chills	freetalk
manifesto	ˌmænəˈfɛˌstoʊ	A public declaration of intentions, opinions, objectives, or motives	freetalk
manuscripts	ˈmænjəˌskɹɪpts	A handwritten or typed document, especially a historical or literary text	freetalk
masked	ˈmæskt	Concealed or covered by a mask	freetalk
maze	ˈmeɪz	A confusing network of paths or passages	freetalk
methodist	ˈmɛθədəst	A person who follows or advocates a particular method	freetalk
monastery	ˈmɑnəˌstɛɹi	A building or buildings occupied by a community of monks living under religious vows	freetalk
morals	ˈmɔɹəlz	Principles or habits with respect to right or wrong conduct	freetalk
mutations	mjuˈteɪʃənz	The action or process of mutating	freetalk
narrowly	ˈnɛɹoʊli	In a way that is limited in extent, amount, or scope	freetalk
negligence	ˈnɛɡlədʒəns	Failure to take proper care or precaution	freetalk
nexus	ˈnɛksəs	A connection or link between things	freetalk
nicer	ˈnaɪsɝ	Pleasant or agreeable	freetalk
nightclub	ˈnaɪtˌklʌb	A place of entertainment open at night for drinking, dancing, and socializing	freetalk
numerical	nuˈmɛɹəkəl	Of or relating to numbers	freetalk
obsolete	ˈɑbsəˌlit	No longer in use or no longer useful	freetalk
optic	ˈɑptɪk	Of or relating to the eye or vision	freetalk
panda	ˈpændə	A large bear-like mammal with distinctive black and white markings, native to China	freetalk
panther	ˈpænθɝ	A large wild cat with a black coat and distinctive markings	freetalk
paul's	ˈpɔlz	Belonging to or relating to paul	shadowline
peas	ˈpiz	A spherical green seed eaten as a vegetable	freetalk
posture	ˈpɑstʃɝ	The position of the body or the way in which someone holds themselves	freetalk
preseason	ˌpɹiˈsizən	The period of time before the regular season begins in sports	freetalk
raging	ˈɹeɪdʒɪŋ	Violently angry or intense in emotion	freetalk
receptors	ɹəˈsɛptɝz	A cell or group of cells that receive stimuli	freetalk
refresh	ɹɪˈfɹɛʃ	Give new strength or energy to	freetalk
resonance	ˈɹɛzənəns	The quality in a sound of being deep, full, and reverberating	freetalk
ruthless	ˈɹuθləs	Having or showing no pity or compassion; merciless	freetalk
salvage	ˈsælvədʒ	To save or rescue something from destruction or loss	freetalk
samurai	ˈsæmʊˌɹaɪ	A member of a powerful military caste in feudal Japan	freetalk
satire	ˈsæˌtaɪɝ	The use of humor, irony, exaggeration, or ridicule to criticize or mock someone or something	freetalk
saul	ˈsɔl	A sudden loud noise or cry	freetalk
seafood	ˈsiˌfud	Food from the sea, especially fish or shellfish, served as a meal	freetalk
shakes	ˈʃeɪks	To move quickly back and forth or up and down	freetalk
signaling	ˈsɪɡnəlɪŋ	An action or gesture used to convey information or instructions	freetalk
simplest	ˈsɪmpləst	Easily understood or done; presenting no difficulty	freetalk
slash	ˈslæʃ	To cut with a sharp implement	freetalk
spaghetti	spəˈɡɛti	Long, thin, cylindrical pasta	freetalk
speedy	ˈspiˌdi	Moving or capable of moving quickly	freetalk
spying	ˈspaɪɪŋ	To secretly collect and report information about the activities, movements, or plans of an individual or organization	freetalk
staging	ˈsteɪdʒɪŋ	The act, process, or manner of presenting a play or performance	freetalk
standpoint	ˈstændˌpɔɪnt	A position or attitude from which something is considered or evaluated	freetalk
statues	ˈstæˌtʃuz	A carved or cast figure of a person or animal, especially one that is life-size or larger, made from marble, bronze, or other material	freetalk
stein	ˈstaɪn	A large beer mug, typically made of stoneware or glass	freetalk
sway	ˈsweɪ	To move or swing back and forth	freetalk
tasting	ˈteɪstɪŋ	The act of perceiving the flavor of something by taking it into the mouth and allowing the taste buds to react to it	freetalk
tempting	ˈtɛmptɪŋ	Attractive or appealing	freetalk
terminate	ˈtɝməˌneɪt	To bring to an end	freetalk
torque	ˈtɔɹk	A twisting force that tends to cause rotation	freetalk
towels	ˈtaʊəlz	A piece of absorbent cloth or paper used for drying or wiping	freetalk
trailers	ˈtɹeɪlɝz	A vehicle towed behind another vehicle for transporting goods or people	freetalk
transforming	tɹænsˈfɔɹmɪŋ	Make a thorough or dramatic change in the form, appearance, or character of	freetalk
unconstitutional	ˌʌnˌkɑnstəˈtuʃənəl	Not in accordance with the constitution	freetalk
undermine	ˈʌndɝˌmaɪn	To weaken or damage the base or foundation of something	freetalk
underwent	ˌʌndɝˈwɛnt	Past tense of undergo	freetalk
vacancy	ˈveɪkənsi	A space that is empty or unoccupied	freetalk
veto	ˈviˌtoʊ	A constitutional right to reject a decision or proposal made by a law-making body	freetalk
villains	ˈvɪlənz	A cruelly malicious person who is involved in or devoted to wickedness or crime	freetalk
vocational	voʊˈkeɪʃənəl	Relating to or involving work or a job	freetalk
wickets	ˈwɪkəts	A small door or gate, especially one forming part of a larger door or gate	freetalk
withstand	wɪθˈstænd	To remain undamaged or unaffected by something	freetalk
woodland	ˈwʊdˌlænd	Land covered with trees and shrubs	freetalk
zinc	ˈzɪŋk	A bluish-white metallic element that is used in alloys and as a protective coating for iron and steel	freetalk
accustomed	əˈkʌstəmd	Familiar with something through experience or repetition	freetalk
adequately	ˈædəkwətli	Sufficiently; enough	freetalk
amazingly	əˈmeɪzɪŋli	In a way that causes great surprise or wonder	freetalk
ambitions	æmˈbɪʃənz	A strong desire to achieve something	freetalk
applicant	ˈæplɪkənt	a person who applies for a job or position	freetalk
approximate	əˈpɹɑksəmət	Close to the actual, but not completely accurate	freetalk
assemble	əˈsɛmbəl	To gather together in one place	freetalk
averages	ˈævɹɪdʒɪz	A number expressing the central or typical value in a set of data	freetalk
ballots	ˈbæləts	A piece of paper or card used to cast a vote	freetalk
bam	ˈbæm	A sudden loud noise, as of an explosion or a shot	freetalk
bargaining	ˈbɑɹɡɪnɪŋ	Negotiating the terms of a transaction or agreement	freetalk
bates	ˈbeɪts	To lessen or diminish in intensity or amount	freetalk
baton	bəˈtɑn	A thin stick used by a conductor to direct an orchestra	freetalk
beginnings	bɪˈɡɪnɪŋz	The point in time or space at which something starts	freetalk
births	ˈbɝθs	The emergence of a baby or other young from the body of its mother	freetalk
breakup	ˈbɹeɪˌkʌp	The end of a relationship	freetalk
brew	ˈbɹu	To make beer or tea by soaking, boiling, and fermenting ingredients	freetalk
bulldogs	ˈbʊlˌdɔɡz	A breed of dog known for its muscular build and wrinkled face	freetalk
camel	ˈkæməl	A large, long-necked mammal with a humped back, used as a beast of burden in desert regions	freetalk
catering	ˈkeɪtɝɪŋ	The business of providing food and drink for a social event or gathering	freetalk
charger	ˈtʃɑɹdʒɝ	A device used to charge a battery or electronic device	freetalk
checkout	ˈtʃɛˌkaʊt	The process of paying for goods at a store	freetalk
chefs	ˈʃɛfs	A professional cook	freetalk
chronicles	ˈkɹɑnɪkəlz	A factual written account of important or historical events in the order of their occurrence	freetalk
chunk	ˈtʃʌŋk	A thick, solid piece of something	freetalk
classmates	ˈklæˌsmeɪts	A person who is in the same class or school as another	freetalk
cocoa	ˈkoʊkoʊ	A powder made from roasted, husked, and ground cacao seeds, from which much of the fat has been removed	freetalk
comet	ˈkɑmət	A celestial object consisting of a nucleus of ice and dust that orbits the sun and develops a tail when it approaches the sun	freetalk
compartment	kəmˈpɑɹtmənt	A separate section or part of something	freetalk
compositions	ˌkɑmpəˈzɪʃənz	The act of composing or creating something	freetalk
conditioned	kənˈdɪʃənd	In a specified state or condition, typically as a result of previous training or circumstances	freetalk
contestants	kənˈtɛstənts	A person who takes part in a competition or contest	freetalk
cooled	ˈkuld	Become cooler in temperature	freetalk
corpus	ˈkɔɹpəs	A collection of written or spoken material	freetalk
coupons	ˈkuˌpɔnz	A voucher entitling the holder to a discount off a particular product	freetalk
cove	ˈkoʊv	A small sheltered bay or inlet	freetalk
cozy	ˈkoʊzi	Giving a feeling of comfort, warmth, and relaxation	freetalk
culturally	ˈkʌltʃɝəˌli	Relating to the ideas, customs, and social behavior of a society	freetalk
currents	ˈkɝənts	A flow of water or air in a certain direction	freetalk
deficiency	dɪˈfɪʃənsi	A lack or shortage of something	freetalk
deported	dɪˈpɔɹtəd	To expel from a country	freetalk
deposited	dəˈpɑzɪtɪd	To put or set down, especially carefully or orderly	freetalk
derivatives	dɝˈɪvətɪvz	Something that is based on another source	freetalk
deserted	dɪˈzɝtɪd	Abandoned or forsaken	freetalk
dictatorship	dɪkˈteɪtɝˌʃɪp	A form of government in which a single ruler has absolute power	freetalk
disrespectful	ˌdɪsɹɪˈspɛktfəl	Showing a lack of respect or courtesy towards others	freetalk
dread	ˈdɹɛd	Anticipate with great apprehension or fear	freetalk
dub	ˈdʌb	To give a name or nickname to someone or something	freetalk
dummy	ˈdʌmi	A person who is not intelligent or who does not have the ability to think, speak, or act normally	freetalk
electorate	ɪˈlɛktɝət	All the people in a country or area who are entitled to vote in an election	freetalk
enhancing	ɛnˈhænsɪŋ	Intensifying or improving the quality or value of something	freetalk
entertained	ˌɛntɝˈteɪnd	Provided amusement or enjoyment for (someone)	freetalk
erosion	ɪˈɹoʊʒən	The process of wearing away or being worn away by natural forces, such as water or wind	freetalk
explores	ɪkˈsplɔɹz	To search or travel through (a place) for the purpose of discovery	freetalk
expo	ˈɛkspoʊ	A large-scale public exhibition or show, especially one held to promote new products or services	freetalk
fibers	ˈfaɪbɝz	A thread or filament from which a vegetable tissue, mineral substance, or textile is formed	freetalk
flank	ˈflæŋk	The side of a person's or animal's body between the ribs and the hip	freetalk
flare	ˈflɛɹ	A sudden brief burst of bright flame or light	freetalk
fleeing	ˈfliɪŋ	To run away quickly	freetalk
flirting	ˈflɝtɪŋ	Behave as though attracted to or trying to attract someone, but for amusement rather than with serious intentions	freetalk
forex	ˈfɔɹɛks	The foreign exchange market where currencies are traded	freetalk
gallons	ˈɡælənz	A unit of volume equal to eight pints or 231 cubic inches	freetalk
gamers	ˈɡeɪmɝz	A person who plays video games	freetalk
generators	ˈdʒɛnɝˌeɪtɝz	A machine that produces electrical power	freetalk
gus	ˈɡʌs	A sudden burst of wind	freetalk
handmade	ˈhændˈmeɪd	Made by hand, not by machine	freetalk
hazards	ˈhæzɝdz	A danger or risk	freetalk
hostages	ˈhɑstədʒəz	A person held captive by an enemy or criminal	freetalk
incidence	ˈɪnsədəns	The occurrence, rate, or frequency of something	freetalk
intimacy	ˈɪntəməsi	Close familiarity or friendship; closeness	freetalk
kat	ˈkæt	A small domesticated carnivorous mammal with soft fur, a short snout, and retractile claws	freetalk
kitten	ˈkɪtən	A young cat	freetalk
knicks	ˈnɪks	A small cut or notch in a surface	freetalk
lender	ˈlɛndɝ	One that lends, especially money	freetalk
leone	liˈoʊn	A lion	freetalk
lever	ˈlɛvɝ	A rigid bar that is used to lift or move objects by pivoting on a fulcrum	freetalk
marketed	ˈmɑɹkətəd	To promote or sell a product or service	freetalk
mileage	ˈmaɪlədʒ	The number of miles traveled by a vehicle	freetalk
multiplayer	ˈmʌltiˌpleɪɝ	Involving or designed for more than one player	freetalk
municipalities	ˌmjunɪsəˈpælɪtiz	A city or town that has corporate status and local government	freetalk
mutant	ˈmjutənt	An organism or cell that has undergone a genetic change resulting in a new characteristic	freetalk
mutation	mjuˈteɪʃən	The act or process of changing in form or nature	freetalk
mythology	məˈθɑləˌdʒi	A collection of myths, especially one belonging to a particular religious or cultural tradition	freetalk
neal	ˈnil	To make something or someone clean or pure by washing or wiping	freetalk
neon	ˈniɑn	A colorless, odorless, inert gaseous element	freetalk
northeastern	ˌnɔɹˈθistɝn	Of, relating to, or characteristic of the northeast	freetalk
noticing	ˈnoʊtɪsɪŋ	To become aware of; observe	freetalk
